{
    "quadratic": {
        "poverty": {
            "FGT2": 0.0,
            "Watt": "0",
            "HC": 0.0,
            "PG": 0.0,
            "elasticity": {
                "HC_wrt_mean_C": 0.0,
                "PG_wrt_Gini": 0.0,
                "PG_wrt_mean_C": 0.0,
                "FGT2_wrt_Gini": 0.0,
                "FGT2_wrt_mean_C": 0.0,
                "HC_wrt_Gini": 0.0
            },
            "line_month_ppp": 57.7917
        },
        "reg": {
            "RMSE": 0.001087292,
            "SST": 0.05770506,
            "R2": 0.9998771,
            "params": {
                "B": {
                    "coef": -0.904779,
                    "t": -22.5705,
                    "se": 0.040087
                },
                "A": {
                    "coef": 1.01359,
                    "se": 0.0091062,
                    "t": 111.308
                },
                "C": {
                    "coef": 0.169761,
                    "se": 0.015255,
                    "t": 11.1284
                }
            },
            "ymean": 0.1529598,
            "MSE": 1.182205e-06,
            "SSE": 7.093229e-06
        },
        "summary": {
            "lorenz_validity": "Valid",
            "sse_up_to_hcindex": 1.71085e-06,
            "mean_month_ppp": 662.76,
            "Z": {
                "low": 92.941,
                "high": 2466.94
            },
            "poverty_normality": "Normal",
            "sse_fitted": 6.29777e-06
        },
        "dist": {
            "polarization": 37.2899,
            "MLD": 0.291847,
            "median_ppp": 506.787051812689,
            "Gini": 40.8309,
            "mean_corrected_is_ppp": "(PPP$)",
            "median": 183.063,
            "mean_poor50_is_ppp": "(PPP$)",
            "median_is_ppp": "(PPP$)",
            "mean_poor50": 107.521,
            "mean_corrected": 141.653,
            "deciles": [
                2.00986,
                3.28644,
                4.49299,
                5.69786,
                6.9689,
                8.39456,
                10.1225,
                12.468,
                16.3836,
                30.1754
            ]
        }
    },
    "beta": {
        "poverty": {
            "FGT2": 0.207728,
            "Watt": "0.00101943",
            "HC": 0.537089,
            "PG": 0.23599,
            "elasticity": {
                "HC_wrt_mean_C": -2.20297,
                "PG_wrt_Gini": 24.8243,
                "PG_wrt_mean_C": -1.2759,
                "FGT2_wrt_Gini": 25.7846,
                "FGT2_wrt_mean_C": -0.272102,
                "HC_wrt_Gini": 23.0609
            },
            "line_month_ppp": 57.7917
        },
        "implied": {
            "gamma": 0.962665,
            "delta": 0.5452154,
            "theta": 0.7848013
        },
        "summary": {
            "lorenz_validity": "Valid",
            "sse_up_to_hcindex": 2.10314e-07,
            "mean_month_ppp": 662.76,
            "Z": {
                "low": 19.4491,
                "high": 2247.18
            },
            "poverty_normality": "Normal",
            "sse_fitted": 2.2268e-05
        },
        "dist": {
            "polarization": -116.838,
            "MLD": 0.298166,
            "median_is_ppp": "(PPP$)",
            "Gini": 40.9679,
            "mean_corrected_is_ppp": "(PPP$)",
            "median": 184.246,
            "mean_poor50_is_ppp": "(PPP$)",
            "median_ppp": 510.062364066935,
            "mean_poor50": 107.273,
            "mean_corrected": 141.325,
            "deciles": [
                1.92492,
                3.31636,
                4.48434,
                5.68649,
                6.99213,
                8.47313,
                10.2451,
                12.5519,
                16.1189,
                30.2067
            ]
        },
        "reg": {
            "RMSE": 0.008112703,
            "SST": 1.399198,
            "R2": 0.9997178,
            "params": {
                "B": {
                    "coef": 0.962665,
                    "t": 129.46,
                    "se": 0.007436
                },
                "A": {
                    "coef": -0.242325,
                    "se": 0.012857,
                    "t": -18.8483
                },
                "C": {
                    "coef": 0.545215,
                    "se": 0.007436,
                    "t": 73.3212
                }
            },
            "ymean": -1.569501,
            "MSE": 6.581595e-05,
            "SSE": 0.0003948957
        }
    },
    "dist": {
        "polarization": 37.2899,
        "uses": "GQ",
        "median": 183.063,
        "mean_poor50_is_ppp": "(PPP$)",
        "deciles": [
            2.00986,
            3.28644,
            4.49299,
            5.69786,
            6.9689,
            8.39456,
            10.1225,
            12.468,
            16.3836,
            30.1754
        ],
        "MLD": 0.291847,
        "mean_poor50": 107.521,
        "uses_commentary": "(Both are valid, but GQ fits better)",
        "mean_corrected_is_ppp": "(PPP$)",
        "median_ppp": 506.787051812689,
        "mean_corrected": -0.361222,
        "median_is_ppp": "(PPP$)",
        "Gini": 40.8309
    },
    "summary": {
        "lorenz_validity": "Valid",
        "sse_up_to_hcindex": 2.10314e-07,
        "mean_month_ppp": 662.76,
        "Z": {
            "low": 92.941,
            "high": 2466.94
        },
        "poverty_normality": "Normal",
        "sse_fitted": 6.29777e-06
    },
    "lorenz": {
        "L": [
            0.01879057,
            0.05278442,
            0.09839426,
            0.1556201,
            0.2248036,
            0.3081654,
            0.4089511,
            0.533823,
            0.6998633,
            1.0
        ],
        "p": [
            0.1,
            0.2,
            0.3,
            0.4,
            0.5,
            0.6,
            0.7,
            0.8,
            0.9,
            1.0
        ],
        "index": [
            1,
            2,
            3,
            4,
            5,
            6,
            7,
            8,
            9,
            10
        ]
    },
    "dataset": {
        "timespan": "UnDefined",
        "coverage": "Urban",
        "measure": "Income",
        "format": "Grouped",
        "source": "ARG_U1980Y",
        "country": "Argentina",
        "year": 1980,
        "iso3c": "ARG"
    },
    "poverty": {
        "FGT2": 0.207728,
        "uses": "GQ",
        "uses_commentary": "(Both are valid and normal, but GQ fits better.)",
        "HC": 0.537089,
        "PG": 0.23599,
        "Watt": "0.00101943",
        "elasticity": {
            "HC_wrt_Gini": 23.0609,
            "HC_wrt_mean_C": -2.20297,
            "PG_wrt_mean_C": -1.2759,
            "FGT2_wrt_Gini": 25.7846,
            "FGT2_wrt_mean_C": -0.272102,
            "PG_wrt_Gini": 24.8243
        },
        "line_month_ppp": 57.7917
    }
}