{
    "summary": {
        "sse_up_to_hcindex": 3.45807e-06,
        "Z": {
            "high": 2803.35,
            "low": 80.6549
        },
        "lorenz_validity": "Valid",
        "poverty_normality": "Normal",
        "sse_fitted": 2.63435e-05,
        "mean_ppp": 676.471
    },
    "poverty": {
        "HC": 0.0,
        "PG": 0.0,
        "Watt": "0",
        "uses_commentary": "(Beta is invalid.)",
        "elasticity": {
            "FGT2_wrt_Gini": 0.0,
            "HC_wrt_Gini": 0.0,
            "PG_wrt_Gini": 0.0,
            "PG_wrt_mean_C": 0.0,
            "HC_wrt_mean_C": 0.0,
            "FGT2_wrt_mean_C": 0.0
        },
        "uses": "GQ",
        "line_month_ppp": 57.7917,
        "FGT2": 0.0
    },
    "lorenz": {
        "index": [
            1,
            2,
            3,
            4,
            5,
            6,
            7,
            8,
            9,
            10,
            11,
            12,
            13,
            14,
            15,
            16,
            17,
            18,
            19,
            20
        ],
        "p": [
            0.05030503,
            0.1028103,
            0.150315,
            0.2024202,
            0.250025,
            0.3008301,
            0.350235,
            0.40034,
            0.4670467,
            0.50045,
            0.5515552,
            0.60036,
            0.6637664,
            0.70027,
            0.750175,
            0.8022802,
            0.8536854,
            0.90009,
            0.950195,
            1.0
        ],
        "L": [
            0.005329718,
            0.01628812,
            0.02926079,
            0.04663944,
            0.0650898,
            0.08733727,
            0.1115672,
            0.1390806,
            0.1801944,
            0.2026157,
            0.2400761,
            0.2798298,
            0.3379177,
            0.3749178,
            0.4309606,
            0.4971927,
            0.5742299,
            0.6575729,
            0.7729822,
            1.0
        ]
    },
    "dist": {
        "mean_corrected": -0.361222,
        "uses_commentary": "(Beta lorenz curves is invalid)",
        "MLD": 0.362684,
        "uses": "GQ",
        "median_is_ppp": "(PPP$)",
        "polarization": 40.5829,
        "mean_corrected_is_ppp": "(PPP$)",
        "Gini": 45.2769,
        "deciles": [
            1.72547,
            2.88431,
            4.01202,
            5.16412,
            6.40251,
            7.81456,
            9.55294,
            11.9537,
            16.0659,
            34.4245
        ],
        "mean_poor50_is_ppp": "(PPP$)",
        "mean_poor50": 98.6633,
        "median": 172.762,
        "median_ppp": 478.270735749569
    },
    "beta": {
        "implied": {
            "gamma": 0.9649745,
            "delta": 0.4849009,
            "theta": 0.8163701
        },
        "reg": {
            "MSE": 0.0001032192,
            "params": {
                "A": {
                    "se": 0.0047792,
                    "coef": 0.484901,
                    "t": 101.461
                }
            },
            "ymean": -1.541372,
            "SST": 5.011313,
            "R2": 0.9996704,
            "SSE": 0.001651508,
            "RMSE": 0.01015969
        },
        "summary": {
            "sse_up_to_hcindex": 2.5136e-07,
            "Z": {
                "high": 2562.44,
                "low": 2.3622
            },
            "lorenz_validity": "Invalid",
            "poverty_normality": "Normal",
            "sse_fitted": 9.22625e-05,
            "mean_ppp": 676.471
        },
        "poverty": {
            "HC": 1.04738,
            "PG": 0.469111,
            "Watt": "0.00220696",
            "elasticity": {
                "FGT2_wrt_Gini": 26.5973,
                "HC_wrt_Gini": 21.9482,
                "PG_wrt_Gini": 24.9016,
                "PG_wrt_mean_C": -1.23269,
                "HC_wrt_mean_C": -2.05021,
                "FGT2_wrt_mean_C": -0.297666
            },
            "line_month_ppp": 57.7917,
            "FGT2": 0.408337
        }
    },
    "dataset": {
        "source": "ARG_U1987Y",
        "coverage": "Urban",
        "format": "Grouped",
        "measure": "Income",
        "country": "Argentina",
        "year": 1987,
        "iso3c": "ARG",
        "timespan": "UnDefined"
    },
    "quadratic": {
        "dist": {
            "mean_corrected_is_ppp": "(PPP$)",
            "mean_corrected": 133.719,
            "median_ppp": 478.270735749569,
            "deciles": [
                1.72547,
                2.88431,
                4.01202,
                5.16412,
                6.40251,
                7.81456,
                9.55294,
                11.9537,
                16.0659,
                34.4245
            ],
            "Gini": 45.2769,
            "MLD": 0.362684,
            "mean_poor50_is_ppp": "(PPP$)",
            "median_is_ppp": "(PPP$)",
            "polarization": 40.5829,
            "median": 172.762,
            "mean_poor50": 98.6633
        },
        "reg": {
            "params": {
                "C": {
                    "se": 0.010637,
                    "coef": 0.153736,
                    "t": 14.4532
                },
                "A": {
                    "coef": 0.921159,
                    "se": 0.0061954,
                    "t": 148.684
                },
                "B": {
                    "se": 0.032642,
                    "coef": -0.703114,
                    "t": -21.54
                }
            },
            "MSE": 1.786032e-06,
            "RMSE": 0.001336425,
            "SST": 0.1313204,
            "R2": 0.9997824,
            "SSE": 2.857652e-05,
            "ymean": 0.1444903
        },
        "summary": {
            "sse_up_to_hcindex": 3.45807e-06,
            "Z": {
                "high": 2803.35,
                "low": 80.6549
            },
            "lorenz_validity": "Valid",
            "poverty_normality": "Normal",
            "sse_fitted": 2.63435e-05,
            "mean_ppp": 676.471
        },
        "poverty": {
            "HC": 0.0,
            "PG": 0.0,
            "Watt": "0",
            "elasticity": {
                "FGT2_wrt_Gini": 0.0,
                "HC_wrt_Gini": 0.0,
                "PG_wrt_Gini": 0.0,
                "PG_wrt_mean_C": 0.0,
                "HC_wrt_mean_C": 0.0,
                "FGT2_wrt_mean_C": 0.0
            },
            "line_month_ppp": 57.7917,
            "FGT2": 0.0
        }
    }
}