{
    "distribution": {
        "index": [
            1,
            2,
            3,
            4,
            5,
            6,
            7,
            8,
            9,
            10
        ],
        "L": [
            0.01879057,
            0.05278442,
            0.09839426,
            0.1556201,
            0.2248036,
            0.3081654,
            0.4089511,
            0.533823,
            0.6998633,
            1.0
        ],
        "p": [
            0.1,
            0.2,
            0.3,
            0.4,
            0.5,
            0.6,
            0.7,
            0.8,
            0.9,
            1.0
        ]
    },
    "deciles": [
        2.00986,
        3.28644,
        4.49299,
        5.69786,
        6.9689,
        8.39456,
        10.1225,
        12.468,
        16.3836,
        30.1754
    ],
    "elasticity": {
        "HC": {
            "Gini": 23.0609,
            "meancons": -2.20297
        },
        "PG": {
            "Gini": 24.8243,
            "meancons": -1.2759
        },
        "FGT2": {
            "Gini": 25.7846,
            "meancons": -0.272102
        }
    },
    "dist": {
        "MLD": 0.291847,
        "mean_corrected": -0.361222,
        "Gini": 40.8309,
        "mean_corrected_is_ppp": "(PPP$)",
        "uses_commentary": "(Both are valid, but GQ fits better)",
        "mean_poor50": 107.521,
        "polarization": 37.2899,
        "median_ppp": 506.787051812689,
        "median": 183.063,
        "uses": "GQ",
        "median_is_ppp": "(PPP$)",
        "mean_poor50_is_ppp": "(PPP$)"
    },
    "dataset": {
        "country": "Argentina",
        "timespan": "UnDefined",
        "year": 1980,
        "measure": "Income",
        "cc3": "ARG",
        "format": "Grouped",
        "coverage": "Urban",
        "source": "ARG_U1980Y"
    },
    "beta": {
        "reg": {
            "RMSE": 0.008112703,
            "SST": 1.399198,
            "SSE": 0.0003948957,
            "params": {
                "A": {
                    "coef": 0.545215,
                    "se": 0.007436,
                    "t": 73.3212
                }
            },
            "R2": 0.9997178,
            "MSE": 6.581595e-05,
            "ymean": -1.569501
        },
        "deciles": [
            1.92492,
            3.31636,
            4.48434,
            5.68649,
            6.99213,
            8.47313,
            10.2451,
            12.5519,
            16.1189,
            30.2067
        ],
        "elasticity": {
            "HC": {
                "Gini": 23.0609,
                "meancons": -2.20297
            },
            "PG": {
                "Gini": 24.8243,
                "meancons": -1.2759
            },
            "FGT2": {
                "Gini": 25.7846,
                "meancons": -0.272102
            }
        },
        "dist": {
            "MLD": 0.298166,
            "median": 184.246,
            "mean_corrected": 141.325,
            "Gini": 40.9679,
            "mean_corrected_is_ppp": "(PPP$)",
            "median_is_ppp": "(PPP$)",
            "mean_poor50_is_ppp": "(PPP$)",
            "polarization": -116.838,
            "mean_poor50": 107.273,
            "median_ppp": 510.062364066935
        },
        "poverty": {
            "HC": 0.537089,
            "line_month_ppp": 57.7917,
            "FGT2": 0.207728,
            "Watt": "0.00101943",
            "PG": 0.23599
        },
        "implied": {
            "theta": 0.7848013,
            "delta": 0.5452154,
            "gamma": 0.962665
        },
        "summary": {
            "Z": {
                "low": 19.4491,
                "high": 2247.18
            },
            "normality": "Normal",
            "mean_ppp": 662.76,
            "validity": "Valid",
            "sse": {
                "tohc": 2.10314e-07,
                "fitted": 2.2268e-05
            }
        }
    },
    "poverty": {
        "PG": 0.23599,
        "FGT2": 0.207728,
        "uses": "GQ",
        "uses_commentary": "(Both are valid and normal, but GQ fits better.)",
        "HC": 0.537089,
        "line_month_ppp": 57.7917,
        "Watt": "0.00101943"
    },
    "summary": {
        "Z": {
            "low": 92.941,
            "high": 2466.94
        },
        "sse": {
            "tohc": 2.10314e-07,
            "fitted": 6.29777e-06
        },
        "normality": "Normal",
        "mean_ppp": 662.76,
        "validity": "Valid"
    },
    "quadratic": {
        "reg": {
            "RMSE": 0.001087292,
            "SST": 0.05770506,
            "SSE": 7.093229e-06,
            "params": {
                "B": {
                    "se": 0.040087,
                    "coef": -0.904779,
                    "t": -22.5705
                },
                "C": {
                    "coef": 0.169761,
                    "se": 0.015255,
                    "t": 11.1284
                },
                "A": {
                    "coef": 1.01359,
                    "se": 0.0091062,
                    "t": 111.308
                }
            },
            "R2": 0.9998771,
            "MSE": 1.182205e-06,
            "ymean": 0.1529598
        },
        "deciles": [
            2.00986,
            3.28644,
            4.49299,
            5.69786,
            6.9689,
            8.39456,
            10.1225,
            12.468,
            16.3836,
            30.1754
        ],
        "elasticity": {
            "HC": {
                "Gini": 0.0,
                "meancons": 0.0
            },
            "PG": {
                "Gini": 0.0,
                "meancons": 0.0
            },
            "FGT2": {
                "Gini": 0.0,
                "meancons": 0.0
            }
        },
        "dist": {
            "MLD": 0.291847,
            "median": 183.063,
            "mean_corrected": 141.653,
            "Gini": 40.8309,
            "mean_corrected_is_ppp": "(PPP$)",
            "median_is_ppp": "(PPP$)",
            "mean_poor50_is_ppp": "(PPP$)",
            "polarization": 37.2899,
            "mean_poor50": 107.521,
            "median_ppp": 506.787051812689
        },
        "poverty": {
            "HC": 0.0,
            "line_month_ppp": 57.7917,
            "Watt": "0",
            "FGT2": 0.0,
            "PG": 0.0
        },
        "summary": {
            "Z": {
                "low": 92.941,
                "high": 2466.94
            },
            "sse": {
                "tohc": 1.71085e-06,
                "fitted": 6.29777e-06
            },
            "normality": "Normal",
            "mean_ppp": 662.76,
            "validity": "Valid"
        }
    }
}