{
    "distribution": {
        "index": [
            0,
            1,
            2,
            3,
            4,
            5,
            6,
            7,
            8,
            9,
            10,
            11,
            12,
            13,
            14,
            15,
            16,
            17,
            18,
            19
        ],
        "L": [
            0.0092059,
            0.02717,
            0.049318,
            0.074754,
            0.103,
            0.13348,
            0.16626,
            0.20089,
            0.23787,
            0.27768,
            0.3209,
            0.3671,
            0.41682,
            0.47125,
            0.53085,
            0.59762,
            0.6721,
            0.7572,
            0.85754,
            1.0
        ],
        "p": [
            0.05023,
            0.10013,
            0.15018,
            0.20007,
            0.25007,
            0.30003,
            0.35031,
            0.4002,
            0.4502,
            0.5001,
            0.55021,
            0.6001,
            0.6501,
            0.70023,
            0.75007,
            0.80008,
            0.85021,
            0.90006,
            0.95008,
            1.0
        ]
    },
    "deciles": [
        2.7123,
        4.7596,
        5.8748,
        6.7287,
        7.6848,
        8.94,
        10.4,
        12.651,
        15.959,
        24.29
    ],
    "pop": {
        "N": 300,
        "max": 2462.04,
        "wealth": 42587.7,
        "pop": 100.001,
        "min": 1.48954
    },
    "dist": {
        "MLD": 0.201843,
        "Gini": 0.324978,
        "median_ppp": 889.776
    },
    "dataset": {
        "country": "Australia",
        "timespan": "UnDefined",
        "year": 1985,
        "measure": "Income",
        "format": "Unit record",
        "cc3": "AUS",
        "coverage": "National",
        "source": "AUS_N1985Y"
    },
    "estimation": {
        "min_is_ppp": "(PPP$)",
        "max_is_ppp": "(PPP$)",
        "wealth_is_ppp": "(PPP$)"
    },
    "poverty": {
        "PG": 0.00575372,
        "line_month_lcu": 34.8668,
        "line_day_ppp": 1.9,
        "HC": 0.0100099,
        "line_month_ppp": 57.7917,
        "FGT2": 0.00413727,
        "Watt": 0.0127461
    },
    "summary": {
        "ppp": 1.52664,
        "mean_ppp": 1077.63,
        "mean_lcu": 650.154
    }
}