{
    "sample": {
        "effective_pop_wealth_is_ppp": "(PPP$)",
        "month_min_is_ppp": "(PPP$)",
        "effective_pop_N": 100.005,
        "N": 300,
        "effective_pop_wealth": 153798.0,
        "month_max_is_ppp": "(PPP$)",
        "month_min": -337.918,
        "month_max": 14084.4
    },
    "dataset": {
        "iso3c": "AUS",
        "country": "Australia",
        "timespan": "UnDefined",
        "format": "Unit record",
        "measure": "Income",
        "source": "AUS_N2008Y",
        "coverage": "National",
        "year": 2008
    },
    "dist": {
        "MLD": 0.237434,
        "deciles": [
            2.6729,
            4.4234,
            5.3441,
            6.2693,
            7.3605,
            8.5789,
            10.223,
            12.304,
            15.358,
            27.466
        ],
        "Gini": 0.356325,
        "median_ppp": 1311.14
    },
    "lorenz": {
        "index": [
            0,
            1,
            2,
            3,
            4,
            5,
            6,
            7,
            8,
            9,
            10,
            11,
            12,
            13,
            14,
            15,
            16,
            17,
            18,
            19
        ],
        "L": [
            0.0094117,
            0.026773,
            0.047779,
            0.070986,
            0.096981,
            0.1245,
            0.15462,
            0.18714,
            0.22261,
            0.261,
            0.30198,
            0.34662,
            0.39547,
            0.44886,
            0.50747,
            0.5719,
            0.6435,
            0.72556,
            0.82471,
            1.0
        ],
        "p": [
            0.050367,
            0.10013,
            0.15021,
            0.20005,
            0.25068,
            0.30017,
            0.35008,
            0.40007,
            0.45014,
            0.50039,
            0.55014,
            0.60014,
            0.65013,
            0.70013,
            0.75007,
            0.80011,
            0.85004,
            0.90014,
            0.95018,
            1.0
        ]
    },
    "poverty": {
        "HC": 0.00666967,
        "line_month_ppp": 57.7917,
        "PG": 0.0272358,
        "FGT2": 0.190015,
        "Watt": 0.00181564,
        "line_day_ppp": 1.9,
        "line_month_lcu": 81.5583
    },
    "summary": {
        "mean_month_ppp": 1663.65,
        "ppp": 1.52664,
        "mean_month_lcu": 2347.82
    }
}