{
    "distribution": {
        "index": [
            0,
            1,
            2,
            3,
            4,
            5,
            6,
            7,
            8,
            9,
            10,
            11,
            12,
            13,
            14,
            15,
            16,
            17,
            18,
            19
        ],
        "L": [
            0.0094613,
            0.025859,
            0.047388,
            0.07095,
            0.099188,
            0.12572,
            0.15639,
            0.18928,
            0.22486,
            0.26342,
            0.30545,
            0.35069,
            0.39996,
            0.45396,
            0.51316,
            0.57872,
            0.65164,
            0.73493,
            0.83541,
            1.0
        ],
        "p": [
            0.053317,
            0.10014,
            0.15073,
            0.20004,
            0.25365,
            0.30003,
            0.35011,
            0.40011,
            0.45004,
            0.50006,
            0.55023,
            0.60012,
            0.6501,
            0.7001,
            0.75007,
            0.80021,
            0.85009,
            0.90012,
            0.95015,
            1.0
        ]
    },
    "deciles": [
        2.5812,
        4.5119,
        5.4775,
        6.3499,
        7.417,
        8.7207,
        10.328,
        12.459,
        15.629,
        26.526
    ],
    "pop": {
        "N": 300,
        "max": 12183.0,
        "wealth": 160297.0,
        "pop": 100.005,
        "min": -241.724
    },
    "dist": {
        "MLD": 0.237684,
        "Gini": 0.349363,
        "median_ppp": 1329.87
    },
    "dataset": {
        "country": "Australia",
        "timespan": "UnDefined",
        "year": 2010,
        "measure": "Income",
        "format": "Unit record",
        "cc3": "AUS",
        "coverage": "National",
        "source": "AUS_N2010Y"
    },
    "estimation": {
        "min_is_ppp": "(PPP$)",
        "max_is_ppp": "(PPP$)",
        "wealth_is_ppp": "(PPP$)"
    },
    "poverty": {
        "PG": 0.0257314,
        "line_month_lcu": 85.4055,
        "line_day_ppp": 1.9,
        "HC": 0.00670966,
        "line_month_ppp": 57.7917,
        "FGT2": 0.130533,
        "Watt": 0.00217587
    },
    "summary": {
        "ppp": 1.52664,
        "mean_ppp": 1655.85,
        "mean_lcu": 2447.04
    }
}