{
    "summary": {
        "ppp": 1.52664,
        "mean_month_lcu": 1008.08,
        "mean_month_ppp": 1008.46
    },
    "poverty": {
        "HC": 0.0134188,
        "PG": 0.110023,
        "Watt": 0.00468162,
        "line_day_ppp": 1.9,
        "line_month_ppp": 57.7917,
        "line_month_lcu": 57.7699,
        "FGT2": 2.89632
    },
    "lorenz": {
        "index": [
            0,
            1,
            2,
            3,
            4,
            5,
            6,
            7,
            8,
            9,
            10,
            11,
            12,
            13,
            14,
            15,
            16,
            17,
            18,
            19
        ],
        "p": [
            0.050095,
            0.1001,
            0.15103,
            0.20019,
            0.25092,
            0.30017,
            0.35027,
            0.40041,
            0.45007,
            0.50338,
            0.55003,
            0.6004,
            0.65037,
            0.70112,
            0.75018,
            0.80017,
            0.85013,
            0.90053,
            0.95036,
            1.0
        ],
        "L": [
            0.0026408,
            0.02091,
            0.043336,
            0.068076,
            0.096534,
            0.12614,
            0.15871,
            0.19374,
            0.23085,
            0.27387,
            0.31438,
            0.36157,
            0.41228,
            0.4677,
            0.52644,
            0.59243,
            0.66664,
            0.75223,
            0.85227,
            1.0
        ]
    },
    "dist": {
        "MLD": 0.234557,
        "Gini": 0.337167,
        "deciles": [
            2.0873,
            4.7106,
            5.8056,
            6.7414,
            7.7687,
            9.0067,
            10.528,
            12.572,
            15.912,
            24.867
        ],
        "median_ppp": 840.239
    },
    "sample": {
        "month_max_is_ppp": "(PPP$)",
        "month_max": 4195.34,
        "effective_pop_wealth_is_ppp": "(PPP$)",
        "effective_pop_N": 100.009,
        "effective_pop_wealth": 66038.6,
        "month_min": -1073.41,
        "month_min_is_ppp": "(PPP$)",
        "N": 299
    },
    "dataset": {
        "source": "AUS_N1995Y",
        "coverage": "National",
        "format": "Unit record",
        "measure": "Income",
        "country": "Australia",
        "year": 1995,
        "iso3c": "AUS",
        "timespan": "UnDefined"
    }
}