{
    "beta": {
        "implied": {
            "theta": 0.4951871,
            "gamma": 0.8974747,
            "delta": 0.5866207
        },
        "reg": {
            "RMSE": 0.00966025,
            "R2": 0.9998754,
            "MSE": 9.332043e-05,
            "params": {
                "A": {
                    "se": 0.0035004,
                    "coef": 0.586621,
                    "t": 167.585
                }
            },
            "SST": 7.488945,
            "ymean": -2.484545,
            "SSE": 0.0009332043
        },
        "elasticity": {
            "PG": {
                "meancons": -3.01478,
                "Gini": 2.0532
            },
            "HC": {
                "meancons": -2.20598,
                "Gini": 0.578694
            },
            "FGT2": {
                "meancons": -3.46392,
                "Gini": 3.43335
            }
        },
        "dist": {
            "polarization": -148.25,
            "median_ppp": 2.54662,
            "mean_poor50_ppp": 1.84846,
            "MLD": 0.116595,
            "Gini": 25.996,
            "mean_corrected_ppp": 2.11766
        },
        "poverty": {
            "PG": 9.86224,
            "Watt": 0.125947,
            "HC": 39.5947,
            "FGT2": 3.60995,
            "line_month_ppp": 57.7917
        },
        "deciles": [
            4.10543,
            5.64721,
            6.61314,
            7.50968,
            8.42295,
            9.41107,
            10.5479,
            11.975,
            14.0973,
            21.6703
        ],
        "summary": {
            "mean_ppp": 72.9521,
            "sse": {
                "fitted": 1.09472e-05,
                "tohc": 5.79422e-06
            },
            "normality": "Normal",
            "validity": "Valid",
            "Z": {
                "low": 11.2066,
                "high": 170.538
            }
        }
    },
    "quadratic": {
        "reg": {
            "ymean": 0.1276252,
            "R2": 0.9999779,
            "MSE": 1.93969e-07,
            "params": {
                "C": {
                    "se": 0.0086083,
                    "coef": 0.140257,
                    "t": 16.2931
                },
                "A": {
                    "se": 0.004633,
                    "coef": 0.935057,
                    "t": 201.827
                },
                "B": {
                    "se": 0.011271,
                    "coef": -1.63063,
                    "t": -144.681
                }
            },
            "SST": 0.08765907,
            "RMSE": 0.0004404191,
            "SSE": 1.93969e-06
        },
        "elasticity": {
            "PG": {
                "meancons": -2.96424,
                "Gini": 2.03994
            },
            "HC": {
                "meancons": -2.34199,
                "Gini": 0.614374
            },
            "FGT2": {
                "meancons": -3.53339,
                "Gini": 3.45157
            }
        },
        "dist": {
            "polarization": 20.3966,
            "median_ppp": 2.55833,
            "MLD": 0.112144,
            "mean_poor50_ppp": 1.86017,
            "Gini": 25.8765,
            "mean_corrected_ppp": 2.12107
        },
        "poverty": {
            "PG": 9.70725,
            "Watt": 0.126809,
            "HC": 38.4819,
            "FGT2": 3.50861,
            "line_month_ppp": 57.7917
        },
        "deciles": [
            4.12656,
            5.58973,
            6.67922,
            7.6121,
            8.49529,
            9.40947,
            10.4512,
            11.7993,
            13.9715,
            21.8656
        ],
        "summary": {
            "mean_ppp": 72.9521,
            "sse": {
                "fitted": 8.33111e-06,
                "tohc": 4.97312e-06
            },
            "normality": "Normal",
            "validity": "Valid",
            "Z": {
                "low": 27.1797,
                "high": 183.506
            }
        }
    },
    "elasticity": {
        "PG": {
            "meancons": -2.96424,
            "Gini": 2.03994
        },
        "HC": {
            "meancons": -2.34199,
            "Gini": 0.614374
        },
        "FGT2": {
            "meancons": -3.53339,
            "Gini": 3.45157
        }
    },
    "dist": {
        "polarization": 20.3966,
        "uses_commentary": "(Both are valid and normal, but GQ fits better.)",
        "mean_poor50_ppp": 1.86017,
        "MLD": 0.112144,
        "uses": "GQ",
        "Gini": 25.8765,
        "median_ppp": 2.55833,
        "mean_corrected_ppp": -0.0392249
    },
    "poverty": {
        "PG": 9.70725,
        "line_month_ppp": 57.7917,
        "HC": 38.4819,
        "FGT2": 3.50861,
        "Watt": 0.126809
    },
    "deciles": [
        4.12656,
        5.58973,
        6.67922,
        7.6121,
        8.49529,
        9.40947,
        10.4512,
        11.7993,
        13.9715,
        21.8656
    ],
    "summary": {
        "mean_ppp": 72.9521,
        "sse": {
            "fitted": 8.33111e-06,
            "tohc": 4.97312e-06
        },
        "normality": "Normal",
        "validity": "Valid",
        "Z": {
            "low": 27.1797,
            "high": 183.506
        }
    },
    "dataset": {
        "country": "Bangladesh",
        "source": "BGD_N1983X",
        "timespan": "UnDefined",
        "coverage": "National",
        "year": 1983,
        "format": "Grouped",
        "measure": "Consumption",
        "cc3": "BGD"
    },
    "distribution": {
        "L": [
            0.003696292,
            0.01745711,
            0.03680176,
            0.07394661,
            0.126773,
            0.2788243,
            0.4350927,
            0.5671941,
            0.6813415,
            0.7621023,
            0.8153525,
            0.8784013,
            0.917698,
            1.0
        ],
        "index": [
            1,
            2,
            3,
            4,
            5,
            6,
            7,
            8,
            9,
            10,
            11,
            12,
            13,
            14
        ],
        "p": [
            0.0149,
            0.0508,
            0.0924,
            0.1605,
            0.2448,
            0.4463,
            0.617,
            0.739,
            0.8302,
            0.887,
            0.9205,
            0.9555,
            0.9738,
            1.0
        ]
    }
}