{
    "beta": {
        "implied": {
            "theta": 0.5548492,
            "gamma": 0.9462956,
            "delta": 0.5492271
        },
        "reg": {
            "RMSE": 0.02913442,
            "R2": 0.9982623,
            "MSE": 0.0008488147,
            "params": {
                "A": {
                    "se": 0.0068408,
                    "coef": 0.549227,
                    "t": 80.2868
                }
            },
            "SST": 5.861693,
            "ymean": -2.249114,
            "SSE": 0.01018578
        },
        "elasticity": {
            "PG": {
                "meancons": -2.79005,
                "Gini": 2.0056
            },
            "HC": {
                "meancons": -1.79073,
                "Gini": 0.475128
            },
            "FGT2": {
                "meancons": -3.5794,
                "Gini": 3.48036
            }
        },
        "dist": {
            "polarization": -146.994,
            "median_ppp": 2.4201,
            "mean_poor50_ppp": 1.73948,
            "MLD": 0.14147,
            "Gini": 29.1828,
            "mean_corrected_ppp": 2.03127
        },
        "poverty": {
            "PG": 11.808,
            "Watt": 0.148373,
            "HC": 44.7528,
            "FGT2": 4.23271,
            "line_month_ppp": 57.7917
        },
        "deciles": [
            4.07418,
            5.22253,
            6.10504,
            6.98819,
            7.9322,
            8.99164,
            10.2494,
            11.8769,
            14.3809,
            24.1791
        ],
        "summary": {
            "mean_ppp": 73.1254,
            "sse": {
                "fitted": 0.000134308,
                "tohc": 6.31766e-05
            },
            "normality": "Normal",
            "validity": "Valid",
            "Z": {
                "low": 21.5487,
                "high": 192.151
            }
        }
    },
    "quadratic": {
        "reg": {
            "ymean": 0.1422037,
            "R2": 0.9999605,
            "MSE": 2.891834e-07,
            "params": {
                "C": {
                    "se": 0.010855,
                    "coef": 0.216146,
                    "t": 19.912
                },
                "A": {
                    "se": 0.0068208,
                    "coef": 0.828495,
                    "t": 121.466
                },
                "B": {
                    "se": 0.016137,
                    "coef": -1.42707,
                    "t": -88.4338
                }
            },
            "SST": 0.08774804,
            "RMSE": 0.0005377578,
            "SSE": 3.470201e-06
        },
        "elasticity": {
            "PG": {
                "meancons": -2.90961,
                "Gini": 2.03733
            },
            "HC": {
                "meancons": -2.01384,
                "Gini": 0.534326
            },
            "FGT2": {
                "meancons": -3.69972,
                "Gini": 3.51229
            }
        },
        "dist": {
            "polarization": 22.5266,
            "median_ppp": 2.42723,
            "MLD": 0.13844,
            "mean_poor50_ppp": 1.76753,
            "Gini": 28.8465,
            "mean_corrected_ppp": 2.04092
        },
        "poverty": {
            "PG": 11.2278,
            "Watt": 0.143541,
            "HC": 43.8963,
            "FGT2": 3.93977,
            "line_month_ppp": 57.7917
        },
        "deciles": [
            4.16036,
            5.28501,
            6.2387,
            7.12225,
            8.00483,
            8.95521,
            10.0726,
            11.558,
            14.0208,
            24.5822
        ],
        "summary": {
            "mean_ppp": 73.1254,
            "sse": {
                "fitted": 1.42778e-05,
                "tohc": 5.64328e-06
            },
            "normality": "Normal",
            "validity": "Valid",
            "Z": {
                "low": 29.7,
                "high": 205.95
            }
        }
    },
    "elasticity": {
        "PG": {
            "meancons": -2.90961,
            "Gini": 2.03733
        },
        "HC": {
            "meancons": -2.01384,
            "Gini": 0.534326
        },
        "FGT2": {
            "meancons": -3.69972,
            "Gini": 3.51229
        }
    },
    "dist": {
        "polarization": 22.5266,
        "uses_commentary": "(Both are valid and normal, but GQ fits better.)",
        "mean_poor50_ppp": 1.76753,
        "MLD": 0.13844,
        "uses": "GQ",
        "Gini": 28.8465,
        "median_ppp": 2.42723,
        "mean_corrected_ppp": -0.0392249
    },
    "poverty": {
        "PG": 11.2278,
        "line_month_ppp": 57.7917,
        "HC": 43.8963,
        "FGT2": 3.93977,
        "Watt": 0.143541
    },
    "deciles": [
        4.16036,
        5.28501,
        6.2387,
        7.12225,
        8.00483,
        8.95521,
        10.0726,
        11.558,
        14.0208,
        24.5822
    ],
    "summary": {
        "mean_ppp": 73.1254,
        "sse": {
            "fitted": 1.42778e-05,
            "tohc": 5.64328e-06
        },
        "normality": "Normal",
        "validity": "Valid",
        "Z": {
            "low": 29.7,
            "high": 205.95
        }
    },
    "dataset": {
        "country": "Bangladesh",
        "source": "BGD_N1988X",
        "timespan": "UnDefined",
        "coverage": "National",
        "year": 1988,
        "format": "Grouped",
        "measure": "Consumption",
        "cc3": "BGD"
    },
    "distribution": {
        "L": [
            0.01923535,
            0.05890601,
            0.1306529,
            0.2205994,
            0.3248739,
            0.4162173,
            0.4982784,
            0.6216205,
            0.7153406,
            0.7748548,
            0.8262113,
            0.8568976,
            0.9028638,
            0.9313838,
            0.9692373,
            1.0
        ],
        "index": [
            1,
            2,
            3,
            4,
            5,
            6,
            7,
            8,
            9,
            10,
            11,
            12,
            13,
            14,
            15,
            16
        ],
        "p": [
            0.05447185,
            0.1364419,
            0.2589097,
            0.3887205,
            0.5190392,
            0.619841,
            0.7008097,
            0.8066596,
            0.8746826,
            0.9122112,
            0.9407266,
            0.9558875,
            0.9753694,
            0.9851681,
            0.9956443,
            1.0
        ]
    }
}