{
    "dist": {
        "mean_corrected": -0.0402428,
        "Gini": 28.8465,
        "polarization": 22.5266,
        "median_is_ppp": "(PPP$)",
        "poverty_uses_commentary": "(Both are valid and normal, but GQ fits better.)",
        "mean_poor50_is_ppp": "(PPP$)",
        "poverty_uses": "GQ",
        "MLD": 0.13844,
        "mean_poor50": 1.76753,
        "uses_commentary": "(Both are valid, but GQ fits better)",
        "deciles": [
            4.16036,
            5.28501,
            6.2387,
            7.12225,
            8.00483,
            8.95521,
            10.0726,
            11.558,
            14.0208,
            24.5822
        ],
        "HC": 46.1723,
        "mean_corrected_is_ppp": "(PPP$)",
        "median": 2.42723,
        "median_ppp": 60.314524421776,
        "FGT2": 4.32518,
        "Watt": "0.156357",
        "PG": 12.083,
        "elasticity": {
            "FGT2_wrt_Gini": 3.30363,
            "HC_wrt_Gini": 0.450861,
            "PG_wrt_mean_C": -2.82127,
            "FGT2_wrt_mean_C": -3.58727,
            "PG_wrt_Gini": 1.89159,
            "HC_wrt_mean_C": -1.93236
        },
        "uses": "GQ"
    },
    "beta": {
        "reg": {
            "ymean": -2.249114,
            "R2": 0.9982623,
            "SST": 5.861693,
            "RMSE": 0.02913442,
            "MSE": 0.0008488147,
            "params": {
                "C": {
                    "se": 0.0068408,
                    "t": 80.2868,
                    "coef": 0.549227
                },
                "A": {
                    "se": 0.021369,
                    "t": -27.566,
                    "coef": -0.589059
                },
                "B": {
                    "se": 0.013068,
                    "t": 72.413,
                    "coef": 0.946296
                }
            },
            "SSE": 0.01018578
        },
        "inputs": {
            "line_month_ppp": 57.7917
        },
        "dist": {
            "mean_corrected": 1.97989,
            "Gini": 29.1828,
            "polarization": -147.078,
            "PG": 12.6674,
            "elasticity": {
                "FGT2_wrt_Gini": 3.27599,
                "HC_wrt_Gini": 0.400082,
                "PG_wrt_mean_C": -2.69515,
                "FGT2_wrt_mean_C": -3.4688,
                "PG_wrt_Gini": 1.86216,
                "HC_wrt_mean_C": -1.71472
            },
            "median_is_ppp": "(PPP$)",
            "MLD": 0.14147,
            "HC": 46.8078,
            "mean_poor50": 1.69548,
            "deciles": [
                4.07418,
                5.22253,
                6.10504,
                6.98819,
                7.9322,
                8.99164,
                10.2494,
                11.8769,
                14.3809,
                24.1791
            ],
            "mean_corrected_is_ppp": "(PPP$)",
            "median": 2.35889,
            "Watt": "0.159602",
            "median_ppp": 60.1375240315963,
            "mean_poor50_is_ppp": "(PPP$)",
            "FGT2": 4.6326
        },
        "summary": {
            "Z": {
                "high": 187.19,
                "low": 21.1049
            },
            "lorenz_validity": "Valid",
            "sse_fitted": 0.000134308,
            "mean_month_ppp": 71.2757,
            "sse_up_to_hcindex": 6.31766e-05,
            "poverty_normality": "Normal"
        },
        "implied": {
            "gamma": 0.9462956,
            "theta": 0.5548492,
            "delta": 0.5492271
        }
    },
    "inputs": {
        "line_month_ppp": 57.7917
    },
    "dataset": {
        "coverage": "National",
        "iso3c": "BGD",
        "format": "Grouped",
        "year": 1988,
        "measure": "Consumption",
        "source": "BGD_N1988X",
        "country": "Bangladesh",
        "timespan": "UnDefined"
    },
    "lorenz": {
        "index": [
            1,
            2,
            3,
            4,
            5,
            6,
            7,
            8,
            9,
            10,
            11,
            12,
            13,
            14,
            15,
            16
        ],
        "p": [
            0.05447185,
            0.1364419,
            0.2589097,
            0.3887205,
            0.5190392,
            0.619841,
            0.7008097,
            0.8066596,
            0.8746826,
            0.9122112,
            0.9407266,
            0.9558875,
            0.9753694,
            0.9851681,
            0.9956443,
            1.0
        ],
        "L": [
            0.01923535,
            0.05890601,
            0.1306529,
            0.2205994,
            0.3248739,
            0.4162173,
            0.4982784,
            0.6216205,
            0.7153406,
            0.7748548,
            0.8262113,
            0.8568976,
            0.9028638,
            0.9313838,
            0.9692373,
            1.0
        ]
    },
    "summary": {
        "Z": {
            "high": 200.64,
            "low": 29.05
        },
        "poverty_normality": "Normal",
        "sse_fitted": 1.42778e-05,
        "mean_month_ppp": 71.2757,
        "lorenz_validity": "Valid",
        "sse_up_to_hcindex": 5.64328e-06
    },
    "quadratic": {
        "reg": {
            "ymean": 0.1422037,
            "R2": 0.9999605,
            "SST": 0.08774804,
            "RMSE": 0.0005377578,
            "MSE": 2.891834e-07,
            "params": {
                "C": {
                    "se": 0.010855,
                    "t": 19.912,
                    "coef": 0.216146
                },
                "A": {
                    "se": 0.0068208,
                    "t": 121.466,
                    "coef": 0.828495
                },
                "B": {
                    "se": 0.016137,
                    "t": -88.4338,
                    "coef": -1.42707
                }
            },
            "SSE": 3.470201e-06
        },
        "inputs": {
            "line_month_ppp": 57.7917
        },
        "dist": {
            "mean_corrected": 1.9893,
            "Gini": 28.8465,
            "polarization": 22.5266,
            "PG": 12.083,
            "elasticity": {
                "FGT2_wrt_Gini": 3.30363,
                "HC_wrt_Gini": 0.450861,
                "PG_wrt_mean_C": -2.82127,
                "FGT2_wrt_mean_C": -3.58727,
                "PG_wrt_Gini": 1.89159,
                "HC_wrt_mean_C": -1.93236
            },
            "median_is_ppp": "(PPP$)",
            "MLD": 0.13844,
            "HC": 46.1723,
            "mean_poor50": 1.72283,
            "deciles": [
                4.16036,
                5.28501,
                6.2387,
                7.12225,
                8.00483,
                8.95521,
                10.0726,
                11.558,
                14.0208,
                24.5822
            ],
            "mean_corrected_is_ppp": "(PPP$)",
            "median": 2.36583,
            "Watt": "0.156357",
            "median_ppp": 60.314524421776,
            "mean_poor50_is_ppp": "(PPP$)",
            "FGT2": 4.32518
        },
        "summary": {
            "Z": {
                "high": 200.64,
                "low": 29.05
            },
            "lorenz_validity": "Valid",
            "sse_fitted": 1.42778e-05,
            "mean_month_ppp": 71.2757,
            "sse_up_to_hcindex": 5.64328e-06,
            "poverty_normality": "Normal"
        }
    }
}