{
    "distribution": {
        "index": [
            1,
            2,
            3,
            4,
            5,
            6,
            7,
            8,
            9,
            10,
            11,
            12,
            13,
            14
        ],
        "L": [
            0.003696292,
            0.01745711,
            0.03680176,
            0.07394661,
            0.126773,
            0.2788243,
            0.4350927,
            0.5671941,
            0.6813415,
            0.7621023,
            0.8153525,
            0.8784013,
            0.917698,
            1.0
        ],
        "p": [
            0.0149,
            0.0508,
            0.0924,
            0.1605,
            0.2448,
            0.4463,
            0.617,
            0.739,
            0.8302,
            0.887,
            0.9205,
            0.9555,
            0.9738,
            1.0
        ]
    },
    "deciles": [
        4.12656,
        5.58973,
        6.67922,
        7.6121,
        8.49529,
        9.40947,
        10.4512,
        11.7993,
        13.9715,
        21.8656
    ],
    "elasticity": {
        "HC": {
            "Gini": 0.523356,
            "meancons": -2.27151
        },
        "PG": {
            "Gini": 1.89884,
            "meancons": -2.90121
        },
        "FGT2": {
            "Gini": 3.2567,
            "meancons": -3.45444
        }
    },
    "dist": {
        "MLD": 0.112144,
        "mean_corrected": -0.0402428,
        "Gini": 25.8765,
        "mean_corrected_is_ppp": "(PPP$)",
        "uses_commentary": "(Both are valid, but GQ fits better)",
        "mean_poor50": 1.86017,
        "polarization": 20.3966,
        "median_ppp": 63.572402071378,
        "median": 2.55833,
        "uses": "GQ",
        "median_is_ppp": "(PPP$)",
        "mean_poor50_is_ppp": "(PPP$)"
    },
    "dataset": {
        "country": "Bangladesh",
        "timespan": "UnDefined",
        "year": 1983,
        "measure": "Consumption",
        "cc3": "BGD",
        "format": "Grouped",
        "coverage": "National",
        "source": "BGD_N1983X"
    },
    "beta": {
        "reg": {
            "RMSE": 0.00966025,
            "SST": 7.488945,
            "SSE": 0.0009332043,
            "params": {
                "A": {
                    "coef": 0.586621,
                    "se": 0.0035004,
                    "t": 167.585
                }
            },
            "R2": 0.9998754,
            "MSE": 9.332043e-05,
            "ymean": -2.484545
        },
        "deciles": [
            4.10543,
            5.64721,
            6.61314,
            7.50968,
            8.42295,
            9.41107,
            10.5479,
            11.975,
            14.0973,
            21.6703
        ],
        "elasticity": {
            "HC": {
                "Gini": 0.487346,
                "meancons": -2.11521
            },
            "PG": {
                "Gini": 1.90594,
                "meancons": -2.93203
            },
            "FGT2": {
                "Gini": 3.24418,
                "meancons": -3.40007
            }
        },
        "dist": {
            "MLD": 0.116595,
            "median": 2.48221,
            "mean_corrected": 2.06409,
            "Gini": 25.996,
            "mean_corrected_is_ppp": "(PPP$)",
            "median_is_ppp": "(PPP$)",
            "mean_poor50_is_ppp": "(PPP$)",
            "polarization": -148.33,
            "mean_poor50": 1.80171,
            "median_ppp": 63.2814140091541
        },
        "poverty": {
            "HC": 41.848,
            "line_month_ppp": 57.7917,
            "FGT2": 3.94175,
            "Watt": "0.136358",
            "PG": 10.6428
        },
        "implied": {
            "theta": 0.4951871,
            "delta": 0.5866207,
            "gamma": 0.8974747
        },
        "summary": {
            "Z": {
                "low": 11.0243,
                "high": 166.123
            },
            "normality": "Normal",
            "mean_ppp": 71.1069,
            "validity": "Valid",
            "sse": {
                "tohc": 5.79422e-06,
                "fitted": 1.09472e-05
            }
        }
    },
    "poverty": {
        "PG": 10.4647,
        "FGT2": 3.83713,
        "uses": "GQ",
        "uses_commentary": "(Both are valid and normal, but GQ fits better.)",
        "HC": 40.825,
        "line_month_ppp": 57.7917,
        "Watt": "0.137231"
    },
    "summary": {
        "Z": {
            "low": 26.5934,
            "high": 178.763
        },
        "sse": {
            "tohc": 4.97312e-06,
            "fitted": 8.33111e-06
        },
        "normality": "Normal",
        "mean_ppp": 71.1069,
        "validity": "Valid"
    },
    "quadratic": {
        "reg": {
            "RMSE": 0.0004404191,
            "SST": 0.08765907,
            "SSE": 1.93969e-06,
            "params": {
                "B": {
                    "se": 0.011271,
                    "coef": -1.63063,
                    "t": -144.681
                },
                "C": {
                    "coef": 0.140257,
                    "se": 0.0086083,
                    "t": 16.2931
                },
                "A": {
                    "coef": 0.935057,
                    "se": 0.004633,
                    "t": 201.827
                }
            },
            "R2": 0.9999779,
            "MSE": 1.93969e-07,
            "ymean": 0.1276252
        },
        "deciles": [
            4.12656,
            5.58973,
            6.67922,
            7.6121,
            8.49529,
            9.40947,
            10.4512,
            11.7993,
            13.9715,
            21.8656
        ],
        "elasticity": {
            "HC": {
                "Gini": 0.523356,
                "meancons": -2.27151
            },
            "PG": {
                "Gini": 1.89884,
                "meancons": -2.90121
            },
            "FGT2": {
                "Gini": 3.2567,
                "meancons": -3.45444
            }
        },
        "dist": {
            "MLD": 0.112144,
            "median": 2.49362,
            "mean_corrected": 2.06742,
            "Gini": 25.8765,
            "mean_corrected_is_ppp": "(PPP$)",
            "median_is_ppp": "(PPP$)",
            "mean_poor50_is_ppp": "(PPP$)",
            "polarization": 20.3966,
            "mean_poor50": 1.81312,
            "median_ppp": 63.572402071378
        },
        "poverty": {
            "HC": 40.825,
            "line_month_ppp": 57.7917,
            "Watt": "0.137231",
            "FGT2": 3.83713,
            "PG": 10.4647
        },
        "summary": {
            "Z": {
                "low": 26.5934,
                "high": 178.763
            },
            "sse": {
                "tohc": 4.97312e-06,
                "fitted": 8.33111e-06
            },
            "normality": "Normal",
            "mean_ppp": 71.1069,
            "validity": "Valid"
        }
    }
}