{
    "beta": {
        "implied": {
            "theta": 0.4670164,
            "gamma": 0.8965383,
            "delta": 0.6643735
        },
        "reg": {
            "RMSE": 0.002026861,
            "R2": 0.9999975,
            "MSE": 4.108167e-06,
            "params": {
                "A": {
                    "se": 0.0034511,
                    "coef": 0.664373,
                    "t": 192.508
                }
            },
            "SST": 1.616608,
            "ymean": -2.446596,
            "SSE": 4.108167e-06
        },
        "elasticity": {
            "PG": {
                "meancons": -0.927867,
                "Gini": 9.55699
            },
            "HC": {
                "meancons": -2.13238,
                "Gini": 9.46475
            },
            "FGT2": {
                "meancons": -0.0252909,
                "Gini": 10.9894
            }
        },
        "dist": {
            "polarization": -148.214,
            "median_ppp": 0.158916,
            "mean_poor50_ppp": 0.117222,
            "MLD": 0.0881609,
            "Gini": 22.7645,
            "mean_corrected_ppp": 0.132476
        },
        "poverty": {
            "PG": 0.0800799,
            "Watt": 0.000326162,
            "HC": 0.154383,
            "FGT2": 0.0790799,
            "line_month_ppp": 57.7917
        },
        "deciles": [
            4.47422,
            6.01329,
            6.99151,
            7.89338,
            8.7987,
            9.75744,
            10.8285,
            12.1188,
            13.921,
            19.2031
        ],
        "summary": {
            "mean_ppp": 314.304,
            "sse": {
                "fitted": 6.15149e-08,
                "tohc": 3.05199e-10
            },
            "normality": "Normal",
            "validity": "Valid",
            "Z": {
                "low": 49.7541,
                "high": 656.499
            }
        }
    },
    "quadratic": {
        "reg": {
            "ymean": 0.1395707,
            "R2": 0.9999783,
            "MSE": 7.296438e-07,
            "params": {
                "C": {
                    "se": 0.042836,
                    "coef": 0.183239,
                    "t": 4.27767
                },
                "A": {
                    "se": 0.021717,
                    "coef": 1.02071,
                    "t": 46.9995
                },
                "B": {
                    "se": 0.039141,
                    "coef": -1.69504,
                    "t": -43.3064
                }
            },
            "SST": 0.03361126,
            "RMSE": 0.0008541919,
            "SSE": 7.296438e-07
        },
        "elasticity": {
            "PG": {
                "meancons": 0.0,
                "Gini": 0.0
            },
            "HC": {
                "meancons": 0.0,
                "Gini": 0.0
            },
            "FGT2": {
                "meancons": 0.0,
                "Gini": 0.0
            }
        },
        "dist": {
            "polarization": 19.3107,
            "median_ppp": 0.159223,
            "MLD": 0.0845007,
            "mean_poor50_ppp": 0.117251,
            "Gini": 22.6782,
            "mean_corrected_ppp": 0.132625
        },
        "poverty": {
            "PG": 0.0,
            "Watt": 0.0,
            "HC": 0.0,
            "FGT2": 0.0,
            "line_month_ppp": 57.7917
        },
        "deciles": [
            4.50464,
            5.91233,
            6.99497,
            7.93591,
            8.83157,
            9.75682,
            10.8003,
            12.1181,
            14.1187,
            19.0267
        ],
        "summary": {
            "mean_ppp": 314.304,
            "sse": {
                "fitted": 2.18265e-06,
                "tohc": 1.49033e-06
            },
            "normality": "Normal",
            "validity": "Valid",
            "Z": {
                "low": 117.834,
                "high": 672.859
            }
        }
    },
    "elasticity": {
        "PG": {
            "meancons": -0.927867,
            "Gini": 9.55699
        },
        "HC": {
            "meancons": -2.13238,
            "Gini": 9.46475
        },
        "FGT2": {
            "meancons": -0.0252909,
            "Gini": 10.9894
        }
    },
    "dist": {
        "polarization": -148.214,
        "uses_commentary": "(Both are valid and normal, but Beta fits better.)",
        "mean_poor50_ppp": 0.117222,
        "MLD": 0.0881609,
        "uses": "Beta",
        "Gini": 22.7645,
        "median_ppp": 0.158916,
        "mean_corrected_ppp": -0.000545722
    },
    "poverty": {
        "PG": 0.0800799,
        "line_month_ppp": 57.7917,
        "HC": 0.154383,
        "FGT2": 0.0790799,
        "Watt": 0.000326162
    },
    "deciles": [
        4.47422,
        6.01329,
        6.99151,
        7.89338,
        8.7987,
        9.75744,
        10.8285,
        12.1188,
        13.921,
        19.2031
    ],
    "summary": {
        "mean_ppp": 314.304,
        "sse": {
            "fitted": 6.15149e-08,
            "tohc": 3.05199e-10
        },
        "normality": "Normal",
        "validity": "Valid",
        "Z": {
            "low": 49.7541,
            "high": 656.499
        }
    },
    "dataset": {
        "country": "Belarus",
        "source": "BLR_N1988Y",
        "timespan": "UnDefined",
        "coverage": "National",
        "year": 1988,
        "format": "Grouped",
        "measure": "Income",
        "cc3": "BLR"
    },
    "distribution": {
        "L": [
            0.01921383,
            0.09150588,
            0.386118,
            0.6752862,
            1.0
        ],
        "index": [
            1,
            2,
            3,
            4,
            5
        ],
        "p": [
            0.05,
            0.179,
            0.547,
            0.805,
            1.0
        ]
    }
}