{
    "distribution": {
        "index": [
            1,
            2,
            3,
            4,
            5,
            6,
            7,
            8,
            9,
            10,
            11,
            12,
            13,
            14,
            15,
            16,
            17,
            18,
            19,
            20,
            21,
            22,
            23,
            24,
            25,
            26
        ],
        "L": [
            0.002393896,
            0.01753998,
            0.0547971,
            0.1261983,
            0.2296315,
            0.3467794,
            0.4612473,
            0.5843599,
            0.6788811,
            0.7363168,
            0.7829258,
            0.8172157,
            0.8534555,
            0.8810774,
            0.9046638,
            0.9168578,
            0.9303352,
            0.9476844,
            0.9592271,
            0.9689883,
            0.9753067,
            0.9808983,
            0.9848519,
            0.9864908,
            0.9879329,
            1.0
        ],
        "p": [
            0.007810078,
            0.04252043,
            0.1111611,
            0.2211422,
            0.3580236,
            0.4939149,
            0.6121061,
            0.7266373,
            0.8066481,
            0.8512485,
            0.8846788,
            0.9075291,
            0.9300793,
            0.9461995,
            0.9591596,
            0.9654897,
            0.9721197,
            0.9802298,
            0.9853699,
            0.9895199,
            0.9920899,
            0.9942699,
            0.99575,
            0.99634,
            0.99684,
            1.0
        ]
    },
    "deciles": [
        4.86963,
        6.24762,
        7.23655,
        8.06603,
        8.84054,
        9.63376,
        10.5292,
        11.6762,
        13.4957,
        19.4048
    ],
    "elasticity": {
        "HC": {
            "Gini": 14.2637,
            "meancons": -5.39854
        },
        "PG": {
            "Gini": 14.3799,
            "meancons": -4.06405
        },
        "FGT2": {
            "Gini": 14.4678,
            "meancons": -2.71884
        }
    },
    "dist": {
        "MLD": 0.0774013,
        "mean_corrected": -0.000545722,
        "Gini": 21.6037,
        "mean_corrected_is_ppp": "(PPP$)",
        "uses_commentary": "(Both are valid, but GQ fits better)",
        "mean_poor50": 0.0810046,
        "polarization": 17.0687,
        "median_ppp": 194.236169873591,
        "median": 0.105999,
        "uses": "GQ",
        "median_is_ppp": "(PPP$)",
        "mean_poor50_is_ppp": "(PPP$)"
    },
    "dataset": {
        "country": "Belarus",
        "timespan": "UnDefined",
        "year": 1993,
        "measure": "Income",
        "cc3": "BLR",
        "format": "Grouped",
        "coverage": "National",
        "source": "BLR_N1993Y"
    },
    "beta": {
        "reg": {
            "RMSE": 0.04274216,
            "SST": 24.68306,
            "SSE": 0.04019162,
            "params": {
                "A": {
                    "coef": 0.68621,
                    "se": 0.0060659,
                    "t": 113.125
                }
            },
            "R2": 0.9983717,
            "MSE": 0.001826892,
            "ymean": -3.139429
        },
        "deciles": [
            4.75748,
            6.02217,
            6.94814,
            7.84037,
            8.75618,
            9.73685,
            10.8359,
            12.1542,
            13.9685,
            18.9802
        ],
        "elasticity": {
            "HC": {
                "Gini": 14.2637,
                "meancons": -5.39854
            },
            "PG": {
                "Gini": 14.3799,
                "meancons": -4.06405
            },
            "FGT2": {
                "Gini": 14.4678,
                "meancons": -2.71884
            }
        },
        "dist": {
            "MLD": 0.082063,
            "median": 0.106045,
            "mean_corrected": 0.0891772,
            "Gini": 22.3644,
            "mean_corrected_is_ppp": "(PPP$)",
            "median_is_ppp": "(PPP$)",
            "mean_poor50_is_ppp": "(PPP$)",
            "polarization": -149.748,
            "mean_poor50": 0.0788542,
            "median_ppp": 194.32055111654
        },
        "poverty": {
            "HC": 0.0887839,
            "line_month_ppp": 57.7917,
            "FGT2": 0.00743073,
            "Watt": "0.000203896",
            "PG": 0.0175322
        },
        "implied": {
            "theta": 0.4809549,
            "delta": 0.68621,
            "gamma": 0.9311647
        },
        "summary": {
            "Z": {
                "low": 63.0455,
                "high": 432.708
            },
            "normality": "Normal",
            "mean_ppp": 210.485,
            "validity": "Valid",
            "sse": {
                "tohc": 3.93775e-08,
                "fitted": 0.000350734
            }
        }
    },
    "poverty": {
        "PG": 0.0175322,
        "FGT2": 0.00743073,
        "uses": "GQ",
        "uses_commentary": "(Both are valid and normal, but GQ fits better.)",
        "HC": 0.0887839,
        "line_month_ppp": 57.7917,
        "Watt": "0.000203896"
    },
    "summary": {
        "Z": {
            "low": 86.9825,
            "high": 469.156
        },
        "sse": {
            "tohc": 3.93775e-08,
            "fitted": 1.7766e-05
        },
        "normality": "Normal",
        "mean_ppp": 210.485,
        "validity": "Valid"
    },
    "quadratic": {
        "reg": {
            "RMSE": 0.0001909749,
            "SST": 0.1619363,
            "SSE": 8.023707e-07,
            "params": {
                "B": {
                    "se": 0.0052334,
                    "coef": -1.72787,
                    "t": -330.164
                },
                "C": {
                    "coef": 0.141426,
                    "se": 0.0046437,
                    "t": 30.4552
                },
                "A": {
                    "coef": 0.947309,
                    "se": 0.0025026,
                    "t": 378.535
                }
            },
            "R2": 0.999995,
            "MSE": 3.64714e-08,
            "ymean": 0.0986736
        },
        "deciles": [
            4.86963,
            6.24762,
            7.23655,
            8.06603,
            8.84054,
            9.63376,
            10.5292,
            11.6762,
            13.4957,
            19.4048
        ],
        "elasticity": {
            "HC": {
                "Gini": 0.0,
                "meancons": 0.0
            },
            "PG": {
                "Gini": 0.0,
                "meancons": 0.0
            },
            "FGT2": {
                "Gini": 0.0,
                "meancons": 0.0
            }
        },
        "dist": {
            "MLD": 0.0774013,
            "median": 0.105999,
            "mean_corrected": 0.0900509,
            "Gini": 21.6037,
            "mean_corrected_is_ppp": "(PPP$)",
            "median_is_ppp": "(PPP$)",
            "mean_poor50_is_ppp": "(PPP$)",
            "polarization": 17.0687,
            "mean_poor50": 0.0810046,
            "median_ppp": 194.236169873591
        },
        "poverty": {
            "HC": 0.0,
            "line_month_ppp": 57.7917,
            "Watt": "0",
            "FGT2": 0.0,
            "PG": 0.0
        },
        "summary": {
            "Z": {
                "low": 86.9825,
                "high": 469.156
            },
            "sse": {
                "tohc": 5.43338e-07,
                "fitted": 1.7766e-05
            },
            "normality": "Normal",
            "mean_ppp": 210.485,
            "validity": "Valid"
        }
    }
}