{
    "deciles": [
        0.93048,
        2.2817,
        3.4047,
        4.2846,
        5.3384,
        6.6651,
        8.4841,
        10.923,
        15.259,
        42.429
    ],
    "dist": {
        "Gini": 0.532628,
        "median": {
            "lcu": 156.767
        },
        "MLD": 0.558219
    },
    "poverty": {
        "Watt": 0.0952974,
        "HC": 0.139181,
        "PG": 0.0622133,
        "line_month_ppp": 57.7917,
        "line_month_lcu": 52.9397,
        "line_day_ppp": 1.9,
        "FGT2": 0.0388874
    },
    "summary": {
        "mean_ppp": 264.034,
        "ppp": 1.18261,
        "mean_lcu": 241.867
    },
    "pop": {
        "min": 0.0,
        "max": 8455.53,
        "pop": 146342.0,
        "N": 732,
        "wealth": 29929700.0
    },
    "estimation": {
        "max_is_ppp": "(PPP$)",
        "wealth_is_ppp": "(PPP$)",
        "min_is_ppp": "(PPP$)"
    },
    "dataset": {
        "country": "Belize",
        "source": "BLZ_N1999Y",
        "coverage": "National",
        "timespan": "UnDefined",
        "year": 1999,
        "format": "Unit record",
        "measure": "Income",
        "cc3": "BLZ"
    },
    "distribution": {
        "L": [
            0.0025788,
            0.0093502,
            0.01976,
            0.032243,
            0.051175,
            0.0665,
            0.089553,
            0.10904,
            0.13473,
            0.16243,
            0.19792,
            0.22983,
            0.27319,
            0.31813,
            0.37382,
            0.4233,
            0.4935,
            0.57629,
            0.69811,
            1.0
        ],
        "index": [
            0,
            1,
            2,
            3,
            4,
            5,
            6,
            7,
            8,
            9,
            10,
            11,
            12,
            13,
            14,
            15,
            16,
            17,
            18,
            19
        ],
        "p": [
            0.050689,
            0.10033,
            0.15208,
            0.20047,
            0.25906,
            0.3009,
            0.35743,
            0.40005,
            0.45083,
            0.50005,
            0.55626,
            0.6011,
            0.65512,
            0.70468,
            0.75846,
            0.80015,
            0.85118,
            0.90034,
            0.95023,
            1.0
        ]
    }
}