{
    "sample": {
        "N": 712,
        "effective_pop_wealth": 30419100.0,
        "month_max_is_ppp": "(PPP$)",
        "effective_pop_N": 153017.0,
        "month_max": 8878.3,
        "month_min": 0.0,
        "effective_pop_wealth_is_ppp": "(PPP$)",
        "month_min_is_ppp": "(PPP$)"
    },
    "dist": {
        "Gini": 0.54906,
        "MLD": 0.582066,
        "median_ppp": 141.192,
        "deciles": [
            1.0296,
            2.2909,
            3.0655,
            3.9634,
            4.9558,
            6.3091,
            8.2479,
            10.878,
            15.555,
            43.705
        ]
    },
    "summary": {
        "mean_month_ppp": 254.045,
        "ppp": 1.18261,
        "mean_month_lcu": 235.098
    },
    "poverty": {
        "FGT2": 0.0356214,
        "line_month_lcu": 53.4815,
        "Watt": 0.0899875,
        "line_day_ppp": 1.9,
        "HC": 0.148787,
        "PG": 0.0595838,
        "line_month_ppp": 57.7917
    },
    "dataset": {
        "timespan": "UnDefined",
        "coverage": "National",
        "measure": "Income",
        "format": "Unit record",
        "source": "BLZ_N1998Y",
        "country": "Belize",
        "year": 1998,
        "iso3c": "BLZ"
    },
    "lorenz": {
        "L": [
            0.0030707,
            0.010394,
            0.020789,
            0.034194,
            0.047949,
            0.063877,
            0.082832,
            0.10537,
            0.12691,
            0.15327,
            0.18971,
            0.21626,
            0.25564,
            0.29923,
            0.35477,
            0.42364,
            0.47868,
            0.56319,
            0.68639,
            1.0
        ],
        "p": [
            0.050452,
            0.10067,
            0.15094,
            0.20391,
            0.25149,
            0.30005,
            0.35097,
            0.40446,
            0.45028,
            0.50042,
            0.5613,
            0.60018,
            0.65061,
            0.7007,
            0.75586,
            0.81362,
            0.85239,
            0.90014,
            0.95031,
            1.0
        ],
        "index": [
            0,
            1,
            2,
            3,
            4,
            5,
            6,
            7,
            8,
            9,
            10,
            11,
            12,
            13,
            14,
            15,
            16,
            17,
            18,
            19
        ]
    }
}