{
    "sample": {
        "month_min": 0.0,
        "month_min_is_ppp": "(PPP$)",
        "month_max": 30439.9,
        "mean_month_lcu": 275.612,
        "mean_month_ppp": 332.224,
        "effective_pop_wealth_is_ppp": "(PPP$)",
        "effective_pop_wealth": 29118600.0,
        "effective_pop_N": 124944.0,
        "month_max_is_ppp": "(PPP$)",
        "N": 666
    },
    "dataset": {
        "coverage": "National",
        "iso3c": "BLZ",
        "timespan": "UnDefined",
        "year": 1994,
        "measure": "Income",
        "source": "BLZ_N1994Y",
        "country": "Belize",
        "format": "Unit record"
    },
    "lorenz": {
        "index": [
            0,
            1,
            2,
            3,
            4,
            5,
            6,
            7,
            8,
            9,
            10,
            11,
            12,
            13,
            14,
            15,
            16,
            17,
            18,
            19
        ],
        "p": [
            0.054761,
            0.11256,
            0.15002,
            0.20071,
            0.26313,
            0.30346,
            0.36175,
            0.40243,
            0.45016,
            0.51403,
            0.57114,
            0.60004,
            0.65047,
            0.70105,
            0.7501,
            0.80262,
            0.85058,
            0.90127,
            0.95008,
            1.0
        ],
        "L": [
            0.0030119,
            0.011796,
            0.01933,
            0.031063,
            0.048144,
            0.06062,
            0.081134,
            0.097064,
            0.11746,
            0.14712,
            0.17715,
            0.19365,
            0.22526,
            0.26098,
            0.29972,
            0.34848,
            0.40353,
            0.47688,
            0.57616,
            1.0
        ]
    },
    "dist": {
        "Gini": 0.609084,
        "FGT2": 0.0299198,
        "deciles": [
            0.98867,
            2.1013,
            2.8651,
            3.6563,
            4.4492,
            5.3019,
            6.6615,
            8.581,
            12.9,
            52.495
        ],
        "PG": 0.0453455,
        "HC": 0.0974837,
        "median_ppp": 160.715,
        "MLD": 0.735486,
        "Watt": 0.0622257
    },
    "inputs": {
        "line_month_lcu": 47.9436,
        "line_day_ppp": 1.9,
        "line_month_ppp": 57.7917,
        "ppp": 1.18261
    }
}