{
    "sample": {
        "month_min": 0.0,
        "month_min_is_ppp": "(PPP$)",
        "month_max": 29594.3,
        "mean_month_lcu": 241.576,
        "mean_month_ppp": 272.52,
        "effective_pop_wealth_is_ppp": "(PPP$)",
        "effective_pop_wealth": 27800600.0,
        "effective_pop_N": 136095.0,
        "month_max_is_ppp": "(PPP$)",
        "N": 610
    },
    "dataset": {
        "coverage": "National",
        "iso3c": "BLZ",
        "timespan": "UnDefined",
        "year": 1996,
        "measure": "Income",
        "source": "BLZ_N1996Y",
        "country": "Belize",
        "format": "Unit record"
    },
    "lorenz": {
        "index": [
            0,
            1,
            2,
            3,
            4,
            5,
            6,
            7,
            8,
            9,
            10,
            11,
            12,
            13,
            14,
            15,
            16,
            17,
            18,
            19
        ],
        "p": [
            0.05031,
            0.10083,
            0.16148,
            0.20615,
            0.25097,
            0.3,
            0.35005,
            0.4041,
            0.45011,
            0.50263,
            0.55033,
            0.60093,
            0.6501,
            0.70492,
            0.75372,
            0.80134,
            0.85217,
            0.90025,
            0.95039,
            1.0
        ],
        "L": [
            0.0026291,
            0.010235,
            0.023435,
            0.03511,
            0.048437,
            0.065092,
            0.083996,
            0.10637,
            0.12732,
            0.15364,
            0.18,
            0.21208,
            0.24706,
            0.29156,
            0.33686,
            0.38882,
            0.45527,
            0.53501,
            0.64803,
            1.0
        ]
    },
    "dist": {
        "Gini": 0.565937,
        "FGT2": 0.0347237,
        "deciles": [
            1.011,
            2.3392,
            3.1588,
            3.9579,
            4.7648,
            5.9167,
            7.6078,
            9.9794,
            14.723,
            46.541
        ],
        "PG": 0.0537228,
        "HC": 0.126706,
        "median_ppp": 142.886,
        "MLD": 0.624957,
        "Watt": 0.0894799
    },
    "inputs": {
        "line_month_lcu": 51.2297,
        "line_day_ppp": 1.9,
        "line_month_ppp": 57.7917,
        "ppp": 1.18261
    }
}