{
    "distribution": {
        "index": [
            1,
            2,
            3,
            4,
            5,
            6,
            7,
            8,
            9,
            10
        ],
        "L": [
            0.02174291,
            0.05592474,
            0.1000646,
            0.1535265,
            0.2186022,
            0.2972959,
            0.3942209,
            0.5178072,
            0.6838434,
            1.0
        ],
        "p": [
            0.10011,
            0.19992,
            0.30003,
            0.39994,
            0.49995,
            0.59976,
            0.69977,
            0.79998,
            0.89999,
            1.0
        ]
    },
    "deciles": [
        2.32444,
        3.29431,
        4.29551,
        5.36721,
        6.56305,
        7.96799,
        9.73829,
        12.222,
        16.4863,
        31.7409
    ],
    "elasticity": {
        "HC": {
            "Gini": 8.84308,
            "meancons": -3.14061
        },
        "PG": {
            "Gini": 17.65,
            "meancons": -4.91323
        },
        "FGT2": {
            "Gini": 26.0378,
            "meancons": -6.53701
        }
    },
    "dist": {
        "MLD": 0.297862,
        "mean_corrected": -0.344103,
        "Gini": 42.0357,
        "mean_corrected_is_ppp": "(PPP$)",
        "uses_commentary": "(Both are valid, but GQ fits better)",
        "mean_poor50": 33.1515,
        "polarization": 39.5377,
        "median_ppp": 159.237066663788,
        "median": 54.794,
        "uses": "GQ",
        "median_is_ppp": "(PPP$)",
        "mean_poor50_is_ppp": "(PPP$)"
    },
    "dataset": {
        "country": "Bolivia",
        "timespan": "UnDefined",
        "year": 1990,
        "measure": "Income",
        "cc3": "BOL",
        "format": "Grouped",
        "coverage": "National",
        "source": "BOL_N1990Y"
    },
    "beta": {
        "reg": {
            "RMSE": 0.0114934,
            "SST": 1.588133,
            "SSE": 0.0007925893,
            "params": {
                "A": {
                    "coef": 0.519551,
                    "se": 0.010537,
                    "t": 49.3057
                }
            },
            "R2": 0.9995009,
            "MSE": 0.0001320982,
            "ymean": -1.549035
        },
        "deciles": [
            2.25115,
            3.25157,
            4.27447,
            5.39148,
            6.64768,
            8.1093,
            9.89595,
            12.2699,
            16.0269,
            31.8817
        ],
        "elasticity": {
            "HC": {
                "Gini": 8.84308,
                "meancons": -3.14061
            },
            "PG": {
                "Gini": 17.65,
                "meancons": -4.91323
            },
            "FGT2": {
                "Gini": 26.0378,
                "meancons": -6.53701
            }
        },
        "dist": {
            "MLD": 0.305398,
            "median": 55.6725,
            "mean_corrected": 43.8526,
            "Gini": 42.2083,
            "mean_corrected_is_ppp": "(PPP$)",
            "median_is_ppp": "(PPP$)",
            "mean_poor50_is_ppp": "(PPP$)",
            "polarization": -120.177,
            "mean_poor50": 33.1087,
            "median_ppp": 161.790161104359
        },
        "poverty": {
            "HC": 8.56524,
            "line_month_ppp": 57.7917,
            "FGT2": 0.339343,
            "Watt": "0.016576",
            "PG": 1.44849
        },
        "implied": {
            "theta": 0.8035688,
            "delta": 0.5195509,
            "gamma": 0.9920122
        },
        "summary": {
            "Z": {
                "low": 38.9537,
                "high": 784.579
            },
            "normality": "Normal",
            "mean_ppp": 220.517,
            "validity": "Valid",
            "sse": {
                "tohc": 6.38282e-07,
                "fitted": 4.41582e-05
            }
        }
    },
    "poverty": {
        "PG": 1.44849,
        "FGT2": 0.339343,
        "uses": "GQ",
        "uses_commentary": "(Both are valid and normal, but GQ fits better.)",
        "HC": 8.56524,
        "line_month_ppp": 57.7917,
        "Watt": "0.016576"
    },
    "summary": {
        "Z": {
            "low": 44.8223,
            "high": 871.393
        },
        "sse": {
            "tohc": 6.38282e-07,
            "fitted": 6.91229e-06
        },
        "normality": "Normal",
        "mean_ppp": 220.517,
        "validity": "Valid"
    },
    "quadratic": {
        "reg": {
            "RMSE": 0.001572298,
            "SST": 0.05603557,
            "SSE": 1.483273e-05,
            "params": {
                "B": {
                    "se": 0.076966,
                    "coef": -0.477231,
                    "t": -6.20054
                },
                "C": {
                    "coef": 0.320631,
                    "se": 0.028793,
                    "t": 11.1356
                },
                "A": {
                    "coef": 0.897718,
                    "se": 0.011177,
                    "t": 80.3167
                }
            },
            "R2": 0.9997353,
            "MSE": 2.472121e-06,
            "ymean": 0.1531663
        },
        "deciles": [
            2.32444,
            3.29431,
            4.29551,
            5.36721,
            6.56305,
            7.96799,
            9.73829,
            12.222,
            16.4863,
            31.7409
        ],
        "elasticity": {
            "HC": {
                "Gini": 9.4734,
                "meancons": -3.36447
            },
            "PG": {
                "Gini": 19.9538,
                "meancons": -5.73143
            },
            "FGT2": {
                "Gini": 30.4256,
                "meancons": -8.09534
            }
        },
        "dist": {
            "MLD": 0.297862,
            "median": 54.794,
            "mean_corrected": 43.9836,
            "Gini": 42.0357,
            "mean_corrected_is_ppp": "(PPP$)",
            "median_is_ppp": "(PPP$)",
            "mean_poor50_is_ppp": "(PPP$)",
            "polarization": 39.5377,
            "mean_poor50": 33.1515,
            "median_ppp": 159.237066663788
        },
        "poverty": {
            "HC": 8.07162,
            "line_month_ppp": 57.7917,
            "Watt": "0.0136766",
            "FGT2": 0.237554,
            "PG": 1.1991
        },
        "summary": {
            "Z": {
                "low": 44.8223,
                "high": 871.393
            },
            "sse": {
                "tohc": 2.34819e-06,
                "fitted": 6.91229e-06
            },
            "normality": "Normal",
            "mean_ppp": 220.517,
            "validity": "Valid"
        }
    }
}