{
    "quadratic": {
        "poverty": {
            "FGT2": 9.55046,
            "Watt": "0.271204",
            "HC": 42.5592,
            "PG": 17.8695,
            "elasticity": {
                "HC_wrt_mean_C": -0.955494,
                "PG_wrt_Gini": 3.66568,
                "PG_wrt_mean_C": -1.38167,
                "FGT2_wrt_Gini": 6.18838,
                "FGT2_wrt_mean_C": -1.74213,
                "HC_wrt_Gini": 1.06944
            },
            "line_month_ppp": 57.7917
        },
        "reg": {
            "RMSE": 0.004631213,
            "SST": 0.05212063,
            "R2": 0.998354,
            "params": {
                "B": {
                    "coef": 0.438294,
                    "t": 1.8848,
                    "se": 0.23254
                },
                "A": {
                    "coef": 0.757413,
                    "se": 0.033034,
                    "t": 22.9286
                },
                "C": {
                    "coef": 0.269535,
                    "se": 0.058068,
                    "t": 4.64175
                }
            },
            "ymean": 0.1701095,
            "MSE": 2.144814e-05,
            "SSE": 8.579255e-05
        },
        "summary": {
            "lorenz_validity": "Valid",
            "sse_up_to_hcindex": 8.6958e-06,
            "mean_month_ppp": 122.475,
            "Z": {
                "low": 17.4719,
                "high": 608.082
            },
            "poverty_normality": "Normal",
            "sse_fitted": 0.000105407
        },
        "dist": {
            "polarization": 52.2988,
            "MLD": 0.522773,
            "median_ppp": 69.2610847103631,
            "Gini": 54.2121,
            "mean_corrected_is_ppp": "(PPP$)",
            "median": 15.6062,
            "mean_poor50_is_ppp": "(PPP$)",
            "median_is_ppp": "(PPP$)",
            "mean_poor50": 8.55497,
            "mean_corrected": 12.6359,
            "deciles": [
                1.43443,
                2.16152,
                2.97481,
                3.9092,
                5.0201,
                6.40304,
                8.24309,
                10.9685,
                15.9544,
                42.9309
            ]
        }
    },
    "beta": {
        "poverty": {
            "FGT2": 10.8716,
            "Watt": "0.294085",
            "HC": 42.6479,
            "PG": 19.3524,
            "elasticity": {
                "HC_wrt_mean_C": -0.833748,
                "PG_wrt_Gini": 3.46656,
                "PG_wrt_mean_C": -1.20376,
                "FGT2_wrt_Gini": 5.98474,
                "FGT2_wrt_mean_C": -1.56018,
                "HC_wrt_Gini": 0.933174
            },
            "line_month_ppp": 57.7917
        },
        "implied": {
            "gamma": 1.031111,
            "delta": 0.4297673,
            "theta": 0.9679085
        },
        "summary": {
            "lorenz_validity": "Invalid",
            "sse_up_to_hcindex": 8.47036e-05,
            "mean_month_ppp": 122.475,
            "Z": {
                "low": 27.9638,
                "high": 560.12
            },
            "poverty_normality": "Normal",
            "sse_fitted": 0.000279145
        },
        "reg": {
            "RMSE": 0.0276412,
            "R2": 0.9980578,
            "SST": 1.573577,
            "params": {
                "B": {
                    "coef": 1.03111,
                    "se": 0.025259,
                    "t": 40.822
                },
                "A": {
                    "coef": -0.0326177,
                    "se": 0.042801,
                    "t": -0.762074
                },
                "C": {
                    "coef": 0.429767,
                    "se": 0.019095,
                    "t": 22.5066
                }
            },
            "ymean": -1.30258,
            "MSE": 0.0007640357,
            "SSE": 0.003056143
        }
    },
    "dist": {
        "polarization": 52.2988,
        "uses": "GQ",
        "median": 15.6062,
        "mean_poor50_is_ppp": "(PPP$)",
        "deciles": [
            1.43443,
            2.16152,
            2.97481,
            3.9092,
            5.0201,
            6.40304,
            8.24309,
            10.9685,
            15.9544,
            42.9309
        ],
        "MLD": 0.522773,
        "mean_poor50": 8.55497,
        "uses_commentary": "(Beta lorenz curves is invalid)",
        "mean_corrected_is_ppp": "(PPP$)",
        "median_ppp": 69.2610847103631,
        "mean_corrected": -0.225324,
        "median_is_ppp": "(PPP$)",
        "Gini": 54.2121
    },
    "summary": {
        "lorenz_validity": "Valid",
        "sse_up_to_hcindex": 8.6958e-06,
        "mean_month_ppp": 122.475,
        "Z": {
            "low": 17.4719,
            "high": 608.082
        },
        "poverty_normality": "Normal",
        "sse_fitted": 0.000105407
    },
    "lorenz": {
        "L": [
            0.01394014,
            0.07340794,
            0.2317806,
            0.3639148,
            0.4665049,
            0.5316002,
            0.7200398,
            1.0
        ],
        "p": [
            0.1084892,
            0.320168,
            0.6144386,
            0.7618238,
            0.8415158,
            0.8809119,
            0.9557044,
            1.0
        ],
        "index": [
            1,
            2,
            3,
            4,
            5,
            6,
            7,
            8
        ]
    },
    "dataset": {
        "timespan": "UnDefined",
        "coverage": "National",
        "measure": "Consumption",
        "format": "Grouped",
        "source": "BWA_N1985X",
        "country": "Botswana",
        "year": 1985,
        "iso3c": "BWA"
    },
    "poverty": {
        "FGT2": 9.55046,
        "uses": "GQ",
        "uses_commentary": "(Beta is invalid.)",
        "HC": 42.5592,
        "PG": 17.8695,
        "Watt": "0.271204",
        "elasticity": {
            "HC_wrt_Gini": 1.06944,
            "HC_wrt_mean_C": -0.955494,
            "PG_wrt_mean_C": -1.38167,
            "FGT2_wrt_Gini": 6.18838,
            "FGT2_wrt_mean_C": -1.74213,
            "PG_wrt_Gini": 3.66568
        },
        "line_month_ppp": 57.7917
    }
}