{
    "distribution": {
        "index": [
            1,
            2,
            3,
            4,
            5,
            6,
            7,
            8
        ],
        "L": [
            0.01394014,
            0.07340794,
            0.2317806,
            0.3639148,
            0.4665049,
            0.5316002,
            0.7200398,
            1.0
        ],
        "p": [
            0.1084892,
            0.320168,
            0.6144386,
            0.7618238,
            0.8415158,
            0.8809119,
            0.9557044,
            1.0
        ]
    },
    "deciles": [
        1.43443,
        2.16152,
        2.97481,
        3.9092,
        5.0201,
        6.40304,
        8.24309,
        10.9685,
        15.9544,
        42.9309
    ],
    "dist": {
        "MLD": 0.522773,
        "mean_corrected": -0.225324,
        "Gini": 54.2121,
        "mean_corrected_is_ppp": "(PPP$)",
        "uses_commentary": "(Beta lorenz curves is invalid)",
        "mean_poor50": 8.55497,
        "polarization": 52.2988,
        "median_ppp": 69.2610847103631,
        "median": 15.6062,
        "uses": "GQ",
        "median_is_ppp": "(PPP$)",
        "mean_poor50_is_ppp": "(PPP$)"
    },
    "elasticity": {
        "HC": {
            "Gini": 1.06944,
            "meancons": -0.955494
        },
        "PG": {
            "Gini": 3.66568,
            "meancons": -1.38167
        },
        "FGT2": {
            "Gini": 6.18838,
            "meancons": -1.74213
        }
    },
    "dataset": {
        "country": "Botswana",
        "timespan": "UnDefined",
        "year": 1985,
        "measure": "Consumption",
        "cc3": "BWA",
        "format": "Grouped",
        "coverage": "National",
        "source": "BWA_N1985X"
    },
    "beta": {
        "reg": {
            "RMSE": 0.0276412,
            "SST": 1.573577,
            "MSE": 0.0007640357,
            "params": {
                "A": {
                    "coef": 0.429767,
                    "se": 0.019095,
                    "t": 22.5066
                }
            },
            "R2": 0.9980578,
            "SSE": 0.003056143,
            "ymean": -1.30258
        },
        "poverty": {
            "HC": 42.6479,
            "line_month_ppp": 57.7917,
            "FGT2": 10.8716,
            "Watt": "0.294085",
            "PG": 19.3524
        },
        "summary": {
            "Z": {
                "low": 27.9638,
                "high": 560.12
            },
            "normality": "Normal",
            "mean_ppp": 122.475,
            "validity": "Invalid",
            "sse": {
                "tohc": 8.47036e-05,
                "fitted": 0.000279145
            }
        },
        "elasticity": {
            "HC": {
                "Gini": 0.933174,
                "meancons": -0.833748
            },
            "PG": {
                "Gini": 3.46656,
                "meancons": -1.20376
            },
            "FGT2": {
                "Gini": 5.98474,
                "meancons": -1.56018
            }
        },
        "implied": {
            "theta": 0.9679085,
            "delta": 0.4297673,
            "gamma": 1.031111
        }
    },
    "poverty": {
        "PG": 17.8695,
        "FGT2": 9.55046,
        "uses": "GQ",
        "uses_commentary": "(Beta is invalid.)",
        "HC": 42.5592,
        "line_month_ppp": 57.7917,
        "Watt": "0.271204"
    },
    "summary": {
        "Z": {
            "low": 17.4719,
            "high": 608.082
        },
        "sse": {
            "tohc": 8.6958e-06,
            "fitted": 0.000105407
        },
        "normality": "Normal",
        "mean_ppp": 122.475,
        "validity": "Valid"
    },
    "quadratic": {
        "reg": {
            "RMSE": 0.004631213,
            "SST": 0.05212063,
            "SSE": 8.579255e-05,
            "params": {
                "B": {
                    "se": 0.23254,
                    "coef": 0.438294,
                    "t": 1.8848
                },
                "C": {
                    "coef": 0.269535,
                    "se": 0.058068,
                    "t": 4.64175
                },
                "A": {
                    "coef": 0.757413,
                    "se": 0.033034,
                    "t": 22.9286
                }
            },
            "R2": 0.998354,
            "MSE": 2.144814e-05,
            "ymean": 0.1701095
        },
        "deciles": [
            1.43443,
            2.16152,
            2.97481,
            3.9092,
            5.0201,
            6.40304,
            8.24309,
            10.9685,
            15.9544,
            42.9309
        ],
        "elasticity": {
            "HC": {
                "Gini": 1.06944,
                "meancons": -0.955494
            },
            "PG": {
                "Gini": 3.66568,
                "meancons": -1.38167
            },
            "FGT2": {
                "Gini": 6.18838,
                "meancons": -1.74213
            }
        },
        "dist": {
            "MLD": 0.522773,
            "median": 15.6062,
            "mean_corrected": 12.6359,
            "Gini": 54.2121,
            "mean_corrected_is_ppp": "(PPP$)",
            "median_is_ppp": "(PPP$)",
            "mean_poor50_is_ppp": "(PPP$)",
            "polarization": 52.2988,
            "mean_poor50": 8.55497,
            "median_ppp": 69.2610847103631
        },
        "poverty": {
            "HC": 42.5592,
            "line_month_ppp": 57.7917,
            "Watt": "0.271204",
            "FGT2": 9.55046,
            "PG": 17.8695
        },
        "summary": {
            "Z": {
                "low": 17.4719,
                "high": 608.082
            },
            "sse": {
                "tohc": 8.6958e-06,
                "fitted": 0.000105407
            },
            "normality": "Normal",
            "mean_ppp": 122.475,
            "validity": "Valid"
        }
    }
}