{
    "distribution": {
        "index": [
            1,
            2,
            3,
            4,
            5,
            6,
            7,
            8,
            9,
            10
        ],
        "L": [
            0.006125191,
            0.02011738,
            0.04109367,
            0.06977747,
            0.1087658,
            0.1634648,
            0.2405802,
            0.352659,
            0.5215558,
            1.0
        ],
        "p": [
            0.1,
            0.2,
            0.3,
            0.4,
            0.5,
            0.6,
            0.7,
            0.8,
            0.9,
            1.0
        ]
    },
    "deciles": [
        0.693415,
        1.29719,
        2.02078,
        2.90898,
        4.03423,
        5.5232,
        7.62381,
        10.9137,
        17.2514,
        47.7333
    ],
    "elasticity": {
        "HC": {
            "Gini": -0.0888933,
            "meancons": -0.231471
        },
        "PG": {
            "Gini": 0.450038,
            "meancons": -0.432057
        },
        "FGT2": {
            "Gini": 1.01899,
            "meancons": -0.554464
        }
    },
    "dist": {
        "MLD": 0.740922,
        "mean_corrected": -0.00373317,
        "Gini": 61.3307,
        "mean_corrected_is_ppp": "(PPP$)",
        "uses_commentary": "(Beta lorenz curves is invalid)",
        "mean_poor50": 0.0291155,
        "polarization": 71.2696,
        "median_ppp": 16.742537593986,
        "median": 0.0625027,
        "uses": "GQ",
        "median_is_ppp": "(PPP$)",
        "mean_poor50_is_ppp": "(PPP$)"
    },
    "dataset": {
        "country": "Central African Republic",
        "timespan": "UnDefined",
        "year": 1992,
        "measure": "Consumption",
        "cc3": "CAF",
        "format": "Grouped",
        "coverage": "National",
        "source": "CAF_N1992X"
    },
    "beta": {
        "implied": {
            "theta": 1.051689,
            "delta": 0.3915526,
            "gamma": 1.036893
        },
        "summary": {
            "Z": {
                "low": 9.53492,
                "high": 178.357
            },
            "sse": {
                "tohc": 0.00010359,
                "fitted": 0.00010359
            },
            "normality": "Abnormal",
            "mean_ppp": 35.5976,
            "validity": "Invalid"
        },
        "reg": {
            "RMSE": 0.012481,
            "SST": 2.248688,
            "SSE": 0.0009346524,
            "params": {
                "A": {
                    "coef": 0.391553,
                    "se": 0.01144,
                    "t": 34.2269
                }
            },
            "R2": 0.9995844,
            "MSE": 0.0001557754,
            "ymean": -1.206863
        }
    },
    "poverty": {
        "PG": 58.8452,
        "FGT2": 46.0724,
        "uses": "GQ",
        "uses_commentary": "(Beta is invalid and abnormal.)",
        "HC": 84.2696,
        "line_month_ppp": 57.7917,
        "Watt": "1.34828"
    },
    "summary": {
        "Z": {
            "low": 5.52605,
            "high": 213.43
        },
        "sse": {
            "tohc": 1.20246e-05,
            "fitted": 1.20246e-05
        },
        "normality": "Normal",
        "mean_ppp": 35.5976,
        "validity": "Valid"
    },
    "quadratic": {
        "reg": {
            "RMSE": 0.003480679,
            "SST": 0.06546978,
            "SSE": 7.269076e-05,
            "params": {
                "B": {
                    "se": 0.2543,
                    "coef": 2.12631,
                    "t": 8.36156
                },
                "C": {
                    "coef": 0.183154,
                    "se": 0.029503,
                    "t": 6.20796
                },
                "A": {
                    "coef": 1.01454,
                    "se": 0.025046,
                    "t": 40.5077
                }
            },
            "R2": 0.9988897,
            "MSE": 1.211513e-05,
            "ymean": 0.1138135
        },
        "deciles": [
            0.693415,
            1.29719,
            2.02078,
            2.90898,
            4.03423,
            5.5232,
            7.62381,
            10.9137,
            17.2514,
            47.7333
        ],
        "elasticity": {
            "HC": {
                "Gini": -0.0888933,
                "meancons": -0.231471
            },
            "PG": {
                "Gini": 0.450038,
                "meancons": -0.432057
            },
            "FGT2": {
                "Gini": 1.01899,
                "meancons": -0.554464
            }
        },
        "dist": {
            "MLD": 0.740922,
            "median": 0.0625027,
            "mean_corrected": 0.0513882,
            "Gini": 61.3307,
            "mean_corrected_is_ppp": "(PPP$)",
            "median_is_ppp": "(PPP$)",
            "mean_poor50_is_ppp": "(PPP$)",
            "polarization": 71.2696,
            "mean_poor50": 0.0291155,
            "median_ppp": 16.742537593986
        },
        "poverty": {
            "HC": 84.2696,
            "line_month_ppp": 57.7917,
            "Watt": "1.34828",
            "FGT2": 46.0724,
            "PG": 58.8452
        },
        "summary": {
            "Z": {
                "low": 5.52605,
                "high": 213.43
            },
            "sse": {
                "tohc": 1.20246e-05,
                "fitted": 1.20246e-05
            },
            "normality": "Normal",
            "mean_ppp": 35.5976,
            "validity": "Valid"
        }
    }
}