{
    "deciles": [
        2.652,
        4.6271,
        5.8918,
        7.0216,
        8.1299,
        9.286,
        10.636,
        12.446,
        15.429,
        23.881
    ],
    "dist": {
        "Gini": 0.317733,
        "median": {
            "lcu": 1165.71
        },
        "MLD": 0.195473
    },
    "poverty": {
        "Watt": 0.0,
        "HC": 0.00361986,
        "PG": 0.0155168,
        "line_month_ppp": 57.7917,
        "line_month_lcu": 55.9716,
        "line_day_ppp": 1.9,
        "FGT2": 0.0665139
    },
    "summary": {
        "mean_ppp": 1345.43,
        "ppp": 1.28458,
        "mean_lcu": 1303.06
    },
    "pop": {
        "min": -143.202,
        "max": 5810.1,
        "pop": 100.004,
        "N": 300,
        "wealth": 101442.0
    },
    "estimation": {
        "max_is_ppp": "(PPP$)",
        "wealth_is_ppp": "(PPP$)",
        "min_is_ppp": "(PPP$)"
    },
    "dataset": {
        "country": "Canada",
        "source": "CAN_N1997Y",
        "coverage": "National",
        "timespan": "UnDefined",
        "year": 1997,
        "format": "Unit record",
        "measure": "Income",
        "cc3": "CAN"
    },
    "distribution": {
        "L": [
            0.010289,
            0.026533,
            0.047936,
            0.072807,
            0.1008,
            0.13173,
            0.16548,
            0.20195,
            0.2412,
            0.28325,
            0.32811,
            0.37615,
            0.42745,
            0.48255,
            0.54198,
            0.60698,
            0.67941,
            0.76126,
            0.85767,
            1.0
        ],
        "index": [
            0,
            1,
            2,
            3,
            4,
            5,
            6,
            7,
            8,
            9,
            10,
            11,
            12,
            13,
            14,
            15,
            16,
            17,
            18,
            19
        ],
        "p": [
            0.053348,
            0.10004,
            0.15004,
            0.20003,
            0.25003,
            0.30003,
            0.35004,
            0.40003,
            0.45003,
            0.50003,
            0.55005,
            0.60007,
            0.65007,
            0.7001,
            0.75009,
            0.80006,
            0.85009,
            0.90004,
            0.95004,
            1.0
        ]
    }
}