{
    "distribution": {
        "index": [
            0,
            1,
            2,
            3,
            4,
            5,
            6,
            7,
            8,
            9,
            10,
            11,
            12,
            13,
            14,
            15,
            16,
            17,
            18,
            19
        ],
        "L": [
            0.010173,
            0.026978,
            0.047643,
            0.071526,
            0.098373,
            0.12786,
            0.15996,
            0.19461,
            0.23189,
            0.27191,
            0.31493,
            0.36103,
            0.41072,
            0.46458,
            0.52304,
            0.58725,
            0.65869,
            0.73942,
            0.83641,
            1.0
        ],
        "p": [
            0.050152,
            0.10002,
            0.15005,
            0.20001,
            0.25003,
            0.3001,
            0.35008,
            0.40002,
            0.45008,
            0.50006,
            0.55014,
            0.60003,
            0.65003,
            0.70011,
            0.75003,
            0.80001,
            0.85002,
            0.90001,
            0.95002,
            1.0
        ]
    },
    "deciles": [
        2.697,
        4.4553,
        5.6279,
        6.6796,
        7.7271,
        8.9138,
        10.345,
        12.277,
        15.217,
        26.06
    ],
    "pop": {
        "N": 300,
        "max": 14505.7,
        "wealth": 154755.0,
        "pop": 99.997,
        "min": -28.8584
    },
    "dist": {
        "MLD": 0.216134,
        "Gini": 0.338976,
        "median_ppp": 1377.99
    },
    "dataset": {
        "country": "Canada",
        "timespan": "UnDefined",
        "year": 2007,
        "measure": "Income",
        "format": "Unit record",
        "cc3": "CAN",
        "coverage": "National",
        "source": "CAN_N2007Y"
    },
    "estimation": {
        "min_is_ppp": "(PPP$)",
        "max_is_ppp": "(PPP$)",
        "wealth_is_ppp": "(PPP$)"
    },
    "poverty": {
        "PG": 0.00514919,
        "line_month_lcu": 69.0303,
        "line_day_ppp": 1.9,
        "HC": 0.0033501,
        "line_month_ppp": 57.7917,
        "FGT2": 0.00791443,
        "Watt": 0.0
    },
    "summary": {
        "ppp": 1.28458,
        "mean_ppp": 1664.36,
        "mean_lcu": 1988.02
    }
}