{
    "beta": {
        "implied": {
            "theta": 0.6518201,
            "gamma": 0.9596255,
            "delta": 0.5043659
        },
        "reg": {
            "RMSE": 0.01751289,
            "R2": 0.9999235,
            "MSE": 0.0003067012,
            "params": {
                "A": {
                    "se": 0.004294,
                    "coef": 0.504366,
                    "t": 117.458
                }
            },
            "SST": 60.11043,
            "ymean": -2.670367,
            "SSE": 0.004600518
        },
        "elasticity": {
            "PG": {
                "meancons": -1.86976,
                "Gini": 1.48804
            },
            "HC": {
                "meancons": -1.17372,
                "Gini": 0.199608
            },
            "FGT2": {
                "meancons": -2.40574,
                "Gini": 2.74926
            }
        },
        "dist": {
            "polarization": -138.172,
            "median_ppp": 14.359,
            "mean_poor50_ppp": 9.64955,
            "MLD": 0.211993,
            "Gini": 35.5771,
            "mean_corrected_ppp": 11.7861
        },
        "poverty": {
            "PG": 19.3752,
            "Watt": 0.26448,
            "HC": 55.6021,
            "FGT2": 8.79544,
            "line_month_ppp": 57.7917
        },
        "deciles": [
            3.21697,
            4.3522,
            5.28207,
            6.2384,
            7.2826,
            8.47829,
            9.92873,
            11.8542,
            14.9226,
            28.4439
        ],
        "summary": {
            "mean_ppp": 67.62,
            "sse": {
                "fitted": 0.000111326,
                "tohc": 4.59158e-05
            },
            "normality": "Normal",
            "validity": "Valid",
            "Z": {
                "low": 15.7755,
                "high": 209.299
            }
        }
    },
    "quadratic": {
        "reg": {
            "ymean": 0.1291862,
            "R2": 0.9999174,
            "MSE": 7.850084e-07,
            "params": {
                "C": {
                    "se": 0.01473,
                    "coef": 0.27639,
                    "t": 18.7633
                },
                "A": {
                    "se": 0.009388,
                    "coef": 0.774043,
                    "t": 82.4501
                },
                "B": {
                    "se": 0.026989,
                    "coef": -1.07971,
                    "t": -40.0061
                }
            },
            "SST": 0.1424767,
            "RMSE": 0.000886007,
            "SSE": 1.177513e-05
        },
        "elasticity": {
            "PG": {
                "meancons": -1.95467,
                "Gini": 1.50249
            },
            "HC": {
                "meancons": -1.22731,
                "Gini": 0.208723
            },
            "FGT2": {
                "meancons": -2.53314,
                "Gini": 2.77093
            }
        },
        "dist": {
            "polarization": 28.9084,
            "median_ppp": 14.2748,
            "MLD": 0.207272,
            "mean_poor50_ppp": 9.75713,
            "Gini": 35.3894,
            "mean_corrected_ppp": 11.8204
        },
        "poverty": {
            "PG": 19.0815,
            "Watt": 0.264094,
            "HC": 56.3795,
            "FGT2": 8.41867,
            "line_month_ppp": 57.7917
        },
        "deciles": [
            3.38613,
            4.39096,
            5.33691,
            6.27941,
            7.27285,
            8.38791,
            9.74307,
            11.5946,
            14.7382,
            28.87
        ],
        "summary": {
            "mean_ppp": 67.62,
            "sse": {
                "fitted": 2.27278e-05,
                "tohc": 8.78478e-06
            },
            "normality": "Normal",
            "validity": "Valid",
            "Z": {
                "low": 23.3294,
                "high": 226.598
            }
        }
    },
    "elasticity": {
        "PG": {
            "meancons": -1.95467,
            "Gini": 1.50249
        },
        "HC": {
            "meancons": -1.22731,
            "Gini": 0.208723
        },
        "FGT2": {
            "meancons": -2.53314,
            "Gini": 2.77093
        }
    },
    "dist": {
        "polarization": 28.9084,
        "uses_commentary": "(Both are valid and normal, but GQ fits better.)",
        "mean_poor50_ppp": 9.75713,
        "MLD": 0.207272,
        "uses": "GQ",
        "Gini": 35.3894,
        "median_ppp": 14.2748,
        "mean_corrected_ppp": -0.270555
    },
    "poverty": {
        "PG": 19.0815,
        "line_month_ppp": 57.7917,
        "HC": 56.3795,
        "FGT2": 8.41867,
        "Watt": 0.264094
    },
    "deciles": [
        3.38613,
        4.39096,
        5.33691,
        6.27941,
        7.27285,
        8.38791,
        9.74307,
        11.5946,
        14.7382,
        28.87
    ],
    "summary": {
        "mean_ppp": 67.62,
        "sse": {
            "fitted": 2.27278e-05,
            "tohc": 8.78478e-06
        },
        "normality": "Normal",
        "validity": "Valid",
        "Z": {
            "low": 23.3294,
            "high": 226.598
        }
    },
    "dataset": {
        "country": "China",
        "source": "CHN_R1999X",
        "timespan": "UnDefined",
        "coverage": "Rural",
        "year": 1999,
        "format": "Grouped",
        "measure": "Consumption",
        "cc3": "CHN"
    },
    "distribution": {
        "L": [
            3.068419e-05,
            0.000451099,
            0.002825467,
            0.01023096,
            0.02528234,
            0.08212611,
            0.1643474,
            0.2565718,
            0.3033504,
            0.388931,
            0.4658492,
            0.5553267,
            0.6662091,
            0.7408725,
            0.7945068,
            0.8323744,
            0.8614053,
            0.884028,
            1.0
        ],
        "index": [
            1,
            2,
            3,
            4,
            5,
            6,
            7,
            8,
            9,
            10,
            11,
            12,
            13,
            14,
            15,
            16,
            17,
            18,
            19
        ],
        "p": [
            0.0002799944,
            0.002779944,
            0.01321974,
            0.03883922,
            0.08176836,
            0.2089758,
            0.3531829,
            0.4857803,
            0.5448891,
            0.6416072,
            0.7176756,
            0.7944341,
            0.8730225,
            0.9162317,
            0.9424612,
            0.9584808,
            0.9693006,
            0.9768405,
            1.0
        ]
    }
}