{
    "beta": {
        "implied": {
            "theta": 0.547114,
            "gamma": 0.9246853,
            "delta": 0.6303505
        },
        "reg": {
            "RMSE": 0.03010176,
            "R2": 0.9993989,
            "MSE": 0.0009061162,
            "params": {
                "A": {
                    "se": 0.009695,
                    "coef": 0.630351,
                    "t": 65.018
                }
            },
            "SST": 9.044087,
            "ymean": -2.730639,
            "SSE": 0.005436697
        },
        "elasticity": {
            "PG": {
                "meancons": -1.39229,
                "Gini": 0.292749
            },
            "HC": {
                "meancons": -0.638833,
                "Gini": -0.188864
            },
            "FGT2": {
                "meancons": -1.88026,
                "Gini": 0.852848
            }
        },
        "dist": {
            "polarization": -146.492,
            "median_ppp": 9.80613,
            "mean_poor50_ppp": 6.91206,
            "MLD": 0.122405,
            "Gini": 26.9687,
            "mean_corrected_ppp": 8.04313
        },
        "poverty": {
            "PG": 35.1655,
            "Watt": 0.511783,
            "HC": 84.1259,
            "FGT2": 18.1253,
            "line_month_ppp": 57.7917
        },
        "deciles": [
            3.91095,
            5.35748,
            6.37876,
            7.35997,
            8.37346,
            9.4726,
            10.7287,
            12.2794,
            14.5132,
            21.6256
        ],
        "summary": {
            "mean_ppp": 40.7062,
            "sse": {
                "fitted": 6.5476e-05,
                "tohc": 4.4976e-05
            },
            "normality": "Normal",
            "validity": "Valid",
            "Z": {
                "low": 10.1038,
                "high": 93.4647
            }
        }
    },
    "quadratic": {
        "reg": {
            "ymean": 0.1149947,
            "R2": 0.9999812,
            "MSE": 2.164011e-07,
            "params": {
                "C": {
                    "se": 0.012554,
                    "coef": 0.163715,
                    "t": 13.0411
                },
                "A": {
                    "se": 0.0067061,
                    "coef": 0.938591,
                    "t": 139.961
                },
                "B": {
                    "se": 0.016833,
                    "coef": -1.58059,
                    "t": -93.9011
                }
            },
            "SST": 0.06893799,
            "RMSE": 0.0004651893,
            "SSE": 1.298407e-06
        },
        "elasticity": {
            "PG": {
                "meancons": -1.40425,
                "Gini": 0.289211
            },
            "HC": {
                "meancons": -0.534096,
                "Gini": -0.157899
            },
            "FGT2": {
                "meancons": -1.95135,
                "Gini": 0.83183
            }
        },
        "dist": {
            "polarization": 21.6226,
            "median_ppp": 9.77161,
            "MLD": 0.118113,
            "mean_poor50_ppp": 7.01781,
            "Gini": 26.6861,
            "mean_corrected_ppp": 8.07425
        },
        "poverty": {
            "PG": 35.4453,
            "Watt": 0.52249,
            "HC": 85.2196,
            "FGT2": 17.9409,
            "line_month_ppp": 57.7917
        },
        "deciles": [
            4.02777,
            5.42866,
            6.52065,
            7.48013,
            8.40351,
            9.36983,
            10.479,
            11.9198,
            14.2383,
            22.1323
        ],
        "summary": {
            "mean_ppp": 40.7062,
            "sse": {
                "fitted": 6.22597e-06,
                "tohc": 4.18462e-06
            },
            "normality": "Normal",
            "validity": "Valid",
            "Z": {
                "low": 16.8579,
                "high": 102.547
            }
        }
    },
    "elasticity": {
        "PG": {
            "meancons": -1.40425,
            "Gini": 0.289211
        },
        "HC": {
            "meancons": -0.534096,
            "Gini": -0.157899
        },
        "FGT2": {
            "meancons": -1.95135,
            "Gini": 0.83183
        }
    },
    "dist": {
        "polarization": 21.6226,
        "uses_commentary": "(Both are valid and normal, but GQ fits better.)",
        "mean_poor50_ppp": 7.01781,
        "MLD": 0.118113,
        "uses": "GQ",
        "Gini": 26.6861,
        "median_ppp": 9.77161,
        "mean_corrected_ppp": -0.270555
    },
    "poverty": {
        "PG": 35.4453,
        "line_month_ppp": 57.7917,
        "HC": 85.2196,
        "FGT2": 17.9409,
        "Watt": 0.52249
    },
    "deciles": [
        4.02777,
        5.42866,
        6.52065,
        7.48013,
        8.40351,
        9.36983,
        10.479,
        11.9198,
        14.2383,
        22.1323
    ],
    "summary": {
        "mean_ppp": 40.7062,
        "sse": {
            "fitted": 6.22597e-06,
            "tohc": 4.18462e-06
        },
        "normality": "Normal",
        "validity": "Valid",
        "Z": {
            "low": 16.8579,
            "high": 102.547
        }
    },
    "dataset": {
        "country": "China",
        "source": "CHN_R1984Y",
        "timespan": "UnDefined",
        "coverage": "Rural",
        "year": 1984,
        "format": "Grouped",
        "measure": "Income",
        "cc3": "CHN"
    },
    "distribution": {
        "L": [
            0.001900885,
            0.01719287,
            0.06764922,
            0.2833885,
            0.5233902,
            0.6929443,
            0.7976945,
            0.9067357,
            0.9562503,
            1.0
        ],
        "index": [
            1,
            2,
            3,
            4,
            5,
            6,
            7,
            8,
            9,
            10
        ],
        "p": [
            0.00890089,
            0.05080508,
            0.1523152,
            0.4589459,
            0.7063706,
            0.8423842,
            0.9110911,
            0.9681968,
            0.9880988,
            1.0
        ]
    }
}