{
    "beta": {
        "implied": {
            "theta": 0.7067436,
            "gamma": 0.9676698,
            "delta": 0.4502792
        },
        "reg": {
            "RMSE": 0.005542904,
            "R2": 0.9998761,
            "MSE": 3.072379e-05,
            "params": {
                "A": {
                    "se": 0.0024877,
                    "coef": 0.450279,
                    "t": 181.004
                }
            },
            "SST": 3.967781,
            "ymean": -1.600564,
            "SSE": 0.0004915806
        },
        "elasticity": {
            "PG": {
                "meancons": -3.23734,
                "Gini": 6.48447
            },
            "HC": {
                "meancons": -2.29035,
                "Gini": 2.96445
            },
            "FGT2": {
                "meancons": -3.96403,
                "Gini": 9.71937
            }
        },
        "dist": {
            "polarization": -131.777,
            "median_ppp": 26.0552,
            "mean_poor50_ppp": 16.8968,
            "MLD": 0.279289,
            "Gini": 40.6452,
            "mean_corrected_ppp": 21.2927
        },
        "poverty": {
            "PG": 5.0273,
            "Watt": 0.0621648,
            "HC": 21.3024,
            "FGT2": 1.68587,
            "line_month_ppp": 57.7917
        },
        "deciles": [
            2.73913,
            3.79442,
            4.69323,
            5.63694,
            6.68682,
            7.91291,
            9.4343,
            11.5121,
            14.9591,
            32.631
        ],
        "summary": {
            "mean_ppp": 132.593,
            "sse": {
                "fitted": 2.10994e-05,
                "tohc": 5.1978e-07
            },
            "normality": "Normal",
            "validity": "Valid",
            "Z": {
                "low": 23.3263,
                "high": 468.417
            }
        }
    },
    "quadratic": {
        "reg": {
            "ymean": 0.1637073,
            "R2": 0.9999481,
            "MSE": 3.462698e-07,
            "params": {
                "C": {
                    "se": 0.0073646,
                    "coef": 0.282978,
                    "t": 38.424
                },
                "A": {
                    "se": 0.0038501,
                    "coef": 0.7368,
                    "t": 191.372
                },
                "B": {
                    "se": 0.016583,
                    "coef": -0.807848,
                    "t": -48.7154
                }
            },
            "SST": 0.106844,
            "RMSE": 0.000588447,
            "SSE": 5.540318e-06
        },
        "elasticity": {
            "PG": {
                "meancons": -3.35954,
                "Gini": 6.64265
            },
            "HC": {
                "meancons": -2.19347,
                "Gini": 2.83905
            },
            "FGT2": {
                "meancons": -4.51178,
                "Gini": 10.4283
            }
        },
        "dist": {
            "polarization": 33.6183,
            "median_ppp": 26.0038,
            "MLD": 0.276586,
            "mean_poor50_ppp": 16.935,
            "Gini": 40.6079,
            "mean_corrected_ppp": 21.3061
        },
        "poverty": {
            "PG": 4.92206,
            "Watt": 0.0605605,
            "HC": 21.4579,
            "FGT2": 1.51174,
            "line_month_ppp": 57.7917
        },
        "deciles": [
            2.82052,
            3.76116,
            4.68903,
            5.64712,
            6.68596,
            7.8792,
            9.35777,
            11.4125,
            14.9583,
            32.7884
        ],
        "summary": {
            "mean_ppp": 132.593,
            "sse": {
                "fitted": 5.04664e-06,
                "tohc": 2.402e-06
            },
            "normality": "Normal",
            "validity": "Valid",
            "Z": {
                "low": 35.0914,
                "high": 494.711
            }
        }
    },
    "elasticity": {
        "PG": {
            "meancons": -3.23734,
            "Gini": 6.48447
        },
        "HC": {
            "meancons": -2.29035,
            "Gini": 2.96445
        },
        "FGT2": {
            "meancons": -3.96403,
            "Gini": 9.71937
        }
    },
    "dist": {
        "polarization": 33.6183,
        "uses_commentary": "(Both are valid and normal, but GQ fits better.)",
        "mean_poor50_ppp": 16.935,
        "MLD": 0.276586,
        "uses": "GQ",
        "Gini": 40.6079,
        "median_ppp": 26.0038,
        "mean_corrected_ppp": -0.270555
    },
    "poverty": {
        "PG": 5.0273,
        "line_month_ppp": 57.7917,
        "HC": 21.3024,
        "FGT2": 1.68587,
        "Watt": 0.0621648
    },
    "deciles": [
        2.82052,
        3.76116,
        4.68903,
        5.64712,
        6.68596,
        7.8792,
        9.35777,
        11.4125,
        14.9583,
        32.7884
    ],
    "summary": {
        "mean_ppp": 132.593,
        "sse": {
            "fitted": 5.04664e-06,
            "tohc": 5.1978e-07
        },
        "normality": "Normal",
        "validity": "Valid",
        "Z": {
            "low": 35.0914,
            "high": 494.711
        }
    },
    "dataset": {
        "country": "China",
        "source": "CHN_R2010X",
        "timespan": "UnDefined",
        "coverage": "Rural",
        "year": 2010,
        "format": "Grouped",
        "measure": "Consumption",
        "cc3": "CHN"
    },
    "distribution": {
        "L": [
            0.01616963,
            0.03635275,
            0.05904385,
            0.08353605,
            0.1100819,
            0.1386212,
            0.1690022,
            0.2012006,
            0.2352761,
            0.272209,
            0.311167,
            0.3534765,
            0.3984527,
            0.4477535,
            0.5007582,
            0.5601056,
            0.6258407,
            0.7013521,
            0.7983556,
            1.0
        ],
        "index": [
            1,
            2,
            3,
            4,
            5,
            6,
            7,
            8,
            9,
            10,
            11,
            12,
            13,
            14,
            15,
            16,
            17,
            18,
            19,
            20
        ],
        "p": [
            0.06567881,
            0.1262515,
            0.1843212,
            0.2398879,
            0.294153,
            0.3472167,
            0.3989788,
            0.4494393,
            0.4986984,
            0.5479575,
            0.5959151,
            0.6438726,
            0.6906288,
            0.7373849,
            0.7828394,
            0.828294,
            0.8724469,
            0.9153985,
            0.95835,
            1.0
        ]
    }
}