{
    "beta": {
        "summary": {
            "mean_month_ppp": 117.34,
            "Z": {
                "low": 20.3205,
                "high": 400.873
            },
            "poverty_normality": "Normal",
            "sse_up_to_hcindex": 1.44177e-06,
            "lorenz_validity": "Valid",
            "sse_fitted": 2.58133e-05
        },
        "reg": {
            "params": {
                "A": {
                    "se": 0.0028142,
                    "t": 168.445,
                    "coef": 0.474042
                }
            },
            "RMSE": 0.006276088,
            "SSE": 0.0006302284,
            "MSE": 3.938927e-05,
            "ymean": -1.632165,
            "R2": 0.9998378,
            "SST": 3.884753
        },
        "dist": {
            "MLD": 0.263098,
            "mean_poor50": 15.2967,
            "deciles": [
                2.76063,
                3.87184,
                4.80873,
                5.78562,
                6.86479,
                8.11519,
                9.65221,
                11.7262,
                15.1076,
                31.3072
            ],
            "Gini": 39.4493,
            "median_is_ppp": "(PPP$)",
            "median": 23.6649,
            "mean_corrected_is_ppp": "(PPP$)",
            "polarization": -131.564,
            "mean_poor50_is_ppp": "(PPP$)",
            "median_ppp": 87.4679831097851,
            "mean_corrected": 19.223
        },
        "poverty": {
            "HC": 26.2511,
            "line_month_ppp": 57.7917,
            "PG": 6.90611,
            "elasticity": {
                "FGT2_wrt_mean_C": -3.44003,
                "FGT2_wrt_Gini": 7.60542,
                "PG_wrt_mean_C": -2.80114,
                "HC_wrt_mean_C": -1.97817,
                "HC_wrt_Gini": 2.03831,
                "PG_wrt_Gini": 4.91671
            },
            "Watt": "0.0876924",
            "FGT2": 2.539
        },
        "implied": {
            "theta": 0.7026518,
            "delta": 0.4740418,
            "gamma": 0.9653484
        }
    },
    "quadratic": {
        "reg": {
            "params": {
                "C": {
                    "se": 0.0078007,
                    "t": 34.4404,
                    "coef": 0.268659
                },
                "A": {
                    "se": 0.0038769,
                    "t": 200.797,
                    "coef": 0.778473
                },
                "B": {
                    "se": 0.017019,
                    "coef": -0.887801,
                    "t": -52.1646
                }
            },
            "RMSE": 0.0006188134,
            "SSE": 6.12688e-06,
            "MSE": 3.8293e-07,
            "SST": 0.1065904,
            "R2": 0.9999425,
            "ymean": 0.1635279
        },
        "dist": {
            "MLD": 0.259305,
            "mean_poor50": 15.3389,
            "deciles": [
                2.84091,
                3.84147,
                4.81202,
                5.80116,
                6.86243,
                8.07082,
                9.55701,
                11.6085,
                15.1244,
                31.4813
            ],
            "median": 23.6006,
            "Gini": 39.399,
            "median_is_ppp": "(PPP$)",
            "mean_corrected": 19.239,
            "mean_corrected_is_ppp": "(PPP$)",
            "polarization": 33.0509,
            "mean_poor50_is_ppp": "(PPP$)",
            "median_ppp": 87.2304230173111
        },
        "poverty": {
            "HC": 26.1727,
            "line_month_ppp": 57.7917,
            "PG": 6.80684,
            "elasticity": {
                "FGT2_wrt_mean_C": -3.73304,
                "FGT2_wrt_Gini": 7.90735,
                "PG_wrt_mean_C": -2.84505,
                "HC_wrt_mean_C": -1.93555,
                "HC_wrt_Gini": 1.99439,
                "PG_wrt_Gini": 4.96196
            },
            "Watt": "0.0865606",
            "FGT2": 2.3746
        },
        "summary": {
            "mean_month_ppp": 117.34,
            "Z": {
                "low": 31.3188,
                "high": 431.894
            },
            "poverty_normality": "Normal",
            "sse_up_to_hcindex": 2.71591e-06,
            "lorenz_validity": "Valid",
            "sse_fitted": 5.47932e-06
        }
    },
    "dataset": {
        "iso3c": "CHN",
        "country": "China",
        "source": "CHN_R2008X",
        "format": "Grouped",
        "measure": "Consumption",
        "timespan": "UnDefined",
        "coverage": "Rural",
        "year": 2008
    },
    "dist": {
        "Gini": 39.399,
        "median_is_ppp": "(PPP$)",
        "polarization": 33.0509,
        "mean_corrected_is_ppp": "(PPP$)",
        "median": 23.6006,
        "median_ppp": 87.2304230173111,
        "MLD": 0.259305,
        "mean_poor50": 15.3389,
        "deciles": [
            2.84091,
            3.84147,
            4.81202,
            5.80116,
            6.86243,
            8.07082,
            9.55701,
            11.6085,
            15.1244,
            31.4813
        ],
        "uses": "GQ",
        "mean_poor50_is_ppp": "(PPP$)",
        "mean_corrected": -0.270555,
        "uses_commentary": "(Both are valid, but GQ fits better)"
    },
    "lorenz": {
        "index": [
            1,
            2,
            3,
            4,
            5,
            6,
            7,
            8,
            9,
            10,
            11,
            12,
            13,
            14,
            15,
            16,
            17,
            18,
            19,
            20
        ],
        "L": [
            0.01589437,
            0.03618599,
            0.05907343,
            0.08398194,
            0.1110093,
            0.1398951,
            0.1706289,
            0.203746,
            0.2391368,
            0.2768159,
            0.3172199,
            0.3600435,
            0.4061549,
            0.4562516,
            0.5108963,
            0.570951,
            0.6388038,
            0.7154868,
            0.8103667,
            1.0
        ],
        "p": [
            0.06471294,
            0.124825,
            0.1824365,
            0.2377475,
            0.2917584,
            0.3442689,
            0.3954791,
            0.4462893,
            0.4963993,
            0.5457091,
            0.5945189,
            0.6421284,
            0.6892378,
            0.7359472,
            0.7820564,
            0.8273655,
            0.8723745,
            0.9157832,
            0.9580916,
            1.0
        ]
    },
    "poverty": {
        "HC": 26.2511,
        "line_month_ppp": 57.7917,
        "PG": 6.90611,
        "Watt": "0.0876924",
        "FGT2": 2.539,
        "elasticity": {
            "HC_wrt_mean_C": -1.97817,
            "FGT2_wrt_Gini": 7.60542,
            "PG_wrt_mean_C": -2.80114,
            "FGT2_wrt_mean_C": -3.44003,
            "HC_wrt_Gini": 2.03831,
            "PG_wrt_Gini": 4.91671
        },
        "uses": "GQ",
        "uses_commentary": "(Both are valid and normal, but GQ fits better.)"
    },
    "summary": {
        "mean_month_ppp": 117.34,
        "Z": {
            "low": 31.3188,
            "high": 431.894
        },
        "poverty_normality": "Normal",
        "sse_up_to_hcindex": 1.44177e-06,
        "lorenz_validity": "Valid",
        "sse_fitted": 5.47932e-06
    }
}