{
    "beta": {
        "implied": {
            "theta": 0.6522131,
            "gamma": 0.9413891,
            "delta": 0.5113787
        },
        "reg": {
            "RMSE": 0.007120609,
            "R2": 0.9997824,
            "MSE": 5.070307e-05,
            "params": {
                "A": {
                    "se": 0.0032355,
                    "coef": 0.511379,
                    "t": 158.052
                }
            },
            "SST": 3.728265,
            "ymean": -1.733271,
            "SSE": 0.0008112491
        },
        "elasticity": {
            "PG": {
                "meancons": -2.47915,
                "Gini": 16.0146
            },
            "HC": {
                "meancons": -3.48134,
                "Gini": 15.0241
            },
            "FGT2": {
                "meancons": -1.37034,
                "Gini": 16.545
            }
        },
        "dist": {
            "polarization": -132.494,
            "median_ppp": 66.0825,
            "mean_poor50_ppp": 43.5073,
            "MLD": 0.219208,
            "Gini": 35.7919,
            "mean_corrected_ppp": 53.3657
        },
        "poverty": {
            "PG": 0.213757,
            "Watt": 0.00209805,
            "HC": 0.743693,
            "FGT2": 0.126846,
            "line_month_ppp": 57.7917
        },
        "deciles": [
            2.92704,
            4.28418,
            5.29258,
            6.29675,
            7.3728,
            8.58919,
            10.0504,
            11.9746,
            15.0182,
            28.1943
        ],
        "summary": {
            "mean_ppp": 307.197,
            "sse": {
                "fitted": 2.64166e-05,
                "tohc": 5.04341e-08
            },
            "normality": "Normal",
            "validity": "Valid",
            "Z": {
                "low": 28.7416,
                "high": 957.551
            }
        }
    },
    "quadratic": {
        "reg": {
            "ymean": 0.1646517,
            "R2": 0.9999555,
            "MSE": 2.951706e-07,
            "params": {
                "C": {
                    "se": 0.0069789,
                    "coef": 0.205788,
                    "t": 29.4872
                },
                "A": {
                    "se": 0.0033557,
                    "coef": 0.857554,
                    "t": 255.549
                },
                "B": {
                    "se": 0.013316,
                    "coef": -1.1849,
                    "t": -88.9859
                }
            },
            "SST": 0.1060796,
            "RMSE": 0.0005432961,
            "SSE": 4.72273e-06
        },
        "elasticity": {
            "PG": {
                "meancons": 0.0,
                "Gini": 0.0
            },
            "HC": {
                "meancons": 0.0,
                "Gini": 0.0
            },
            "FGT2": {
                "meancons": 0.0,
                "Gini": 0.0
            }
        },
        "dist": {
            "polarization": 29.517,
            "median_ppp": 66.1067,
            "MLD": 0.21403,
            "mean_poor50_ppp": 43.6487,
            "Gini": 35.7445,
            "mean_corrected_ppp": 53.4051
        },
        "poverty": {
            "PG": 0.0,
            "Watt": 0.0,
            "HC": 0.0,
            "FGT2": 0.0,
            "line_month_ppp": 57.7917
        },
        "deciles": [
            3.01563,
            4.21871,
            5.29641,
            6.33243,
            7.39527,
            8.56301,
            9.9577,
            11.8353,
            14.9797,
            28.4058
        ],
        "summary": {
            "mean_ppp": 307.197,
            "sse": {
                "fitted": 7.95267e-06,
                "tohc": 2.16502e-06
            },
            "normality": "Normal",
            "validity": "Valid",
            "Z": {
                "low": 76.4092,
                "high": 1035.16
            }
        }
    },
    "elasticity": {
        "PG": {
            "meancons": -2.47915,
            "Gini": 16.0146
        },
        "HC": {
            "meancons": -3.48134,
            "Gini": 15.0241
        },
        "FGT2": {
            "meancons": -1.37034,
            "Gini": 16.545
        }
    },
    "dist": {
        "polarization": 29.517,
        "uses_commentary": "(Both are valid and normal, but GQ fits better.)",
        "mean_poor50_ppp": 43.6487,
        "MLD": 0.21403,
        "uses": "GQ",
        "Gini": 35.7445,
        "median_ppp": 66.1067,
        "mean_corrected_ppp": -0.270555
    },
    "poverty": {
        "PG": 0.213757,
        "line_month_ppp": 57.7917,
        "HC": 0.743693,
        "FGT2": 0.126846,
        "Watt": 0.00209805
    },
    "deciles": [
        3.01563,
        4.21871,
        5.29641,
        6.33243,
        7.39527,
        8.56301,
        9.9577,
        11.8353,
        14.9797,
        28.4058
    ],
    "summary": {
        "mean_ppp": 307.197,
        "sse": {
            "fitted": 7.95267e-06,
            "tohc": 5.04341e-08
        },
        "normality": "Normal",
        "validity": "Valid",
        "Z": {
            "low": 76.4092,
            "high": 1035.16
        }
    },
    "dataset": {
        "country": "China",
        "source": "CHN_U2010X",
        "timespan": "UnDefined",
        "coverage": "Urban",
        "year": 2010,
        "format": "Grouped",
        "measure": "Consumption",
        "cc3": "CHN"
    },
    "distribution": {
        "L": [
            0.0153684,
            0.0362446,
            0.06032144,
            0.08717408,
            0.1164101,
            0.1472537,
            0.1807331,
            0.2162206,
            0.2529479,
            0.2932211,
            0.33567,
            0.3803396,
            0.4285677,
            0.4796786,
            0.5341666,
            0.5943273,
            0.6618777,
            0.7385839,
            0.8317883,
            1.0
        ],
        "index": [
            1,
            2,
            3,
            4,
            5,
            6,
            7,
            8,
            9,
            10,
            11,
            12,
            13,
            14,
            15,
            16,
            17,
            18,
            19,
            20
        ],
        "p": [
            0.06093906,
            0.1188811,
            0.1748252,
            0.2297702,
            0.2837163,
            0.3356643,
            0.3876124,
            0.4385614,
            0.4875125,
            0.5374625,
            0.5864136,
            0.6343656,
            0.6823177,
            0.7292707,
            0.7752248,
            0.8211788,
            0.8671329,
            0.9120879,
            0.956044,
            1.0
        ]
    }
}