{
    "summary": {
        "poverty_normality": "Normal",
        "sse_fitted": 1.4271e-05,
        "sse_up_to_hcindex": 6.91726e-06,
        "Z": {
            "high": 278.689,
            "low": 24.613
        },
        "mean_month_ppp": 78.3715,
        "lorenz_validity": "Valid"
    },
    "poverty": {
        "uses": "GQ",
        "elasticity": {
            "HC_wrt_Gini": 0.478418,
            "FGT2_wrt_Gini": 3.6615,
            "FGT2_wrt_mean_C": -2.66578,
            "PG_wrt_mean_C": -2.05831,
            "HC_wrt_mean_C": -1.34348,
            "PG_wrt_Gini": 2.08907
        },
        "HC": 48.7981,
        "uses_commentary": "(Both are valid and normal, but GQ fits better.)",
        "line_month_ppp": 57.7917,
        "PG": 15.9559,
        "FGT2": 6.83953,
        "Watt": "0.218875"
    },
    "dist": {
        "MLD": 0.240325,
        "median_ppp": 58.8611249496436,
        "median": 15.9251,
        "mean_corrected": -0.270555,
        "Gini": 38.0194,
        "median_is_ppp": "(PPP$)",
        "uses": "GQ",
        "mean_poor50": 10.6496,
        "polarization": 31.3041,
        "deciles": [
            3.11996,
            4.07595,
            5.00355,
            5.94916,
            6.96395,
            8.11968,
            9.54147,
            11.5047,
            14.8716,
            30.8499
        ],
        "uses_commentary": "(Both are valid, but GQ fits better)",
        "mean_corrected_is_ppp": "(PPP$)",
        "mean_poor50_is_ppp": "(PPP$)"
    },
    "lorenz": {
        "L": [
            4.006438e-07,
            2.146251e-05,
            0.0002193399,
            0.001706816,
            0.006584681,
            0.01674248,
            0.05678913,
            0.1183028,
            0.1893531,
            0.2266524,
            0.2995542,
            0.3667453,
            0.4553608,
            0.5716941,
            0.6552725,
            0.7160773,
            0.7613976,
            0.796936,
            0.8266412,
            1.0
        ],
        "index": [
            1,
            2,
            3,
            4,
            5,
            6,
            7,
            8,
            9,
            10,
            11,
            12,
            13,
            14,
            15,
            16,
            17,
            18,
            19,
            20
        ],
        "p": [
            1.420081e-05,
            0.0002378636,
            0.001615343,
            0.009202127,
            0.02886315,
            0.06244098,
            0.1666536,
            0.2921036,
            0.4108295,
            0.4656092,
            0.5613972,
            0.6385857,
            0.7268793,
            0.8226212,
            0.8787606,
            0.9133289,
            0.9355887,
            0.9509575,
            0.9624637,
            1.0
        ]
    },
    "dataset": {
        "coverage": "Rural",
        "country": "China",
        "timespan": "UnDefined",
        "source": "CHN_R2002X",
        "iso3c": "CHN",
        "format": "Grouped",
        "year": 2002,
        "measure": "Consumption"
    },
    "beta": {
        "summary": {
            "poverty_normality": "Normal",
            "sse_fitted": 6.46491e-05,
            "sse_up_to_hcindex": 3.766e-05,
            "Z": {
                "high": 260.32,
                "low": 17.0947
            },
            "mean_month_ppp": 78.3715,
            "lorenz_validity": "Valid"
        },
        "poverty": {
            "elasticity": {
                "HC_wrt_Gini": 0.456317,
                "FGT2_wrt_Gini": 3.61523,
                "FGT2_wrt_mean_C": -2.53584,
                "HC_wrt_mean_C": -1.28142,
                "PG_wrt_Gini": 2.06156,
                "PG_wrt_mean_C": -1.98104
            },
            "HC": 48.6236,
            "line_month_ppp": 57.7917,
            "PG": 16.3109,
            "FGT2": 7.19202,
            "Watt": "0.219525"
        },
        "dist": {
            "mean_poor50": 10.5399,
            "MLD": 0.245802,
            "median_ppp": 59.0829573597067,
            "median": 15.9852,
            "mean_corrected": 13.094,
            "Gini": 38.2466,
            "deciles": [
                2.97289,
                4.04692,
                4.95885,
                5.91128,
                6.96392,
                8.1834,
                9.68148,
                11.7006,
                14.9859,
                30.5947
            ],
            "mean_corrected_is_ppp": "(PPP$)",
            "median_is_ppp": "(PPP$)",
            "polarization": -135.256,
            "mean_poor50_is_ppp": "(PPP$)"
        },
        "implied": {
            "gamma": 0.9663595,
            "delta": 0.4769875,
            "theta": 0.683852
        },
        "reg": {
            "RMSE": 0.01417471,
            "params": {
                "A": {
                    "coef": 0.476988,
                    "se": 0.003784,
                    "t": 126.054
                }
            },
            "R2": 0.999977,
            "SST": 139.4883,
            "ymean": -3.102586,
            "SSE": 0.003214757,
            "MSE": 0.0002009223
        }
    },
    "quadratic": {
        "summary": {
            "poverty_normality": "Normal",
            "sse_fitted": 1.4271e-05,
            "sse_up_to_hcindex": 6.91726e-06,
            "Z": {
                "high": 278.689,
                "low": 24.613
            },
            "mean_month_ppp": 78.3715,
            "lorenz_validity": "Valid"
        },
        "reg": {
            "RMSE": 0.0008307531,
            "params": {
                "C": {
                    "coef": 0.290639,
                    "t": 21.9009,
                    "se": 0.013271
                },
                "A": {
                    "coef": 0.747111,
                    "se": 0.0080905,
                    "t": 92.3447
                },
                "B": {
                    "coef": -0.92838,
                    "se": 0.026811,
                    "t": -34.6263
                }
            },
            "R2": 0.9999335,
            "SST": 0.1661006,
            "ymean": 0.1243441,
            "SSE": 1.104241e-05,
            "MSE": 6.901507e-07
        },
        "dist": {
            "mean_poor50": 10.6496,
            "MLD": 0.240325,
            "median_ppp": 58.8611249496436,
            "median": 15.9251,
            "mean_corrected": 13.1422,
            "Gini": 38.0194,
            "mean_corrected_is_ppp": "(PPP$)",
            "median_is_ppp": "(PPP$)",
            "mean_poor50_is_ppp": "(PPP$)",
            "deciles": [
                3.11996,
                4.07595,
                5.00355,
                5.94916,
                6.96395,
                8.11968,
                9.54147,
                11.5047,
                14.8716,
                30.8499
            ],
            "polarization": 31.3041
        },
        "poverty": {
            "elasticity": {
                "HC_wrt_Gini": 0.478418,
                "FGT2_wrt_Gini": 3.6615,
                "FGT2_wrt_mean_C": -2.66578,
                "HC_wrt_mean_C": -1.34348,
                "PG_wrt_Gini": 2.08907,
                "PG_wrt_mean_C": -2.05831
            },
            "HC": 48.7981,
            "line_month_ppp": 57.7917,
            "PG": 15.9559,
            "FGT2": 6.83953,
            "Watt": "0.218875"
        }
    }
}