{
    "beta": {
        "implied": {
            "theta": 0.7053571,
            "gamma": 0.9636028,
            "delta": 0.4765061
        },
        "reg": {
            "RMSE": 0.006101771,
            "R2": 0.9998362,
            "MSE": 3.723161e-05,
            "params": {
                "A": {
                    "se": 0.0027462,
                    "coef": 0.476506,
                    "t": 173.512
                }
            },
            "SST": 3.635978,
            "ymean": -1.619483,
            "SSE": 0.0005957058
        },
        "elasticity": {
            "PG": {
                "meancons": -3.7805,
                "Gini": 9.30326
            },
            "HC": {
                "meancons": -2.89276,
                "Gini": 5.02444
            },
            "FGT2": {
                "meancons": -4.33819,
                "Gini": 13.0088
            }
        },
        "dist": {
            "polarization": -130.275,
            "median_ppp": 31.9564,
            "mean_poor50_ppp": 20.5451,
            "MLD": 0.265068,
            "Gini": 39.5441,
            "mean_corrected_ppp": 25.8713
        },
        "poverty": {
            "PG": 2.71572,
            "Watt": 0.0325499,
            "HC": 12.9825,
            "FGT2": 0.856939,
            "line_month_ppp": 57.7917
        },
        "deciles": [
            2.70538,
            3.84527,
            4.7963,
            5.7844,
            6.87346,
            8.13308,
            9.67893,
            11.7614,
            15.1497,
            31.2721
        ],
        "summary": {
            "mean_ppp": 158.17,
            "sse": {
                "fitted": 2.46592e-05,
                "tohc": 1.24282e-07
            },
            "normality": "Normal",
            "validity": "Valid",
            "Z": {
                "low": 24.0678,
                "high": 541.645
            }
        }
    },
    "quadratic": {
        "reg": {
            "ymean": 0.1646968,
            "R2": 0.9999654,
            "MSE": 2.288045e-07,
            "params": {
                "C": {
                    "se": 0.0058027,
                    "coef": 0.249106,
                    "t": 42.9293
                },
                "A": {
                    "se": 0.0028957,
                    "coef": 0.794414,
                    "t": 274.34
                },
                "B": {
                    "se": 0.012731,
                    "coef": -0.921874,
                    "t": -72.4093
                }
            },
            "SST": 0.1058552,
            "RMSE": 0.0004783351,
            "SSE": 3.660872e-06
        },
        "elasticity": {
            "PG": {
                "meancons": -4.20127,
                "Gini": 10.0341
            },
            "HC": {
                "meancons": -2.68142,
                "Gini": 4.65735
            },
            "FGT2": {
                "meancons": -5.73182,
                "Gini": 15.4294
            }
        },
        "dist": {
            "polarization": 33.0542,
            "median_ppp": 31.9329,
            "MLD": 0.261665,
            "mean_poor50_ppp": 20.6137,
            "Gini": 39.4973,
            "mean_corrected_ppp": 25.8913
        },
        "poverty": {
            "PG": 2.58447,
            "Watt": 0.0320648,
            "HC": 13.4425,
            "FGT2": 0.668528,
            "line_month_ppp": 57.7917
        },
        "deciles": [
            2.7699,
            3.80935,
            4.80616,
            5.81324,
            6.88635,
            8.10147,
            9.58912,
            11.6348,
            15.1297,
            31.4599
        ],
        "summary": {
            "mean_ppp": 158.17,
            "sse": {
                "fitted": 3.96935e-06,
                "tohc": 1.74091e-06
            },
            "normality": "Normal",
            "validity": "Valid",
            "Z": {
                "low": 39.308,
                "high": 581.064
            }
        }
    },
    "elasticity": {
        "PG": {
            "meancons": -3.7805,
            "Gini": 9.30326
        },
        "HC": {
            "meancons": -2.89276,
            "Gini": 5.02444
        },
        "FGT2": {
            "meancons": -4.33819,
            "Gini": 13.0088
        }
    },
    "dist": {
        "polarization": 33.0542,
        "uses_commentary": "(Both are valid and normal, but GQ fits better.)",
        "mean_poor50_ppp": 20.6137,
        "MLD": 0.261665,
        "uses": "GQ",
        "Gini": 39.4973,
        "median_ppp": 31.9329,
        "mean_corrected_ppp": -0.270555
    },
    "poverty": {
        "PG": 2.71572,
        "line_month_ppp": 57.7917,
        "HC": 12.9825,
        "FGT2": 0.856939,
        "Watt": 0.0325499
    },
    "deciles": [
        2.7699,
        3.80935,
        4.80616,
        5.81324,
        6.88635,
        8.10147,
        9.58912,
        11.6348,
        15.1297,
        31.4599
    ],
    "summary": {
        "mean_ppp": 158.17,
        "sse": {
            "fitted": 3.96935e-06,
            "tohc": 1.24282e-07
        },
        "normality": "Normal",
        "validity": "Valid",
        "Z": {
            "low": 39.308,
            "high": 581.064
        }
    },
    "dataset": {
        "country": "China",
        "source": "CHN_R2012X",
        "timespan": "UnDefined",
        "coverage": "Rural",
        "year": 2012,
        "format": "Grouped",
        "measure": "Consumption",
        "cc3": "CHN"
    },
    "distribution": {
        "L": [
            0.01666822,
            0.03750829,
            0.06064391,
            0.08578623,
            0.113131,
            0.142576,
            0.1748081,
            0.2090869,
            0.244421,
            0.2826348,
            0.3228767,
            0.366491,
            0.4126273,
            0.4616828,
            0.5157065,
            0.5740808,
            0.6405334,
            0.7162538,
            0.8126139,
            1.0
        ],
        "index": [
            1,
            2,
            3,
            4,
            5,
            6,
            7,
            8,
            9,
            10,
            11,
            12,
            13,
            14,
            15,
            16,
            17,
            18,
            19,
            20
        ],
        "p": [
            0.0683871,
            0.1303226,
            0.1883871,
            0.243871,
            0.2980645,
            0.3509677,
            0.403871,
            0.4554839,
            0.5045161,
            0.5535484,
            0.6012903,
            0.6490323,
            0.6954839,
            0.7406452,
            0.7858065,
            0.8296774,
            0.8735484,
            0.916129,
            0.9587097,
            1.0
        ]
    }
}