{
    "dist": {
        "mean_corrected": -0.270555,
        "Gini": 35.1543,
        "polarization": 28.8679,
        "median_is_ppp": "(PPP$)",
        "poverty_uses_commentary": "(Both are valid and normal, but GQ fits better.)",
        "mean_poor50_is_ppp": "(PPP$)",
        "poverty_uses": "GQ",
        "MLD": 0.207651,
        "mean_poor50": 38.308,
        "uses_commentary": "(Both are valid, but GQ fits better)",
        "deciles": [
            3.02429,
            4.28181,
            5.38524,
            6.431,
            7.49268,
            8.64986,
            10.0232,
            11.8624,
            14.9288,
            27.9207
        ],
        "HC": 1.33176,
        "mean_corrected_is_ppp": "(PPP$)",
        "median": 57.9153,
        "median_ppp": 214.061323632611,
        "FGT2": 0.218475,
        "Watt": "0.00367593",
        "PG": 0.377138,
        "elasticity": {
            "FGT2_wrt_Gini": 14.4382,
            "HC_wrt_Gini": 12.4308,
            "PG_wrt_mean_C": -2.53124,
            "FGT2_wrt_mean_C": -1.45247,
            "PG_wrt_Gini": 13.722,
            "HC_wrt_mean_C": -3.45041
        },
        "uses": "GQ"
    },
    "beta": {
        "reg": {
            "ymean": -1.750054,
            "R2": 0.9999383,
            "SST": 3.659186,
            "RMSE": 0.003756969,
            "MSE": 1.411482e-05,
            "params": {
                "C": {
                    "se": 0.0016937,
                    "t": 302.916,
                    "coef": 0.513035
                },
                "A": {
                    "se": 0.0032396,
                    "t": -138.051,
                    "coef": -0.447233
                },
                "B": {
                    "se": 0.001902,
                    "t": 491.075,
                    "coef": 0.934049
                }
            },
            "SSE": 0.000225837
        },
        "inputs": {
            "line_month_ppp": 57.7917
        },
        "dist": {
            "mean_corrected": 46.6276,
            "Gini": 35.2097,
            "polarization": -133.264,
            "PG": 0.377138,
            "elasticity": {
                "FGT2_wrt_Gini": 14.4382,
                "HC_wrt_Gini": 12.4308,
                "PG_wrt_mean_C": -2.53124,
                "FGT2_wrt_mean_C": -1.45247,
                "PG_wrt_Gini": 13.722,
                "HC_wrt_mean_C": -3.45041
            },
            "median_is_ppp": "(PPP$)",
            "MLD": 0.214137,
            "HC": 1.33176,
            "mean_poor50": 38.2137,
            "deciles": [
                2.9491,
                4.36917,
                5.38737,
                6.38902,
                7.45478,
                8.65385,
                10.0893,
                11.9746,
                14.9503,
                27.7825
            ],
            "mean_corrected_is_ppp": "(PPP$)",
            "median": 57.7564,
            "Watt": "0.00367593",
            "median_ppp": 213.473933955798,
            "mean_poor50_is_ppp": "(PPP$)",
            "FGT2": 0.218475
        },
        "summary": {
            "Z": {
                "high": 815.977,
                "low": 19.7284
            },
            "lorenz_validity": "Valid",
            "sse_fitted": 7.22749e-06,
            "mean_month_ppp": 265.998,
            "sse_up_to_hcindex": 2.60529e-09,
            "poverty_normality": "Normal"
        },
        "implied": {
            "gamma": 0.9340491,
            "theta": 0.6393946,
            "delta": 0.5130354
        }
    },
    "inputs": {
        "line_month_ppp": 57.7917
    },
    "dataset": {
        "coverage": "Urban",
        "iso3c": "CHN",
        "format": "Grouped",
        "year": 2008,
        "measure": "Consumption",
        "source": "CHN_U2008X",
        "country": "China",
        "timespan": "UnDefined"
    },
    "lorenz": {
        "index": [
            1,
            2,
            3,
            4,
            5,
            6,
            7,
            8,
            9,
            10,
            11,
            12,
            13,
            14,
            15,
            16,
            17,
            18,
            19,
            20
        ],
        "p": [
            0.06089391,
            0.1185881,
            0.1746825,
            0.2293771,
            0.2829717,
            0.3355664,
            0.3870613,
            0.4379562,
            0.4886511,
            0.5379462,
            0.5864414,
            0.6343366,
            0.6821318,
            0.7294271,
            0.7762224,
            0.8224178,
            0.8684132,
            0.9130087,
            0.9569043,
            1.0
        ],
        "L": [
            0.01550063,
            0.03654703,
            0.06102515,
            0.0880303,
            0.1174489,
            0.1491179,
            0.1827199,
            0.2185717,
            0.257039,
            0.2972983,
            0.3398663,
            0.3849979,
            0.4334945,
            0.4853327,
            0.5411579,
            0.6018045,
            0.669289,
            0.7447017,
            0.8357533,
            1.0
        ]
    },
    "summary": {
        "Z": {
            "high": 879.124,
            "low": 65.8064
        },
        "poverty_normality": "Normal",
        "sse_fitted": 4.24059e-06,
        "mean_month_ppp": 265.998,
        "lorenz_validity": "Valid",
        "sse_up_to_hcindex": 2.60529e-09
    },
    "quadratic": {
        "reg": {
            "ymean": 0.1648301,
            "R2": 0.9999727,
            "SST": 0.1055817,
            "RMSE": 0.0004241121,
            "MSE": 1.798711e-07,
            "params": {
                "C": {
                    "se": 0.0053765,
                    "t": 35.3098,
                    "coef": 0.189844
                },
                "A": {
                    "se": 0.0026165,
                    "t": 333.536,
                    "coef": 0.872694
                },
                "B": {
                    "se": 0.01002,
                    "t": -123.752,
                    "coef": -1.24
                }
            },
            "SSE": 2.877937e-06
        },
        "inputs": {
            "line_month_ppp": 57.7917
        },
        "dist": {
            "mean_corrected": 46.6675,
            "Gini": 35.1543,
            "polarization": 28.8679,
            "PG": 0.0,
            "elasticity": {
                "FGT2_wrt_Gini": 0.0,
                "HC_wrt_Gini": 0.0,
                "PG_wrt_mean_C": 0.0,
                "FGT2_wrt_mean_C": 0.0,
                "PG_wrt_Gini": 0.0,
                "HC_wrt_mean_C": 0.0
            },
            "median_is_ppp": "(PPP$)",
            "MLD": 0.207651,
            "HC": 0.0,
            "mean_poor50": 38.308,
            "deciles": [
                3.02429,
                4.28181,
                5.38524,
                6.431,
                7.49268,
                8.64986,
                10.0232,
                11.8624,
                14.9288,
                27.9207
            ],
            "mean_corrected_is_ppp": "(PPP$)",
            "median": 57.9153,
            "Watt": "0",
            "median_ppp": 214.061323632611,
            "mean_poor50_is_ppp": "(PPP$)",
            "FGT2": 0.0
        },
        "summary": {
            "Z": {
                "high": 879.124,
                "low": 65.8064
            },
            "lorenz_validity": "Valid",
            "sse_fitted": 4.24059e-06,
            "mean_month_ppp": 265.998,
            "sse_up_to_hcindex": 1.66274e-06,
            "poverty_normality": "Normal"
        }
    }
}