{
    "dist": {
        "mean_corrected": -0.270555,
        "Gini": 32.1265,
        "polarization": 22.0662,
        "median_is_ppp": "(PPP$)",
        "poverty_uses_commentary": "(Both are valid and normal, but GQ fits better.)",
        "mean_poor50_is_ppp": "(PPP$)",
        "poverty_uses": "GQ",
        "MLD": 0.189789,
        "mean_poor50": 8.20814,
        "uses_commentary": "(Both are valid, but GQ fits better)",
        "deciles": [
            3.74594,
            5.01025,
            6.00984,
            6.89613,
            7.75493,
            8.65909,
            9.70344,
            11.0712,
            13.3059,
            27.8433
        ],
        "HC": 71.8345,
        "mean_corrected_is_ppp": "(PPP$)",
        "median": 11.4302,
        "median_ppp": 42.2474142090483,
        "FGT2": 12.9339,
        "Watt": "0.379209",
        "PG": 27.1379,
        "elasticity": {
            "FGT2_wrt_Gini": 1.54791,
            "HC_wrt_Gini": -0.0949167,
            "PG_wrt_mean_C": -1.64702,
            "FGT2_wrt_mean_C": -2.19639,
            "PG_wrt_Gini": 0.714829,
            "HC_wrt_mean_C": -0.881037
        },
        "uses": "GQ"
    },
    "beta": {
        "reg": {
            "ymean": -3.45893,
            "R2": 0.9999657,
            "SST": 38.99352,
            "RMSE": 0.01492157,
            "MSE": 0.0002226532,
            "params": {
                "C": {
                    "se": 0.017792,
                    "t": 29.5514,
                    "coef": 0.525786
                },
                "A": {
                    "se": 0.015404,
                    "t": -35.5834,
                    "coef": -0.548117
                },
                "B": {
                    "se": 0.003192,
                    "t": 295.133,
                    "coef": 0.942051
                }
            },
            "SSE": 0.001335919
        },
        "inputs": {
            "line_month_ppp": 57.7917
        },
        "dist": {
            "mean_corrected": 9.59339,
            "Gini": 31.2367,
            "polarization": -145.624,
            "PG": 27.1379,
            "elasticity": {
                "FGT2_wrt_Gini": 1.54791,
                "HC_wrt_Gini": -0.0949167,
                "PG_wrt_mean_C": -1.64702,
                "FGT2_wrt_mean_C": -2.19639,
                "PG_wrt_Gini": 0.714829,
                "HC_wrt_mean_C": -0.881037
            },
            "median_is_ppp": "(PPP$)",
            "MLD": 0.163342,
            "HC": 71.8345,
            "mean_poor50": 8.12038,
            "deciles": [
                3.75049,
                4.9636,
                5.87131,
                6.77523,
                7.74193,
                8.83102,
                10.1329,
                11.8355,
                14.5002,
                25.5978
            ],
            "mean_corrected_is_ppp": "(PPP$)",
            "median": 11.5241,
            "Watt": "0.379209",
            "median_ppp": 42.594359893511,
            "mean_poor50_is_ppp": "(PPP$)",
            "FGT2": 12.9339
        },
        "summary": {
            "Z": {
                "high": 142.267,
                "low": 13.7088
            },
            "lorenz_validity": "Valid",
            "sse_fitted": 2.26331e-05,
            "mean_month_ppp": 51.5656,
            "sse_up_to_hcindex": 2.26331e-05,
            "poverty_normality": "Normal"
        },
        "implied": {
            "gamma": 0.9420509,
            "theta": 0.5780372,
            "delta": 0.525786
        }
    },
    "inputs": {
        "line_month_ppp": 57.7917
    },
    "dataset": {
        "coverage": "Rural",
        "iso3c": "CHN",
        "format": "Grouped",
        "year": 1993,
        "measure": "Consumption",
        "source": "CHN_R1993X",
        "country": "China",
        "timespan": "UnDefined"
    },
    "lorenz": {
        "index": [
            1,
            2,
            3,
            4,
            5,
            6,
            7,
            8,
            9,
            10
        ],
        "p": [
            0.0005,
            0.0032,
            0.0148,
            0.0443,
            0.0991,
            0.257,
            0.4385,
            0.5938,
            0.7089,
            1.0
        ],
        "L": [
            5.824761e-05,
            0.0006040294,
            0.003794933,
            0.01398888,
            0.03699216,
            0.1214071,
            0.2453139,
            0.3744667,
            0.4875312,
            1.0
        ]
    },
    "summary": {
        "Z": {
            "high": 130.502,
            "low": 19.3241
        },
        "poverty_normality": "Normal",
        "sse_fitted": 2.53015e-06,
        "mean_month_ppp": 51.5656,
        "lorenz_validity": "Valid",
        "sse_up_to_hcindex": 2.26331e-05
    },
    "quadratic": {
        "reg": {
            "ymean": 0.09219419,
            "R2": 0.9999909,
            "SST": 0.08792027,
            "RMSE": 0.0003652245,
            "MSE": 1.333889e-07,
            "params": {
                "C": {
                    "se": 0.015266,
                    "t": 9.64794,
                    "coef": 0.147282
                },
                "A": {
                    "se": 0.0055066,
                    "t": 144.549,
                    "coef": 0.795982
                },
                "B": {
                    "se": 0.022846,
                    "t": -63.2314,
                    "coef": -1.44459
                }
            },
            "SSE": 8.003335e-07
        },
        "inputs": {
            "line_month_ppp": 57.7917
        },
        "dist": {
            "mean_corrected": 9.46925,
            "Gini": 32.1265,
            "polarization": 22.0662,
            "PG": 27.618,
            "elasticity": {
                "FGT2_wrt_Gini": 1.5363,
                "HC_wrt_Gini": -0.0939205,
                "PG_wrt_mean_C": -1.75206,
                "FGT2_wrt_mean_C": -2.30417,
                "PG_wrt_Gini": 0.703513,
                "HC_wrt_mean_C": -0.871791
            },
            "median_is_ppp": "(PPP$)",
            "MLD": 0.189789,
            "HC": 76.0064,
            "mean_poor50": 8.20814,
            "deciles": [
                3.74594,
                5.01025,
                6.00984,
                6.89613,
                7.75493,
                8.65909,
                9.70344,
                11.0712,
                13.3059,
                27.8433
            ],
            "mean_corrected_is_ppp": "(PPP$)",
            "median": 11.4302,
            "Watt": "0.391714",
            "median_ppp": 42.2474142090483,
            "mean_poor50_is_ppp": "(PPP$)",
            "FGT2": 12.8331
        },
        "summary": {
            "Z": {
                "high": 130.502,
                "low": 19.3241
            },
            "lorenz_validity": "Valid",
            "sse_fitted": 2.53015e-06,
            "mean_month_ppp": 51.5656,
            "sse_up_to_hcindex": 0.00322157,
            "poverty_normality": "Normal"
        }
    }
}