{
    "distribution": {
        "index": [
            1,
            2,
            3,
            4,
            5,
            6,
            7,
            8,
            9,
            10,
            11,
            12
        ],
        "L": [
            0.001941673,
            0.009040003,
            0.03031273,
            0.1353575,
            0.3007508,
            0.4685998,
            0.6062901,
            0.7821784,
            0.8719608,
            0.9572732,
            0.9825196,
            1.0
        ],
        "p": [
            0.00940094,
            0.03490349,
            0.09030903,
            0.2820282,
            0.5008501,
            0.6743674,
            0.7908791,
            0.909691,
            0.9564956,
            0.989999,
            0.9968997,
            1.0
        ]
    },
    "deciles": [
        3.49661,
        4.97732,
        6.15003,
        7.19031,
        8.19793,
        9.25745,
        10.4783,
        12.0695,
        14.6398,
        23.5428
    ],
    "elasticity": {
        "HC": {
            "Gini": -0.12976,
            "meancons": -0.941451
        },
        "PG": {
            "Gini": 0.631753,
            "meancons": -1.67175
        },
        "FGT2": {
            "Gini": 1.43373,
            "meancons": -2.10848
        }
    },
    "dist": {
        "MLD": 0.145568,
        "mean_corrected": -0.270555,
        "Gini": 29.4511,
        "mean_corrected_is_ppp": "(PPP$)",
        "uses_commentary": "(Both are valid, but GQ fits better)",
        "mean_poor50": 8.09172,
        "polarization": 24.1624,
        "median_ppp": 43.4062082089031,
        "median": 11.7437,
        "uses": "GQ",
        "median_is_ppp": "(PPP$)",
        "mean_poor50_is_ppp": "(PPP$)"
    },
    "dataset": {
        "country": "China",
        "timespan": "UnDefined",
        "year": 1987,
        "measure": "Income",
        "cc3": "CHN",
        "format": "Grouped",
        "coverage": "Rural",
        "source": "CHN_R1987Y"
    },
    "beta": {
        "reg": {
            "RMSE": 0.03912413,
            "SST": 13.14858,
            "SSE": 0.01224558,
            "params": {
                "A": {
                    "coef": 0.64269,
                    "se": 0.0084694,
                    "t": 75.8843
                }
            },
            "R2": 0.9990687,
            "MSE": 0.001530698,
            "ymean": -2.75977
        },
        "deciles": [
            3.41754,
            4.80739,
            5.90166,
            6.98842,
            8.13002,
            9.37918,
            10.8118,
            12.5784,
            15.1043,
            22.8814
        ],
        "elasticity": {
            "HC": {
                "Gini": -0.131966,
                "meancons": -0.957455
            },
            "PG": {
                "Gini": 0.648207,
                "meancons": -1.55237
            },
            "FGT2": {
                "Gini": 1.45266,
                "meancons": -1.97115
            }
        },
        "dist": {
            "MLD": 0.150837,
            "median": 11.7709,
            "mean_corrected": 9.44701,
            "Gini": 29.922,
            "mean_corrected_is_ppp": "(PPP$)",
            "median_is_ppp": "(PPP$)",
            "mean_poor50_is_ppp": "(PPP$)",
            "polarization": -138.57,
            "mean_poor50": 7.88488,
            "median_ppp": 43.5064963609894
        },
        "poverty": {
            "HC": 69.8784,
            "line_month_ppp": 57.7917,
            "FGT2": 13.7884,
            "Watt": "0.394745",
            "PG": 27.3779
        },
        "implied": {
            "theta": 0.6252326,
            "delta": 0.6426905,
            "gamma": 0.9482453
        },
        "summary": {
            "Z": {
                "low": 11.6459,
                "high": 122.91
            },
            "normality": "Normal",
            "mean_ppp": 49.8262,
            "validity": "Valid",
            "sse": {
                "tohc": 0.000101811,
                "fitted": 0.000155854
            }
        }
    },
    "poverty": {
        "PG": 27.1551,
        "FGT2": 13.219,
        "uses": "GQ",
        "uses_commentary": "(Both are valid and normal, but GQ fits better.)",
        "HC": 72.5515,
        "line_month_ppp": 57.7917,
        "Watt": "0.396092"
    },
    "summary": {
        "Z": {
            "low": 16.9135,
            "high": 135.828
        },
        "sse": {
            "tohc": 3.40766e-06,
            "fitted": 2.10631e-05
        },
        "normality": "Normal",
        "mean_ppp": 49.8262,
        "validity": "Valid"
    },
    "quadratic": {
        "reg": {
            "RMSE": 0.000519843,
            "SST": 0.09140272,
            "SSE": 2.161894e-06,
            "params": {
                "B": {
                    "se": 0.016456,
                    "coef": -1.51649,
                    "t": -92.1525
                },
                "C": {
                    "coef": 0.152181,
                    "se": 0.011088,
                    "t": 13.7245
                },
                "A": {
                    "coef": 0.956361,
                    "se": 0.006079,
                    "t": 157.323
                }
            },
            "R2": 0.9999763,
            "MSE": 2.702367e-07,
            "ymean": 0.1086762
        },
        "deciles": [
            3.49661,
            4.97732,
            6.15003,
            7.19031,
            8.19793,
            9.25745,
            10.4783,
            12.0695,
            14.6398,
            23.5428
        ],
        "elasticity": {
            "HC": {
                "Gini": -0.12976,
                "meancons": -0.941451
            },
            "PG": {
                "Gini": 0.631753,
                "meancons": -1.67175
            },
            "FGT2": {
                "Gini": 1.43373,
                "meancons": -2.10848
            }
        },
        "dist": {
            "MLD": 0.145568,
            "median": 11.7437,
            "mean_corrected": 9.5105,
            "Gini": 29.4511,
            "mean_corrected_is_ppp": "(PPP$)",
            "median_is_ppp": "(PPP$)",
            "mean_poor50_is_ppp": "(PPP$)",
            "polarization": 24.1624,
            "mean_poor50": 8.09172,
            "median_ppp": 43.4062082089031
        },
        "poverty": {
            "HC": 72.5515,
            "line_month_ppp": 57.7917,
            "Watt": "0.396092",
            "FGT2": 13.219,
            "PG": 27.1551
        },
        "summary": {
            "Z": {
                "low": 16.9135,
                "high": 135.828
            },
            "sse": {
                "tohc": 3.40766e-06,
                "fitted": 2.10631e-05
            },
            "normality": "Normal",
            "mean_ppp": 49.8262,
            "validity": "Valid"
        }
    }
}