{
    "beta": {
        "summary": {
            "mean_month_ppp": 47.6856,
            "Z": {
                "low": 12.9182,
                "high": 128.262
            },
            "poverty_normality": "Normal",
            "sse_up_to_hcindex": 1.54951e-05,
            "lorenz_validity": "Valid",
            "sse_fitted": 1.54951e-05
        },
        "reg": {
            "params": {
                "A": {
                    "se": 0.01493,
                    "t": 35.4236,
                    "coef": 0.528889
                }
            },
            "RMSE": 0.01504238,
            "SSE": 0.00135764,
            "MSE": 0.0002262733,
            "ymean": -3.203876,
            "R2": 0.9999573,
            "SST": 31.79685
        },
        "dist": {
            "MLD": 0.154509,
            "mean_poor50": 7.6564,
            "deciles": [
                3.85808,
                5.09467,
                5.99696,
                6.88762,
                7.83504,
                8.89828,
                10.1653,
                11.8176,
                14.396,
                25.0504
            ],
            "Gini": 30.3557,
            "median_is_ppp": "(PPP$)",
            "median": 10.762,
            "mean_corrected_is_ppp": "(PPP$)",
            "polarization": -147.314,
            "mean_poor50_is_ppp": "(PPP$)",
            "median_ppp": 39.7776062109146,
            "mean_corrected": 8.9852
        },
        "poverty": {
            "HC": 76.6725,
            "line_month_ppp": 57.7917,
            "PG": 30.1351,
            "elasticity": {
                "FGT2_wrt_mean_C": -2.09287,
                "FGT2_wrt_Gini": 1.28428,
                "PG_wrt_mean_C": -1.54429,
                "HC_wrt_mean_C": -0.76294,
                "HC_wrt_Gini": -0.133416,
                "PG_wrt_Gini": 0.555079
            },
            "Watt": "0.425442",
            "FGT2": 14.7257
        },
        "implied": {
            "theta": 0.5614385,
            "delta": 0.5288886,
            "gamma": 0.9367976
        }
    },
    "quadratic": {
        "reg": {
            "params": {
                "C": {
                    "se": 0.017571,
                    "t": 9.90672,
                    "coef": 0.174074
                },
                "A": {
                    "se": 0.0064883,
                    "t": 127.108,
                    "coef": 0.824713
                },
                "B": {
                    "se": 0.025753,
                    "coef": -1.44097,
                    "t": -55.9545
                }
            },
            "RMSE": 0.0004721846,
            "SSE": 1.33775e-06,
            "MSE": 2.229583e-07,
            "SST": 0.09533667,
            "R2": 0.999986,
            "ymean": 0.1050063
        },
        "dist": {
            "MLD": 0.160937,
            "mean_poor50": 7.73049,
            "deciles": [
                3.86812,
                5.09625,
                6.09807,
                7.00374,
                7.89332,
                8.83969,
                9.94254,
                11.3997,
                13.8089,
                26.0496
            ],
            "median": 10.7732,
            "Gini": 30.5735,
            "median_is_ppp": "(PPP$)",
            "mean_corrected": 8.95711,
            "mean_corrected_is_ppp": "(PPP$)",
            "polarization": 22.7717,
            "mean_poor50_is_ppp": "(PPP$)",
            "median_ppp": 39.8189943862296
        },
        "poverty": {
            "HC": 78.9489,
            "line_month_ppp": 57.7917,
            "PG": 30.3854,
            "elasticity": {
                "FGT2_wrt_mean_C": -2.15864,
                "FGT2_wrt_Gini": 1.27278,
                "PG_wrt_mean_C": -1.59826,
                "HC_wrt_mean_C": -0.727143,
                "HC_wrt_Gini": -0.127156,
                "PG_wrt_Gini": 0.545642
            },
            "Watt": "0.4365",
            "FGT2": 14.6131
        },
        "summary": {
            "mean_month_ppp": 47.6856,
            "Z": {
                "low": 18.9616,
                "high": 132.234
            },
            "poverty_normality": "Normal",
            "sse_up_to_hcindex": 5.17919e-06,
            "lorenz_validity": "Valid",
            "sse_fitted": 3.70793e-06
        }
    },
    "dataset": {
        "iso3c": "CHN",
        "country": "China",
        "source": "CHN_R1990X",
        "format": "Grouped",
        "measure": "Consumption",
        "timespan": "UnDefined",
        "coverage": "Rural",
        "year": 1990
    },
    "dist": {
        "Gini": 30.5735,
        "median_is_ppp": "(PPP$)",
        "polarization": 22.7717,
        "mean_corrected_is_ppp": "(PPP$)",
        "median": 10.7732,
        "median_ppp": 39.8189943862296,
        "MLD": 0.160937,
        "mean_poor50": 7.73049,
        "deciles": [
            3.86812,
            5.09625,
            6.09807,
            7.00374,
            7.89332,
            8.83969,
            9.94254,
            11.3997,
            13.8089,
            26.0496
        ],
        "uses": "GQ",
        "mean_poor50_is_ppp": "(PPP$)",
        "mean_corrected": -0.270555,
        "uses_commentary": "(Both are valid, but GQ fits better)"
    },
    "lorenz": {
        "index": [
            1,
            2,
            3,
            4,
            5,
            6,
            7,
            8,
            9,
            10
        ],
        "L": [
            0.0001276612,
            0.001189204,
            0.006756059,
            0.02370581,
            0.05944382,
            0.1771131,
            0.3229691,
            0.4596923,
            0.5693025,
            1.0
        ],
        "p": [
            0.0009,
            0.0056,
            0.0237,
            0.0671,
            0.1425,
            0.3384,
            0.5281,
            0.6739,
            0.7728,
            1.0
        ]
    },
    "poverty": {
        "HC": 78.9489,
        "line_month_ppp": 57.7917,
        "PG": 30.3854,
        "Watt": "0.4365",
        "FGT2": 14.6131,
        "elasticity": {
            "HC_wrt_mean_C": -0.727143,
            "FGT2_wrt_Gini": 1.27278,
            "PG_wrt_mean_C": -1.59826,
            "FGT2_wrt_mean_C": -2.15864,
            "HC_wrt_Gini": -0.127156,
            "PG_wrt_Gini": 0.545642
        },
        "uses": "GQ",
        "uses_commentary": "(Both are valid and normal, but GQ fits better.)"
    },
    "summary": {
        "mean_month_ppp": 47.6856,
        "Z": {
            "low": 18.9616,
            "high": 132.234
        },
        "poverty_normality": "Normal",
        "sse_up_to_hcindex": 5.17919e-06,
        "lorenz_validity": "Valid",
        "sse_fitted": 3.70793e-06
    }
}