{
    "beta": {
        "summary": {
            "mean_month_ppp": 158.17,
            "Z": {
                "low": 24.0678,
                "high": 541.645
            },
            "poverty_normality": "Normal",
            "sse_up_to_hcindex": 1.24282e-07,
            "lorenz_validity": "Valid",
            "sse_fitted": 2.46592e-05
        },
        "reg": {
            "params": {
                "A": {
                    "se": 0.0027462,
                    "t": 173.512,
                    "coef": 0.476506
                }
            },
            "RMSE": 0.006101771,
            "SSE": 0.0005957058,
            "MSE": 3.723161e-05,
            "ymean": -1.619483,
            "R2": 0.9998362,
            "SST": 3.635978
        },
        "dist": {
            "MLD": 0.265068,
            "mean_poor50": 20.5451,
            "deciles": [
                2.70538,
                3.84527,
                4.7963,
                5.7844,
                6.87346,
                8.13308,
                9.67893,
                11.7614,
                15.1497,
                31.2721
            ],
            "Gini": 39.5441,
            "median_is_ppp": "(PPP$)",
            "median": 31.9564,
            "mean_corrected_is_ppp": "(PPP$)",
            "polarization": -130.275,
            "mean_poor50_is_ppp": "(PPP$)",
            "median_ppp": 118.114482570325,
            "mean_corrected": 25.8713
        },
        "poverty": {
            "HC": 12.9825,
            "line_month_ppp": 57.7917,
            "PG": 2.71572,
            "elasticity": {
                "FGT2_wrt_mean_C": -4.33819,
                "FGT2_wrt_Gini": 13.0088,
                "PG_wrt_mean_C": -3.7805,
                "HC_wrt_mean_C": -2.89276,
                "HC_wrt_Gini": 5.02444,
                "PG_wrt_Gini": 9.30326
            },
            "Watt": "0.0325499",
            "FGT2": 0.856939
        },
        "implied": {
            "theta": 0.7053571,
            "delta": 0.4765061,
            "gamma": 0.9636028
        }
    },
    "quadratic": {
        "reg": {
            "params": {
                "C": {
                    "se": 0.0058027,
                    "t": 42.9293,
                    "coef": 0.249106
                },
                "A": {
                    "se": 0.0028957,
                    "t": 274.34,
                    "coef": 0.794414
                },
                "B": {
                    "se": 0.012731,
                    "coef": -0.921874,
                    "t": -72.4093
                }
            },
            "RMSE": 0.0004783351,
            "SSE": 3.660872e-06,
            "MSE": 2.288045e-07,
            "SST": 0.1058552,
            "R2": 0.9999654,
            "ymean": 0.1646968
        },
        "dist": {
            "MLD": 0.261665,
            "mean_poor50": 20.6137,
            "deciles": [
                2.7699,
                3.80935,
                4.80616,
                5.81324,
                6.88635,
                8.10147,
                9.58912,
                11.6348,
                15.1297,
                31.4599
            ],
            "median": 31.9329,
            "Gini": 39.4973,
            "median_is_ppp": "(PPP$)",
            "mean_corrected": 25.8913,
            "mean_corrected_is_ppp": "(PPP$)",
            "polarization": 33.0542,
            "mean_poor50_is_ppp": "(PPP$)",
            "median_ppp": 118.027580697189
        },
        "poverty": {
            "HC": 13.4425,
            "line_month_ppp": 57.7917,
            "PG": 2.58447,
            "elasticity": {
                "FGT2_wrt_mean_C": -5.73182,
                "FGT2_wrt_Gini": 15.4294,
                "PG_wrt_mean_C": -4.20127,
                "HC_wrt_mean_C": -2.68142,
                "HC_wrt_Gini": 4.65735,
                "PG_wrt_Gini": 10.0341
            },
            "Watt": "0.0320648",
            "FGT2": 0.668528
        },
        "summary": {
            "mean_month_ppp": 158.17,
            "Z": {
                "low": 39.308,
                "high": 581.064
            },
            "poverty_normality": "Normal",
            "sse_up_to_hcindex": 1.74091e-06,
            "lorenz_validity": "Valid",
            "sse_fitted": 3.96935e-06
        }
    },
    "dataset": {
        "iso3c": "CHN",
        "country": "China",
        "source": "CHN_R2012X",
        "format": "Grouped",
        "measure": "Consumption",
        "timespan": "UnDefined",
        "coverage": "Rural",
        "year": 2012
    },
    "dist": {
        "Gini": 39.4973,
        "median_is_ppp": "(PPP$)",
        "polarization": 33.0542,
        "mean_corrected_is_ppp": "(PPP$)",
        "median": 31.9329,
        "median_ppp": 118.027580697189,
        "MLD": 0.261665,
        "mean_poor50": 20.6137,
        "deciles": [
            2.7699,
            3.80935,
            4.80616,
            5.81324,
            6.88635,
            8.10147,
            9.58912,
            11.6348,
            15.1297,
            31.4599
        ],
        "uses": "GQ",
        "mean_poor50_is_ppp": "(PPP$)",
        "mean_corrected": -0.270555,
        "uses_commentary": "(Both are valid, but GQ fits better)"
    },
    "lorenz": {
        "index": [
            1,
            2,
            3,
            4,
            5,
            6,
            7,
            8,
            9,
            10,
            11,
            12,
            13,
            14,
            15,
            16,
            17,
            18,
            19,
            20
        ],
        "L": [
            0.01666822,
            0.03750829,
            0.06064391,
            0.08578623,
            0.113131,
            0.142576,
            0.1748081,
            0.2090869,
            0.244421,
            0.2826348,
            0.3228767,
            0.366491,
            0.4126273,
            0.4616828,
            0.5157065,
            0.5740808,
            0.6405334,
            0.7162538,
            0.8126139,
            1.0
        ],
        "p": [
            0.0683871,
            0.1303226,
            0.1883871,
            0.243871,
            0.2980645,
            0.3509677,
            0.403871,
            0.4554839,
            0.5045161,
            0.5535484,
            0.6012903,
            0.6490323,
            0.6954839,
            0.7406452,
            0.7858065,
            0.8296774,
            0.8735484,
            0.916129,
            0.9587097,
            1.0
        ]
    },
    "poverty": {
        "HC": 12.9825,
        "line_month_ppp": 57.7917,
        "PG": 2.71572,
        "Watt": "0.0325499",
        "FGT2": 0.856939,
        "elasticity": {
            "HC_wrt_mean_C": -2.89276,
            "FGT2_wrt_Gini": 13.0088,
            "PG_wrt_mean_C": -3.7805,
            "FGT2_wrt_mean_C": -4.33819,
            "HC_wrt_Gini": 5.02444,
            "PG_wrt_Gini": 9.30326
        },
        "uses": "GQ",
        "uses_commentary": "(Both are valid and normal, but GQ fits better.)"
    },
    "summary": {
        "mean_month_ppp": 158.17,
        "Z": {
            "low": 39.308,
            "high": 581.064
        },
        "poverty_normality": "Normal",
        "sse_up_to_hcindex": 1.24282e-07,
        "lorenz_validity": "Valid",
        "sse_fitted": 3.96935e-06
    }
}