{
    "beta": {
        "summary": {
            "mean_month_ppp": 51.5656,
            "Z": {
                "low": 13.7088,
                "high": 142.267
            },
            "poverty_normality": "Normal",
            "sse_up_to_hcindex": 2.26331e-05,
            "lorenz_validity": "Valid",
            "sse_fitted": 2.26331e-05
        },
        "reg": {
            "params": {
                "A": {
                    "se": 0.017792,
                    "t": 29.5514,
                    "coef": 0.525786
                }
            },
            "RMSE": 0.01492157,
            "SSE": 0.001335919,
            "MSE": 0.0002226532,
            "ymean": -3.45893,
            "R2": 0.9999657,
            "SST": 38.99352
        },
        "dist": {
            "MLD": 0.163342,
            "mean_poor50": 8.12038,
            "deciles": [
                3.75049,
                4.9636,
                5.87131,
                6.77523,
                7.74193,
                8.83102,
                10.1329,
                11.8355,
                14.5002,
                25.5978
            ],
            "Gini": 31.2367,
            "median_is_ppp": "(PPP$)",
            "median": 11.5241,
            "mean_corrected_is_ppp": "(PPP$)",
            "polarization": -145.624,
            "mean_poor50_is_ppp": "(PPP$)",
            "median_ppp": 42.594359893511,
            "mean_corrected": 9.59339
        },
        "poverty": {
            "HC": 71.8345,
            "line_month_ppp": 57.7917,
            "PG": 27.1379,
            "elasticity": {
                "FGT2_wrt_mean_C": -2.19639,
                "FGT2_wrt_Gini": 1.54791,
                "PG_wrt_mean_C": -1.64702,
                "HC_wrt_mean_C": -0.881037,
                "HC_wrt_Gini": -0.0949167,
                "PG_wrt_Gini": 0.714829
            },
            "Watt": "0.379209",
            "FGT2": 12.9339
        },
        "implied": {
            "theta": 0.5780372,
            "delta": 0.525786,
            "gamma": 0.9420509
        }
    },
    "quadratic": {
        "reg": {
            "params": {
                "C": {
                    "se": 0.015266,
                    "t": 9.64794,
                    "coef": 0.147282
                },
                "A": {
                    "se": 0.0055066,
                    "t": 144.549,
                    "coef": 0.795982
                },
                "B": {
                    "se": 0.022846,
                    "coef": -1.44459,
                    "t": -63.2314
                }
            },
            "RMSE": 0.0003652245,
            "SSE": 8.003335e-07,
            "MSE": 1.333889e-07,
            "SST": 0.08792027,
            "R2": 0.9999909,
            "ymean": 0.09219419
        },
        "dist": {
            "MLD": 0.189789,
            "mean_poor50": 8.20814,
            "deciles": [
                3.74594,
                5.01025,
                6.00984,
                6.89613,
                7.75493,
                8.65909,
                9.70344,
                11.0712,
                13.3059,
                27.8433
            ],
            "median": 11.4302,
            "Gini": 32.1265,
            "median_is_ppp": "(PPP$)",
            "mean_corrected": 9.46925,
            "mean_corrected_is_ppp": "(PPP$)",
            "polarization": 22.0662,
            "mean_poor50_is_ppp": "(PPP$)",
            "median_ppp": 42.2474142090483
        },
        "poverty": {
            "HC": 76.0064,
            "line_month_ppp": 57.7917,
            "PG": 27.618,
            "elasticity": {
                "FGT2_wrt_mean_C": -2.30417,
                "FGT2_wrt_Gini": 1.5363,
                "PG_wrt_mean_C": -1.75206,
                "HC_wrt_mean_C": -0.871791,
                "HC_wrt_Gini": -0.0939205,
                "PG_wrt_Gini": 0.703513
            },
            "Watt": "0.391714",
            "FGT2": 12.8331
        },
        "summary": {
            "mean_month_ppp": 51.5656,
            "Z": {
                "low": 19.3241,
                "high": 130.502
            },
            "poverty_normality": "Normal",
            "sse_up_to_hcindex": 0.00322157,
            "lorenz_validity": "Valid",
            "sse_fitted": 2.53015e-06
        }
    },
    "dataset": {
        "iso3c": "CHN",
        "country": "China",
        "source": "CHN_R1993X",
        "format": "Grouped",
        "measure": "Consumption",
        "timespan": "UnDefined",
        "coverage": "Rural",
        "year": 1993
    },
    "dist": {
        "Gini": 32.1265,
        "median_is_ppp": "(PPP$)",
        "polarization": 22.0662,
        "mean_corrected_is_ppp": "(PPP$)",
        "median": 11.4302,
        "median_ppp": 42.2474142090483,
        "MLD": 0.189789,
        "mean_poor50": 8.20814,
        "deciles": [
            3.74594,
            5.01025,
            6.00984,
            6.89613,
            7.75493,
            8.65909,
            9.70344,
            11.0712,
            13.3059,
            27.8433
        ],
        "uses": "GQ",
        "mean_poor50_is_ppp": "(PPP$)",
        "mean_corrected": -0.270555,
        "uses_commentary": "(Both are valid, but GQ fits better)"
    },
    "lorenz": {
        "index": [
            1,
            2,
            3,
            4,
            5,
            6,
            7,
            8,
            9,
            10
        ],
        "L": [
            5.824761e-05,
            0.0006040294,
            0.003794933,
            0.01398888,
            0.03699216,
            0.1214071,
            0.2453139,
            0.3744667,
            0.4875312,
            1.0
        ],
        "p": [
            0.0005,
            0.0032,
            0.0148,
            0.0443,
            0.0991,
            0.257,
            0.4385,
            0.5938,
            0.7089,
            1.0
        ]
    },
    "poverty": {
        "HC": 71.8345,
        "line_month_ppp": 57.7917,
        "PG": 27.1379,
        "Watt": "0.379209",
        "FGT2": 12.9339,
        "elasticity": {
            "HC_wrt_mean_C": -0.881037,
            "FGT2_wrt_Gini": 1.54791,
            "PG_wrt_mean_C": -1.64702,
            "FGT2_wrt_mean_C": -2.19639,
            "HC_wrt_Gini": -0.0949167,
            "PG_wrt_Gini": 0.714829
        },
        "uses": "GQ",
        "uses_commentary": "(Both are valid and normal, but GQ fits better.)"
    },
    "summary": {
        "mean_month_ppp": 51.5656,
        "Z": {
            "low": 19.3241,
            "high": 130.502
        },
        "poverty_normality": "Normal",
        "sse_up_to_hcindex": 2.26331e-05,
        "lorenz_validity": "Valid",
        "sse_fitted": 2.53015e-06
    }
}