{
    "summary": {
        "sse_up_to_hcindex": 4.18462e-06,
        "Z": {
            "high": 102.547,
            "low": 16.8579
        },
        "lorenz_validity": "Valid",
        "poverty_normality": "Normal",
        "sse_fitted": 6.22597e-06,
        "mean_ppp": 40.7062
    },
    "poverty": {
        "HC": 85.2196,
        "PG": 35.4453,
        "Watt": "0.52249",
        "uses_commentary": "(Both are valid and normal, but GQ fits better.)",
        "elasticity": {
            "FGT2_wrt_Gini": 0.83183,
            "HC_wrt_Gini": -0.157899,
            "PG_wrt_Gini": 0.289211,
            "PG_wrt_mean_C": -1.40425,
            "HC_wrt_mean_C": -0.534096,
            "FGT2_wrt_mean_C": -1.95135
        },
        "uses": "GQ",
        "line_month_ppp": 57.7917,
        "FGT2": 17.9409
    },
    "lorenz": {
        "index": [
            1,
            2,
            3,
            4,
            5,
            6,
            7,
            8,
            9,
            10
        ],
        "p": [
            0.00890089,
            0.05080508,
            0.1523152,
            0.4589459,
            0.7063706,
            0.8423842,
            0.9110911,
            0.9681968,
            0.9880988,
            1.0
        ],
        "L": [
            0.001900885,
            0.01719287,
            0.06764922,
            0.2833885,
            0.5233902,
            0.6929443,
            0.7976945,
            0.9067357,
            0.9562503,
            1.0
        ]
    },
    "dist": {
        "mean_corrected": -0.270555,
        "uses_commentary": "(Both are valid, but GQ fits better)",
        "MLD": 0.118113,
        "uses": "GQ",
        "median_is_ppp": "(PPP$)",
        "polarization": 21.6226,
        "mean_corrected_is_ppp": "(PPP$)",
        "Gini": 26.6861,
        "deciles": [
            4.02777,
            5.42866,
            6.52065,
            7.48013,
            8.40351,
            9.36983,
            10.479,
            11.9198,
            14.2383,
            22.1323
        ],
        "mean_poor50_is_ppp": "(PPP$)",
        "mean_poor50": 7.01781,
        "median": 9.77161,
        "median_ppp": 36.1169530912884
    },
    "beta": {
        "dist": {
            "mean_corrected_is_ppp": "(PPP$)",
            "mean_corrected": 8.04313,
            "deciles": [
                3.91095,
                5.35748,
                6.37876,
                7.35997,
                8.37346,
                9.4726,
                10.7287,
                12.2794,
                14.5132,
                21.6256
            ],
            "Gini": 26.9687,
            "MLD": 0.122405,
            "mean_poor50_is_ppp": "(PPP$)",
            "median_is_ppp": "(PPP$)",
            "polarization": -146.492,
            "median": 9.80613,
            "mean_poor50": 6.91206,
            "median_ppp": 36.244563705947
        },
        "implied": {
            "gamma": 0.9246853,
            "delta": 0.6303505,
            "theta": 0.547114
        },
        "reg": {
            "MSE": 0.0009061162,
            "params": {
                "A": {
                    "se": 0.009695,
                    "coef": 0.630351,
                    "t": 65.018
                }
            },
            "ymean": -2.730639,
            "SST": 9.044087,
            "R2": 0.9993989,
            "SSE": 0.005436697,
            "RMSE": 0.03010176
        },
        "summary": {
            "sse_up_to_hcindex": 4.4976e-05,
            "Z": {
                "high": 93.4647,
                "low": 10.1038
            },
            "lorenz_validity": "Valid",
            "poverty_normality": "Normal",
            "sse_fitted": 6.5476e-05,
            "mean_ppp": 40.7062
        },
        "poverty": {
            "HC": 84.1259,
            "PG": 35.1655,
            "Watt": "0.511783",
            "elasticity": {
                "FGT2_wrt_Gini": 0.852848,
                "HC_wrt_Gini": -0.188864,
                "PG_wrt_Gini": 0.292749,
                "PG_wrt_mean_C": -1.39229,
                "HC_wrt_mean_C": -0.638833,
                "FGT2_wrt_mean_C": -1.88026
            },
            "line_month_ppp": 57.7917,
            "FGT2": 18.1253
        }
    },
    "dataset": {
        "source": "CHN_R1984Y",
        "coverage": "Rural",
        "format": "Grouped",
        "measure": "Income",
        "country": "China",
        "year": 1984,
        "iso3c": "CHN",
        "timespan": "UnDefined"
    },
    "quadratic": {
        "dist": {
            "mean_corrected_is_ppp": "(PPP$)",
            "mean_corrected": 8.07425,
            "median_ppp": 36.1169530912884,
            "deciles": [
                4.02777,
                5.42866,
                6.52065,
                7.48013,
                8.40351,
                9.36983,
                10.479,
                11.9198,
                14.2383,
                22.1323
            ],
            "Gini": 26.6861,
            "MLD": 0.118113,
            "mean_poor50_is_ppp": "(PPP$)",
            "median_is_ppp": "(PPP$)",
            "polarization": 21.6226,
            "median": 9.77161,
            "mean_poor50": 7.01781
        },
        "reg": {
            "params": {
                "C": {
                    "se": 0.012554,
                    "coef": 0.163715,
                    "t": 13.0411
                },
                "A": {
                    "coef": 0.938591,
                    "se": 0.0067061,
                    "t": 139.961
                },
                "B": {
                    "se": 0.016833,
                    "coef": -1.58059,
                    "t": -93.9011
                }
            },
            "MSE": 2.164011e-07,
            "ymean": 0.1149947,
            "SST": 0.06893799,
            "R2": 0.9999812,
            "SSE": 1.298407e-06,
            "RMSE": 0.0004651893
        },
        "summary": {
            "sse_up_to_hcindex": 4.18462e-06,
            "Z": {
                "high": 102.547,
                "low": 16.8579
            },
            "lorenz_validity": "Valid",
            "poverty_normality": "Normal",
            "sse_fitted": 6.22597e-06,
            "mean_ppp": 40.7062
        },
        "poverty": {
            "HC": 85.2196,
            "PG": 35.4453,
            "Watt": "0.52249",
            "elasticity": {
                "FGT2_wrt_Gini": 0.83183,
                "HC_wrt_Gini": -0.157899,
                "PG_wrt_Gini": 0.289211,
                "PG_wrt_mean_C": -1.40425,
                "HC_wrt_mean_C": -0.534096,
                "FGT2_wrt_mean_C": -1.95135
            },
            "line_month_ppp": 57.7917,
            "FGT2": 17.9409
        }
    }
}