{
    "summary": {
        "poverty_normality": "Normal",
        "sse_fitted": 8.88769e-06,
        "sse_up_to_hcindex": 5.27174e-06,
        "Z": {
            "high": 216.363,
            "low": 24.3287
        },
        "mean_month_ppp": 67.3363,
        "lorenz_validity": "Valid"
    },
    "poverty": {
        "uses": "GQ",
        "elasticity": {
            "HC_wrt_Gini": 0.219258,
            "FGT2_wrt_Gini": 2.77656,
            "FGT2_wrt_mean_C": -2.70198,
            "PG_wrt_mean_C": -2.091,
            "HC_wrt_mean_C": -1.32758,
            "PG_wrt_Gini": 1.5105
        },
        "HC": 55.2602,
        "uses_commentary": "(Both are valid and normal, but GQ fits better.)",
        "line_month_ppp": 57.7917,
        "PG": 17.8778,
        "FGT2": 7.60436,
        "Watt": "0.244006"
    },
    "dist": {
        "MLD": 0.186581,
        "median_ppp": 53.825256922186,
        "median": 14.5627,
        "mean_corrected": -0.270555,
        "Gini": 33.6204,
        "median_is_ppp": "(PPP$)",
        "uses": "GQ",
        "mean_poor50": 10.1024,
        "polarization": 27.3404,
        "deciles": [
            3.57312,
            4.60979,
            5.56488,
            6.50152,
            7.47684,
            8.56097,
            9.86796,
            11.6412,
            14.6312,
            27.5725
        ],
        "uses_commentary": "(Both are valid, but GQ fits better)",
        "mean_corrected_is_ppp": "(PPP$)",
        "mean_poor50_is_ppp": "(PPP$)"
    },
    "lorenz": {
        "L": [
            3.008419e-05,
            0.000245358,
            0.001552186,
            0.006045889,
            0.01655571,
            0.0633381,
            0.1429748,
            0.2416232,
            0.2922334,
            0.3905058,
            0.4754024,
            0.5784526,
            0.6960446,
            0.7737253,
            0.8251818,
            0.8617528,
            0.887134,
            0.9065031,
            1.0
        ],
        "index": [
            1,
            2,
            3,
            4,
            5,
            6,
            7,
            8,
            9,
            10,
            11,
            12,
            13,
            14,
            15,
            16,
            17,
            18,
            19
        ],
        "p": [
            0.0002600052,
            0.001550031,
            0.007240145,
            0.02322046,
            0.05402108,
            0.1631133,
            0.3076262,
            0.4533291,
            0.5182404,
            0.6298826,
            0.7136043,
            0.800876,
            0.8828877,
            0.9267685,
            0.951219,
            0.9662593,
            0.9754895,
            0.9817396,
            1.0
        ]
    },
    "dataset": {
        "coverage": "Rural",
        "country": "China",
        "timespan": "UnDefined",
        "source": "CHN_R1996X",
        "iso3c": "CHN",
        "format": "Grouped",
        "year": 1996,
        "measure": "Consumption"
    },
    "beta": {
        "summary": {
            "poverty_normality": "Normal",
            "sse_fitted": 7.37573e-05,
            "sse_up_to_hcindex": 3.05606e-05,
            "Z": {
                "high": 199.033,
                "low": 16.7703
            },
            "mean_month_ppp": 67.3363,
            "lorenz_validity": "Valid"
        },
        "poverty": {
            "elasticity": {
                "HC_wrt_Gini": 0.207827,
                "FGT2_wrt_Gini": 2.7577,
                "FGT2_wrt_mean_C": -2.58781,
                "HC_wrt_mean_C": -1.25837,
                "PG_wrt_Gini": 1.4967,
                "PG_wrt_mean_C": -2.00746
            },
            "HC": 54.6007,
            "line_month_ppp": 57.7917,
            "PG": 18.1551,
            "FGT2": 7.9145,
            "Watt": "0.244005"
        },
        "dist": {
            "mean_poor50": 10.0053,
            "MLD": 0.190345,
            "median_ppp": 54.0689001587945,
            "median": 14.6286,
            "mean_corrected": 12.0669,
            "Gini": 33.7646,
            "deciles": [
                3.43632,
                4.5846,
                5.50922,
                6.45287,
                7.4768,
                8.64214,
                10.0463,
                11.8952,
                14.8085,
                27.1481
            ],
            "mean_corrected_is_ppp": "(PPP$)",
            "median_is_ppp": "(PPP$)",
            "polarization": -140.491,
            "mean_poor50_is_ppp": "(PPP$)"
        },
        "implied": {
            "gamma": 0.9561441,
            "delta": 0.5190765,
            "theta": 0.6266761
        },
        "reg": {
            "RMSE": 0.01556639,
            "params": {
                "A": {
                    "coef": 0.519076,
                    "se": 0.0035664,
                    "t": 145.546
                }
            },
            "R2": 0.9999451,
            "SST": 66.24628,
            "ymean": -2.886188,
            "SSE": 0.003634685,
            "MSE": 0.0002423123
        }
    },
    "quadratic": {
        "summary": {
            "poverty_normality": "Normal",
            "sse_fitted": 8.88769e-06,
            "sse_up_to_hcindex": 5.27174e-06,
            "Z": {
                "high": 216.363,
                "low": 24.3287
            },
            "mean_month_ppp": 67.3363,
            "lorenz_validity": "Valid"
        },
        "reg": {
            "RMSE": 0.0005931777,
            "params": {
                "C": {
                    "coef": 0.265938,
                    "t": 25.0796,
                    "se": 0.010604
                },
                "A": {
                    "coef": 0.792493,
                    "se": 0.0067301,
                    "t": 117.753
                },
                "B": {
                    "coef": -1.17404,
                    "se": 0.0184,
                    "t": -63.8061
                }
            },
            "R2": 0.9999627,
            "SST": 0.1413939,
            "ymean": 0.1201231,
            "SSE": 5.277898e-06,
            "MSE": 3.518598e-07
        },
        "dist": {
            "mean_poor50": 10.1024,
            "MLD": 0.186581,
            "median_ppp": 53.825256922186,
            "median": 14.5627,
            "mean_corrected": 12.0931,
            "Gini": 33.6204,
            "mean_corrected_is_ppp": "(PPP$)",
            "median_is_ppp": "(PPP$)",
            "mean_poor50_is_ppp": "(PPP$)",
            "deciles": [
                3.57312,
                4.60979,
                5.56488,
                6.50152,
                7.47684,
                8.56097,
                9.86796,
                11.6412,
                14.6312,
                27.5725
            ],
            "polarization": 27.3404
        },
        "poverty": {
            "elasticity": {
                "HC_wrt_Gini": 0.219258,
                "FGT2_wrt_Gini": 2.77656,
                "FGT2_wrt_mean_C": -2.70198,
                "HC_wrt_mean_C": -1.32758,
                "PG_wrt_Gini": 1.5105,
                "PG_wrt_mean_C": -2.091
            },
            "HC": 55.2602,
            "line_month_ppp": 57.7917,
            "PG": 17.8778,
            "FGT2": 7.60436,
            "Watt": "0.244006"
        }
    }
}