{
    "summary": {
        "poverty_normality": "Normal",
        "sse_fitted": 3.20408e-06,
        "sse_up_to_hcindex": 8.40551e-08,
        "Z": {
            "high": 513.231,
            "low": 37.1702
        },
        "mean_month_ppp": 143.287,
        "lorenz_validity": "Valid"
    },
    "poverty": {
        "uses": "GQ",
        "elasticity": {
            "HC_wrt_Gini": 4.02185,
            "FGT2_wrt_Gini": 10.9054,
            "FGT2_wrt_mean_C": -4.01976,
            "PG_wrt_mean_C": -3.52977,
            "HC_wrt_mean_C": -2.71863,
            "PG_wrt_Gini": 7.70118
        },
        "HC": 15.4376,
        "uses_commentary": "(Both are valid and normal, but GQ fits better.)",
        "line_month_ppp": 57.7917,
        "PG": 3.40802,
        "FGT2": 1.13228,
        "Watt": "0.0415969"
    },
    "dist": {
        "MLD": 0.248353,
        "median_ppp": 108.545859796422,
        "median": 29.3676,
        "mean_corrected": -0.270555,
        "Gini": 38.4974,
        "median_is_ppp": "(PPP$)",
        "uses": "GQ",
        "mean_poor50": 19.1557,
        "polarization": 31.919,
        "deciles": [
            2.87209,
            3.93641,
            4.94214,
            5.94703,
            7.0086,
            8.20235,
            9.65555,
            11.6443,
            15.0279,
            30.7636
        ],
        "uses_commentary": "(Both are valid, but GQ fits better)",
        "mean_corrected_is_ppp": "(PPP$)",
        "mean_poor50_is_ppp": "(PPP$)"
    },
    "lorenz": {
        "L": [
            0.01752804,
            0.03899193,
            0.06322792,
            0.08955916,
            0.1181464,
            0.1480707,
            0.1799758,
            0.2137074,
            0.2501713,
            0.2895487,
            0.3309893,
            0.3746266,
            0.4206927,
            0.4708979,
            0.5246477,
            0.5843497,
            0.6499142,
            0.724337,
            0.8181087,
            1.0
        ],
        "index": [
            1,
            2,
            3,
            4,
            5,
            6,
            7,
            8,
            9,
            10,
            11,
            12,
            13,
            14,
            15,
            16,
            17,
            18,
            19,
            20
        ],
        "p": [
            0.06908618,
            0.1304739,
            0.1892621,
            0.2455509,
            0.3005399,
            0.3529294,
            0.4041192,
            0.4540092,
            0.5038992,
            0.5537892,
            0.6023795,
            0.6496701,
            0.6956609,
            0.7416517,
            0.7864427,
            0.8312338,
            0.8747251,
            0.9169166,
            0.9591082,
            1.0
        ]
    },
    "dataset": {
        "coverage": "Rural",
        "country": "China",
        "timespan": "UnDefined",
        "source": "CHN_R2011X",
        "iso3c": "CHN",
        "format": "Grouped",
        "year": 2011,
        "measure": "Consumption"
    },
    "beta": {
        "summary": {
            "poverty_normality": "Normal",
            "sse_fitted": 1.50928e-05,
            "sse_up_to_hcindex": 8.40551e-08,
            "Z": {
                "high": 479.643,
                "low": 21.1505
            },
            "mean_month_ppp": 143.287,
            "lorenz_validity": "Valid"
        },
        "poverty": {
            "elasticity": {
                "HC_wrt_Gini": 4.02185,
                "FGT2_wrt_Gini": 10.9054,
                "FGT2_wrt_mean_C": -4.01976,
                "HC_wrt_mean_C": -2.71863,
                "PG_wrt_Gini": 7.70118,
                "PG_wrt_mean_C": -3.52977
            },
            "HC": 15.4376,
            "line_month_ppp": 57.7917,
            "PG": 3.40802,
            "FGT2": 1.13228,
            "Watt": "0.0415969"
        },
        "dist": {
            "mean_poor50": 19.1028,
            "MLD": 0.251921,
            "median_ppp": 108.49034359218,
            "median": 29.3526,
            "mean_corrected": 23.8238,
            "Gini": 38.5459,
            "deciles": [
                2.8038,
                3.98734,
                4.93979,
                5.918,
                6.98909,
                8.2224,
                9.73093,
                11.7576,
                15.047,
                30.6041
            ],
            "mean_corrected_is_ppp": "(PPP$)",
            "median_is_ppp": "(PPP$)",
            "polarization": -132.004,
            "mean_poor50_is_ppp": "(PPP$)"
        },
        "implied": {
            "gamma": 0.9575591,
            "delta": 0.4788027,
            "theta": 0.6863902
        },
        "reg": {
            "RMSE": 0.004895801,
            "params": {
                "A": {
                    "coef": 0.478803,
                    "se": 0.0021951,
                    "t": 218.127
                }
            },
            "R2": 0.9998915,
            "SST": 3.534249,
            "ymean": -1.643526,
            "SSE": 0.0003835019,
            "MSE": 2.396887e-05
        }
    },
    "quadratic": {
        "summary": {
            "poverty_normality": "Normal",
            "sse_fitted": 3.20408e-06,
            "sse_up_to_hcindex": 1.70842e-06,
            "Z": {
                "high": 513.231,
                "low": 37.1702
            },
            "mean_month_ppp": 143.287,
            "lorenz_validity": "Valid"
        },
        "reg": {
            "RMSE": 0.0004433734,
            "params": {
                "C": {
                    "coef": 0.241948,
                    "t": 43.8082,
                    "se": 0.0055229
                },
                "A": {
                    "coef": 0.800049,
                    "se": 0.0027701,
                    "t": 288.818
                },
                "B": {
                    "coef": -0.991449,
                    "se": 0.011631,
                    "t": -85.2435
                }
            },
            "R2": 0.9999697,
            "SST": 0.1037526,
            "ymean": 0.1658724,
            "SSE": 3.145279e-06,
            "MSE": 1.9658e-07
        },
        "dist": {
            "mean_poor50": 19.1557,
            "MLD": 0.248353,
            "median_ppp": 108.545859796422,
            "median": 29.3676,
            "mean_corrected": 23.8426,
            "Gini": 38.4974,
            "mean_corrected_is_ppp": "(PPP$)",
            "median_is_ppp": "(PPP$)",
            "mean_poor50_is_ppp": "(PPP$)",
            "deciles": [
                2.87209,
                3.93641,
                4.94214,
                5.94703,
                7.0086,
                8.20235,
                9.65555,
                11.6443,
                15.0279,
                30.7636
            ],
            "polarization": 31.919
        },
        "poverty": {
            "elasticity": {
                "HC_wrt_Gini": 3.68348,
                "FGT2_wrt_Gini": 12.4961,
                "FGT2_wrt_mean_C": -5.095,
                "HC_wrt_mean_C": -2.48991,
                "PG_wrt_Gini": 8.08175,
                "PG_wrt_mean_C": -3.78702
            },
            "HC": 15.927,
            "line_month_ppp": 57.7917,
            "PG": 3.32713,
            "FGT2": 0.937881,
            "Watt": "0.0416505"
        }
    }
}