{
    "beta": {
        "implied": {
            "theta": 0.6393437,
            "gamma": 0.9345035,
            "delta": 0.5240071
        },
        "reg": {
            "RMSE": 0.00261602,
            "R2": 0.9999701,
            "MSE": 6.843559e-06,
            "params": {
                "A": {
                    "se": 0.0011902,
                    "coef": 0.524007,
                    "t": 440.263
                }
            },
            "SST": 3.661843,
            "ymean": -1.763679,
            "SSE": 0.0001094969
        },
        "elasticity": {
            "PG": {
                "meancons": -3.15091,
                "Gini": 12.5048
            },
            "HC": {
                "meancons": -3.75305,
                "Gini": 10.4021
            },
            "FGT2": {
                "meancons": -2.24885,
                "Gini": 13.7763
            }
        },
        "dist": {
            "polarization": -133.327,
            "median_ppp": 47.7092,
            "mean_poor50_ppp": 31.5342,
            "MLD": 0.208943,
            "Gini": 34.7987,
            "mean_corrected_ppp": 38.4509
        },
        "poverty": {
            "PG": 0.647498,
            "Watt": 0.00772744,
            "HC": 2.6877,
            "FGT2": 0.304787,
            "line_month_ppp": 57.7917
        },
        "deciles": [
            2.96517,
            4.39437,
            5.42445,
            6.43782,
            7.51448,
            8.72269,
            10.1637,
            12.0464,
            14.9942,
            27.3367
        ],
        "summary": {
            "mean_ppp": 217.969,
            "sse": {
                "fitted": 3.23206e-06,
                "tohc": 2.96207e-10
            },
            "normality": "Normal",
            "validity": "Valid",
            "Z": {
                "low": 17.4527,
                "high": 658.462
            }
        }
    },
    "quadratic": {
        "reg": {
            "ymean": 0.164199,
            "R2": 0.9999741,
            "MSE": 1.71781e-07,
            "params": {
                "C": {
                    "se": 0.0052904,
                    "coef": 0.186696,
                    "t": 35.2894
                },
                "A": {
                    "se": 0.0025295,
                    "coef": 0.889762,
                    "t": 351.757
                },
                "B": {
                    "se": 0.0097284,
                    "coef": -1.26031,
                    "t": -129.549
                }
            },
            "SST": 0.1059573,
            "RMSE": 0.0004144647,
            "SSE": 2.748496e-06
        },
        "elasticity": {
            "PG": {
                "meancons": -13.7353,
                "Gini": 41.841
            },
            "HC": {
                "meancons": -7.5261,
                "Gini": 20.8596
            },
            "FGT2": {
                "meancons": -19.9831,
                "Gini": 62.9291
            }
        },
        "dist": {
            "polarization": 28.7456,
            "median_ppp": 47.8554,
            "MLD": 0.202612,
            "mean_poor50_ppp": 31.6098,
            "Gini": 34.7359,
            "mean_corrected_ppp": 38.4879
        },
        "poverty": {
            "PG": 0.159307,
            "Watt": 0.00170525,
            "HC": 2.34744,
            "FGT2": 0.0144936,
            "line_month_ppp": 57.7917
        },
        "deciles": [
            3.0229,
            4.30742,
            5.428,
            6.48575,
            7.55633,
            8.72033,
            10.0987,
            11.9403,
            15.0002,
            27.4401
        ],
        "summary": {
            "mean_ppp": 217.969,
            "sse": {
                "fitted": 5.83874e-06,
                "tohc": 1.17665e-06
            },
            "normality": "Normal",
            "validity": "Valid",
            "Z": {
                "low": 54.21,
                "high": 712.428
            }
        }
    },
    "elasticity": {
        "PG": {
            "meancons": -3.15091,
            "Gini": 12.5048
        },
        "HC": {
            "meancons": -3.75305,
            "Gini": 10.4021
        },
        "FGT2": {
            "meancons": -2.24885,
            "Gini": 13.7763
        }
    },
    "dist": {
        "polarization": -133.327,
        "uses_commentary": "(Both are valid and normal, but Beta fits better.)",
        "mean_poor50_ppp": 31.5342,
        "MLD": 0.208943,
        "uses": "Beta",
        "Gini": 34.7987,
        "median_ppp": 47.7092,
        "mean_corrected_ppp": -0.270555
    },
    "poverty": {
        "PG": 0.647498,
        "line_month_ppp": 57.7917,
        "HC": 2.6877,
        "FGT2": 0.304787,
        "Watt": 0.00772744
    },
    "deciles": [
        2.96517,
        4.39437,
        5.42445,
        6.43782,
        7.51448,
        8.72269,
        10.1637,
        12.0464,
        14.9942,
        27.3367
    ],
    "summary": {
        "mean_ppp": 217.969,
        "sse": {
            "fitted": 3.23206e-06,
            "tohc": 2.96207e-10
        },
        "normality": "Normal",
        "validity": "Valid",
        "Z": {
            "low": 17.4527,
            "high": 658.462
        }
    },
    "dataset": {
        "country": "China",
        "source": "CHN_U2005X",
        "timespan": "UnDefined",
        "coverage": "Urban",
        "year": 2005,
        "format": "Grouped",
        "measure": "Consumption",
        "cc3": "CHN"
    },
    "distribution": {
        "L": [
            0.01553312,
            0.03604868,
            0.06020811,
            0.08686188,
            0.1161167,
            0.1473583,
            0.1806805,
            0.2165543,
            0.2545671,
            0.2950893,
            0.3382495,
            0.3838555,
            0.4328036,
            0.4846885,
            0.5413151,
            0.6026931,
            0.6699637,
            0.7462879,
            0.8372002,
            1.0
        ],
        "index": [
            1,
            2,
            3,
            4,
            5,
            6,
            7,
            8,
            9,
            10,
            11,
            12,
            13,
            14,
            15,
            16,
            17,
            18,
            19,
            20
        ],
        "p": [
            0.06050605,
            0.1168117,
            0.1724172,
            0.2262226,
            0.279528,
            0.3315332,
            0.3826383,
            0.4334433,
            0.4834483,
            0.5329533,
            0.5820582,
            0.630363,
            0.6784678,
            0.7256726,
            0.7729773,
            0.819682,
            0.8657866,
            0.9113911,
            0.9558956,
            1.0
        ]
    }
}