{
    "beta": {
        "implied": {
            "theta": 0.6411022,
            "gamma": 0.9485957,
            "delta": 0.538756
        },
        "reg": {
            "RMSE": 0.00862109,
            "R2": 0.999654,
            "MSE": 7.432319e-05,
            "params": {
                "A": {
                    "se": 0.0037671,
                    "coef": 0.538756,
                    "t": 143.015
                }
            },
            "SST": 3.436682,
            "ymean": -1.77789,
            "SSE": 0.001189171
        },
        "elasticity": {
            "PG": {
                "meancons": -4.76931,
                "Gini": 14.2387
            },
            "HC": {
                "meancons": -4.77907,
                "Gini": 10.9664
            },
            "FGT2": {
                "meancons": -4.26892,
                "Gini": 16.3852
            }
        },
        "dist": {
            "polarization": -134.864,
            "median_ppp": 41.8596,
            "mean_poor50_ppp": 27.9562,
            "MLD": 0.195238,
            "Gini": 34.0269,
            "mean_corrected_ppp": 33.986
        },
        "poverty": {
            "PG": 0.585248,
            "Watt": 0.00743936,
            "HC": 3.37648,
            "FGT2": 0.186714,
            "line_month_ppp": 57.7917
        },
        "deciles": [
            3.18165,
            4.46808,
            5.46639,
            6.47023,
            7.54768,
            8.76193,
            10.2103,
            12.0953,
            15.0194,
            26.779
        ],
        "summary": {
            "mean_ppp": 190.405,
            "sse": {
                "fitted": 3.33831e-05,
                "tohc": 1.87643e-07
            },
            "normality": "Normal",
            "validity": "Valid",
            "Z": {
                "low": 29.4298,
                "high": 564.344
            }
        }
    },
    "quadratic": {
        "reg": {
            "ymean": 0.1671855,
            "R2": 0.9999595,
            "MSE": 2.542327e-07,
            "params": {
                "C": {
                    "se": 0.0072395,
                    "coef": 0.228853,
                    "t": 31.6118
                },
                "A": {
                    "se": 0.0033048,
                    "coef": 0.867934,
                    "t": 262.625
                },
                "B": {
                    "se": 0.012888,
                    "coef": -1.21568,
                    "t": -94.3297
                }
            },
            "SST": 0.1003887,
            "RMSE": 0.0005042149,
            "SSE": 4.067723e-06
        },
        "elasticity": {
            "PG": {
                "meancons": -13.0293,
                "Gini": 33.1928
            },
            "HC": {
                "meancons": -7.17648,
                "Gini": 16.4677
            },
            "FGT2": {
                "meancons": -18.9208,
                "Gini": 50.0065
            }
        },
        "dist": {
            "polarization": 28.4713,
            "median_ppp": 41.7755,
            "MLD": 0.191108,
            "mean_poor50_ppp": 28.0678,
            "Gini": 33.971,
            "mean_corrected_ppp": 34.0148
        },
        "poverty": {
            "PG": 0.230062,
            "Watt": 0.00285409,
            "HC": 3.22761,
            "FGT2": 0.0219937,
            "line_month_ppp": 57.7917
        },
        "deciles": [
            3.25362,
            4.43095,
            5.48966,
            6.50995,
            7.55821,
            8.71076,
            10.0871,
            11.9371,
            15.0197,
            27.003
        ],
        "summary": {
            "mean_ppp": 190.405,
            "sse": {
                "fitted": 5.73162e-06,
                "tohc": 1.94892e-06
            },
            "normality": "Normal",
            "validity": "Valid",
            "Z": {
                "low": 53.7221,
                "high": 617.052
            }
        }
    },
    "elasticity": {
        "PG": {
            "meancons": -4.76931,
            "Gini": 14.2387
        },
        "HC": {
            "meancons": -4.77907,
            "Gini": 10.9664
        },
        "FGT2": {
            "meancons": -4.26892,
            "Gini": 16.3852
        }
    },
    "dist": {
        "polarization": 28.4713,
        "uses_commentary": "(Both are valid and normal, but GQ fits better.)",
        "mean_poor50_ppp": 28.0678,
        "MLD": 0.191108,
        "uses": "GQ",
        "Gini": 33.971,
        "median_ppp": 41.7755,
        "mean_corrected_ppp": -0.270555
    },
    "poverty": {
        "PG": 0.585248,
        "line_month_ppp": 57.7917,
        "HC": 3.37648,
        "FGT2": 0.186714,
        "Watt": 0.00743936
    },
    "deciles": [
        3.25362,
        4.43095,
        5.48966,
        6.50995,
        7.55821,
        8.71076,
        10.0871,
        11.9371,
        15.0197,
        27.003
    ],
    "summary": {
        "mean_ppp": 190.405,
        "sse": {
            "fitted": 5.73162e-06,
            "tohc": 1.87643e-07
        },
        "normality": "Normal",
        "validity": "Valid",
        "Z": {
            "low": 53.7221,
            "high": 617.052
        }
    },
    "dataset": {
        "country": "China",
        "source": "CHN_R2013X",
        "timespan": "UnDefined",
        "coverage": "Rural",
        "year": 2013,
        "format": "Grouped",
        "measure": "Consumption",
        "cc3": "CHN"
    },
    "distribution": {
        "L": [
            0.01869946,
            0.04229721,
            0.06881336,
            0.09759686,
            0.1286781,
            0.162173,
            0.1974173,
            0.2346533,
            0.2742653,
            0.3163491,
            0.3606597,
            0.4072754,
            0.4565134,
            0.5092436,
            0.5657774,
            0.6268468,
            0.6933572,
            0.7674613,
            0.8556666,
            1.0
        ],
        "index": [
            1,
            2,
            3,
            4,
            5,
            6,
            7,
            8,
            9,
            10,
            11,
            12,
            13,
            14,
            15,
            16,
            17,
            18,
            19,
            20
        ],
        "p": [
            0.06609339,
            0.1262874,
            0.1839816,
            0.239576,
            0.2940706,
            0.3478652,
            0.40016,
            0.4514549,
            0.5021498,
            0.5523448,
            0.6015398,
            0.649735,
            0.6969303,
            0.7435256,
            0.7893211,
            0.8342166,
            0.8778122,
            0.920008,
            0.9610039,
            1.0
        ]
    }
}