{
    "summary": {
        "poverty_normality": "Normal",
        "sse_fitted": 8.12965e-06,
        "sse_up_to_hcindex": 1.28607e-07,
        "Z": {
            "high": 400.024,
            "low": 39.5821
        },
        "mean_month_ppp": 134.798,
        "lorenz_validity": "Valid"
    },
    "poverty": {
        "uses": "GQ",
        "elasticity": {
            "HC_wrt_Gini": 4.3971,
            "FGT2_wrt_Gini": 9.77792,
            "FGT2_wrt_mean_C": -3.83716,
            "PG_wrt_mean_C": -3.79256,
            "HC_wrt_mean_C": -3.29993,
            "PG_wrt_Gini": 7.38601
        },
        "HC": 10.9598,
        "uses_commentary": "(Both are valid and normal, but GQ fits better.)",
        "line_month_ppp": 57.7917,
        "PG": 2.28684,
        "FGT2": 0.783544,
        "Watt": "0.0287919"
    },
    "dist": {
        "MLD": 0.165004,
        "median_ppp": 113.785573500729,
        "median": 30.7852,
        "mean_corrected": -0.270555,
        "Gini": 31.5476,
        "median_is_ppp": "(PPP$)",
        "uses": "GQ",
        "mean_poor50": 20.8607,
        "polarization": 26.6626,
        "deciles": [
            3.37792,
            4.68008,
            5.79977,
            6.84587,
            7.896,
            9.0294,
            10.3613,
            12.1239,
            15.0023,
            24.8835
        ],
        "uses_commentary": "(Both are valid, but GQ fits better)",
        "mean_corrected_is_ppp": "(PPP$)",
        "mean_poor50_is_ppp": "(PPP$)"
    },
    "lorenz": {
        "L": [
            0.01707965,
            0.03898355,
            0.06446784,
            0.09250106,
            0.1231489,
            0.1558361,
            0.1907052,
            0.2275181,
            0.266781,
            0.3088033,
            0.352816,
            0.3999397,
            0.4496485,
            0.5018648,
            0.5591539,
            0.6206722,
            0.6895483,
            0.7661886,
            0.8560437,
            1.0
        ],
        "index": [
            1,
            2,
            3,
            4,
            5,
            6,
            7,
            8,
            9,
            10,
            11,
            12,
            13,
            14,
            15,
            16,
            17,
            18,
            19,
            20
        ],
        "p": [
            0.0595119,
            0.1144229,
            0.1688338,
            0.2217443,
            0.2741548,
            0.3256651,
            0.3766753,
            0.4268854,
            0.4768954,
            0.5269054,
            0.5759152,
            0.624825,
            0.6727345,
            0.7195439,
            0.7671534,
            0.8140628,
            0.8615723,
            0.9081816,
            0.9540908,
            1.0
        ]
    },
    "dataset": {
        "coverage": "Urban",
        "country": "China",
        "timespan": "UnDefined",
        "source": "CHN_U1999X",
        "iso3c": "CHN",
        "format": "Grouped",
        "year": 1999,
        "measure": "Consumption"
    },
    "beta": {
        "summary": {
            "poverty_normality": "Normal",
            "sse_fitted": 1.6529e-05,
            "sse_up_to_hcindex": 1.28607e-07,
            "Z": {
                "high": 367.966,
                "low": 18.3268
            },
            "mean_month_ppp": 134.798,
            "lorenz_validity": "Valid"
        },
        "poverty": {
            "elasticity": {
                "HC_wrt_Gini": 4.3971,
                "FGT2_wrt_Gini": 9.77792,
                "FGT2_wrt_mean_C": -3.83716,
                "HC_wrt_mean_C": -3.29993,
                "PG_wrt_Gini": 7.38601,
                "PG_wrt_mean_C": -3.79256
            },
            "HC": 10.9598,
            "line_month_ppp": 57.7917,
            "PG": 2.28684,
            "FGT2": 0.783544,
            "Watt": "0.0287919"
        },
        "dist": {
            "mean_poor50": 20.7969,
            "MLD": 0.169794,
            "median_ppp": 113.95163220058,
            "median": 30.8301,
            "mean_corrected": 24.9418,
            "Gini": 31.6105,
            "deciles": [
                3.31236,
                4.73592,
                5.77926,
                6.80306,
                7.88148,
                9.07579,
                10.4743,
                12.2552,
                14.9371,
                24.7455
            ],
            "mean_corrected_is_ppp": "(PPP$)",
            "median_is_ppp": "(PPP$)",
            "polarization": -136.668,
            "mean_poor50_is_ppp": "(PPP$)"
        },
        "implied": {
            "gamma": 0.9354592,
            "delta": 0.5756063,
            "theta": 0.6124495
        },
        "reg": {
            "RMSE": 0.006385674,
            "params": {
                "A": {
                    "coef": 0.575606,
                    "se": 0.0029526,
                    "t": 194.951
                }
            },
            "R2": 0.9998179,
            "SST": 3.583727,
            "ymean": -1.86085,
            "SSE": 0.0006524294,
            "MSE": 4.077684e-05
        }
    },
    "quadratic": {
        "summary": {
            "poverty_normality": "Normal",
            "sse_fitted": 8.12965e-06,
            "sse_up_to_hcindex": 2.39791e-06,
            "Z": {
                "high": 400.024,
                "low": 39.5821
            },
            "mean_month_ppp": 134.798,
            "lorenz_validity": "Valid"
        },
        "reg": {
            "RMSE": 0.0005147516,
            "params": {
                "C": {
                    "coef": 0.203214,
                    "t": 26.1024,
                    "se": 0.0077853
                },
                "A": {
                    "coef": 0.929312,
                    "se": 0.003378,
                    "t": 275.108
                },
                "B": {
                    "coef": -1.35782,
                    "se": 0.012496,
                    "t": -108.656
                }
            },
            "R2": 0.9999589,
            "SST": 0.1032586,
            "ymean": 0.1653347,
            "SSE": 4.239508e-06,
            "MSE": 2.649692e-07
        },
        "dist": {
            "mean_poor50": 20.8607,
            "MLD": 0.165004,
            "median_ppp": 113.785573500729,
            "median": 30.7852,
            "mean_corrected": 24.9648,
            "Gini": 31.5476,
            "mean_corrected_is_ppp": "(PPP$)",
            "median_is_ppp": "(PPP$)",
            "mean_poor50_is_ppp": "(PPP$)",
            "deciles": [
                3.37792,
                4.68008,
                5.79977,
                6.84587,
                7.896,
                9.0294,
                10.3613,
                12.1239,
                15.0023,
                24.8835
            ],
            "polarization": 26.6626
        },
        "poverty": {
            "elasticity": {
                "HC_wrt_Gini": 3.91543,
                "FGT2_wrt_Gini": 12.5619,
                "FGT2_wrt_mean_C": -5.92645,
                "HC_wrt_mean_C": -2.93844,
                "PG_wrt_Gini": 8.20725,
                "PG_wrt_mean_C": -4.40888
            },
            "HC": 11.703,
            "line_month_ppp": 57.7917,
            "PG": 2.16367,
            "FGT2": 0.545936,
            "Watt": "0.0256202"
        }
    }
}