{
    "distribution": {
        "index": [
            1,
            2,
            3,
            4,
            5,
            6,
            7,
            8,
            9,
            10
        ],
        "L": [
            0.00687304,
            0.02506478,
            0.05176599,
            0.08749489,
            0.1331515,
            0.1909178,
            0.2656484,
            0.3697804,
            0.531106,
            1.0
        ],
        "p": [
            0.1,
            0.2,
            0.3,
            0.4,
            0.5,
            0.6,
            0.7,
            0.8,
            0.9,
            1.0
        ]
    },
    "deciles": [
        0.926454,
        1.67828,
        2.51024,
        3.45671,
        4.57171,
        5.94789,
        7.76394,
        10.4317,
        15.2662,
        47.4469
    ],
    "elasticity": {
        "HC": {
            "Gini": 12.2969,
            "meancons": -1.52423
        },
        "PG": {
            "Gini": 22.5635,
            "meancons": -1.67284
        },
        "FGT2": {
            "Gini": 31.7765,
            "meancons": -1.69085
        }
    },
    "dist": {
        "MLD": 0.661815,
        "mean_corrected": -0.000835454,
        "Gini": 59.1267,
        "mean_corrected_is_ppp": "(PPP$)",
        "uses_commentary": "(Both are valid, but GQ fits better)",
        "mean_poor50": 0.115085,
        "polarization": 56.0423,
        "median_ppp": 272.787074436985,
        "median": 0.227901,
        "uses": "GQ",
        "median_is_ppp": "(PPP$)",
        "mean_poor50_is_ppp": "(PPP$)"
    },
    "dataset": {
        "country": "Colombia",
        "timespan": "UnDefined",
        "year": 1980,
        "measure": "Income",
        "cc3": "COL",
        "format": "Grouped",
        "coverage": "Urban",
        "source": "COL_U1980Y"
    },
    "beta": {
        "reg": {
            "RMSE": 0.01113921,
            "SST": 2.124646,
            "SSE": 0.0007444926,
            "params": {
                "A": {
                    "coef": 0.351877,
                    "se": 0.01021,
                    "t": 34.4638
                }
            },
            "R2": 0.9996496,
            "MSE": 0.0001240821,
            "ymean": -1.249433
        },
        "deciles": [
            0.765689,
            1.66149,
            2.54491,
            3.5276,
            4.66996,
            6.06028,
            7.86329,
            10.4582,
            15.0823,
            47.3662
        ],
        "elasticity": {
            "HC": {
                "Gini": 12.2969,
                "meancons": -1.52423
            },
            "PG": {
                "Gini": 22.5635,
                "meancons": -1.67284
            },
            "FGT2": {
                "Gini": 31.7765,
                "meancons": -1.69085
            }
        },
        "dist": {
            "MLD": 0.675778,
            "median": 0.232642,
            "mean_corrected": 0.179111,
            "Gini": 59.089,
            "mean_corrected_is_ppp": "(PPP$)",
            "median_is_ppp": "(PPP$)",
            "mean_poor50_is_ppp": "(PPP$)",
            "polarization": -99.8534,
            "mean_poor50": 0.115315,
            "median_ppp": 278.461988776411
        },
        "poverty": {
            "HC": 8.42708,
            "line_month_ppp": 57.7917,
            "FGT2": 1.70847,
            "Watt": "0.0421433",
            "PG": 3.15286
        },
        "implied": {
            "theta": 0.9323264,
            "delta": 0.3518773,
            "gamma": 0.9880625
        },
        "summary": {
            "Z": {
                "low": 4.17222,
                "high": 2525.25
            },
            "normality": "Normal",
            "mean_ppp": 524.034,
            "validity": "Valid",
            "sse": {
                "tohc": 6.1442e-07,
                "fitted": 9.92222e-05
            }
        }
    },
    "poverty": {
        "PG": 3.15286,
        "FGT2": 1.70847,
        "uses": "GQ",
        "uses_commentary": "(Both are valid and normal, but GQ fits better.)",
        "HC": 8.42708,
        "line_month_ppp": 57.7917,
        "Watt": "0.0421433"
    },
    "summary": {
        "Z": {
            "low": 34.287,
            "high": 2468.99
        },
        "sse": {
            "tohc": 6.1442e-07,
            "fitted": 6.22286e-05
        },
        "normality": "Normal",
        "mean_ppp": 524.034,
        "validity": "Valid"
    },
    "quadratic": {
        "reg": {
            "RMSE": 0.004410884,
            "SST": 0.06477397,
            "SSE": 0.0001167354,
            "params": {
                "B": {
                    "se": 0.21752,
                    "coef": 0.408633,
                    "t": 1.8786
                },
                "C": {
                    "coef": 0.132406,
                    "se": 0.037742,
                    "t": 3.50815
                },
                "A": {
                    "coef": 0.777734,
                    "se": 0.022844,
                    "t": 34.046
                }
            },
            "R2": 0.9981978,
            "MSE": 1.94559e-05,
            "ymean": 0.1230259
        },
        "deciles": [
            0.926454,
            1.67828,
            2.51024,
            3.45671,
            4.57171,
            5.94789,
            7.76394,
            10.4317,
            15.2662,
            47.4469
        ],
        "elasticity": {
            "HC": {
                "Gini": 16.2544,
                "meancons": -2.01476
            },
            "PG": {
                "Gini": 34.1506,
                "meancons": -3.10908
            },
            "FGT2": {
                "Gini": 51.9614,
                "meancons": -4.19281
            }
        },
        "dist": {
            "MLD": 0.661815,
            "median": 0.227901,
            "mean_corrected": 0.178946,
            "Gini": 59.1267,
            "mean_corrected_is_ppp": "(PPP$)",
            "median_is_ppp": "(PPP$)",
            "mean_poor50_is_ppp": "(PPP$)",
            "polarization": 56.0423,
            "mean_poor50": 0.115085,
            "median_ppp": 272.787074436985
        },
        "poverty": {
            "HC": 7.45981,
            "line_month_ppp": 57.7917,
            "Watt": "0.024235",
            "FGT2": 0.586308,
            "PG": 1.81545
        },
        "summary": {
            "Z": {
                "low": 34.287,
                "high": 2468.99
            },
            "sse": {
                "tohc": 5.71928e-06,
                "fitted": 6.22286e-05
            },
            "normality": "Normal",
            "mean_ppp": 524.034,
            "validity": "Valid"
        }
    }
}