{
    "beta": {
        "implied": {
            "theta": 0.897643,
            "gamma": 0.9860682,
            "delta": 0.4444503
        },
        "reg": {
            "RMSE": 0.01637245,
            "R2": 0.9992431,
            "MSE": 0.000268057,
            "params": {
                "A": {
                    "se": 0.0077032,
                    "coef": 0.44445,
                    "t": 57.6966
                }
            },
            "SST": 5.666241,
            "ymean": -1.431516,
            "SSE": 0.004288912
        },
        "elasticity": {
            "PG": {
                "meancons": -1.98362,
                "Gini": 14.2005
            },
            "HC": {
                "meancons": -1.62711,
                "Gini": 7.19886
            },
            "FGT2": {
                "meancons": -2.22624,
                "Gini": 20.6982
            }
        },
        "dist": {
            "polarization": -105.48,
            "median_ppp": 0.16742,
            "mean_poor50_ppp": 0.0874618,
            "MLD": 0.492176,
            "Gini": 51.3169,
            "mean_corrected_ppp": 0.1275
        },
        "poverty": {
            "PG": 3.77946,
            "Watt": 0.0540975,
            "HC": 11.2765,
            "FGT2": 1.78857,
            "line_month_ppp": 57.7917
        },
        "deciles": [
            1.15499,
            2.21855,
            3.25622,
            4.38968,
            5.67824,
            7.2045,
            9.1179,
            11.7521,
            16.152,
            39.0759
        ],
        "summary": {
            "mean_ppp": 313.48,
            "sse": {
                "fitted": 0.000300443,
                "tohc": 1.54747e-06
            },
            "normality": "Normal",
            "validity": "Valid",
            "Z": {
                "low": 12.2503,
                "high": 1338.03
            }
        }
    },
    "quadratic": {
        "reg": {
            "ymean": 0.1344258,
            "R2": 0.9992868,
            "MSE": 6.095159e-06,
            "params": {
                "C": {
                    "se": 0.017139,
                    "coef": 0.170017,
                    "t": 9.91982
                },
                "A": {
                    "se": 0.010172,
                    "coef": 0.886011,
                    "t": 87.1063
                },
                "B": {
                    "se": 0.070131,
                    "coef": -0.119626,
                    "t": -1.70576
                }
            },
            "SST": 0.1367322,
            "RMSE": 0.002468838,
            "SSE": 9.752254e-05
        },
        "elasticity": {
            "PG": {
                "meancons": -2.80294,
                "Gini": 17.8254
            },
            "HC": {
                "meancons": -1.88088,
                "Gini": 8.32159
            },
            "FGT2": {
                "meancons": -3.71767,
                "Gini": 27.2968
            }
        },
        "dist": {
            "polarization": 48.6017,
            "median_ppp": 0.16335,
            "MLD": 0.476133,
            "mean_poor50_ppp": 0.0877994,
            "Gini": 51.3189,
            "mean_corrected_ppp": 0.127495
        },
        "poverty": {
            "PG": 2.75613,
            "Watt": 0.0368128,
            "HC": 10.4814,
            "FGT2": 0.964076,
            "line_month_ppp": 57.7917
        },
        "deciles": [
            1.33653,
            2.27237,
            3.25943,
            4.336,
            5.5578,
            7.01646,
            8.88485,
            11.557,
            16.2855,
            39.4941
        ],
        "summary": {
            "mean_ppp": 313.48,
            "sse": {
                "fitted": 8.17089e-05,
                "tohc": 1.1867e-05
            },
            "normality": "Normal",
            "validity": "Valid",
            "Z": {
                "low": 31.8096,
                "high": 1471.94
            }
        }
    },
    "elasticity": {
        "PG": {
            "meancons": -1.98362,
            "Gini": 14.2005
        },
        "HC": {
            "meancons": -1.62711,
            "Gini": 7.19886
        },
        "FGT2": {
            "meancons": -2.22624,
            "Gini": 20.6982
        }
    },
    "dist": {
        "polarization": 48.6017,
        "uses_commentary": "(Both are valid and normal, but GQ fits better.)",
        "mean_poor50_ppp": 0.0877994,
        "MLD": 0.476133,
        "uses": "GQ",
        "Gini": 51.3189,
        "median_ppp": 0.16335,
        "mean_corrected_ppp": -0.000835454
    },
    "poverty": {
        "PG": 3.77946,
        "line_month_ppp": 57.7917,
        "HC": 11.2765,
        "FGT2": 1.78857,
        "Watt": 0.0540975
    },
    "deciles": [
        1.33653,
        2.27237,
        3.25943,
        4.336,
        5.5578,
        7.01646,
        8.88485,
        11.557,
        16.2855,
        39.4941
    ],
    "summary": {
        "mean_ppp": 313.48,
        "sse": {
            "fitted": 8.17089e-05,
            "tohc": 1.54747e-06
        },
        "normality": "Normal",
        "validity": "Valid",
        "Z": {
            "low": 31.8096,
            "high": 1471.94
        }
    },
    "dataset": {
        "country": "Colombia",
        "source": "COL_U1991Y",
        "timespan": "UnDefined",
        "coverage": "Urban",
        "year": 1991,
        "format": "Grouped",
        "measure": "Income",
        "cc3": "COL"
    },
    "distribution": {
        "L": [
            0.003260497,
            0.01123968,
            0.02205432,
            0.03542078,
            0.05128409,
            0.06956644,
            0.09023878,
            0.1135384,
            0.1394173,
            0.1682676,
            0.2007146,
            0.2373021,
            0.2786374,
            0.3254927,
            0.3788132,
            0.4408145,
            0.5143745,
            0.606117,
            0.7331805,
            1.0
        ],
        "index": [
            1,
            2,
            3,
            4,
            5,
            6,
            7,
            8,
            9,
            10,
            11,
            12,
            13,
            14,
            15,
            16,
            17,
            18,
            19,
            20
        ],
        "p": [
            0.05,
            0.1,
            0.15,
            0.2,
            0.25,
            0.3,
            0.35,
            0.4,
            0.45,
            0.5,
            0.55,
            0.6,
            0.65,
            0.7,
            0.75,
            0.8,
            0.85,
            0.9,
            0.95,
            1.0
        ]
    }
}