{
    "dist": {
        "mean_corrected": -0.0482136,
        "Gini": 50.4579,
        "polarization": 45.6697,
        "median_is_ppp": "(PPP$)",
        "poverty_uses_commentary": "(Both are valid and normal, but GQ fits better.)",
        "mean_poor50_is_ppp": "(PPP$)",
        "poverty_uses": "GQ",
        "MLD": 0.447312,
        "mean_poor50": 2.13165,
        "uses_commentary": "(Both are valid, but GQ fits better)",
        "deciles": [
            1.66333,
            2.52878,
            3.44458,
            4.44624,
            5.58589,
            6.94958,
            8.70009,
            11.2092,
            15.6617,
            39.8106
        ],
        "HC": 36.6695,
        "mean_corrected_is_ppp": "(PPP$)",
        "median": 3.75238,
        "median_ppp": 77.8282080003467,
        "FGT2": 6.93412,
        "Watt": "0.203764",
        "PG": 13.9731,
        "elasticity": {
            "FGT2_wrt_Gini": 6.69494,
            "HC_wrt_Gini": 1.3579,
            "PG_wrt_mean_C": -1.6243,
            "FGT2_wrt_mean_C": -2.03023,
            "PG_wrt_Gini": 4.05713,
            "HC_wrt_mean_C": -1.16565
        },
        "uses": "GQ"
    },
    "beta": {
        "reg": {
            "ymean": -1.390712,
            "R2": 0.9999128,
            "SST": 1.912202,
            "RMSE": 0.0052721,
            "MSE": 2.779504e-05,
            "params": {
                "C": {
                    "se": 0.0048323,
                    "t": 85.3764,
                    "coef": 0.412567
                },
                "A": {
                    "se": 0.008355,
                    "t": -18.604,
                    "coef": -0.155436
                },
                "B": {
                    "se": 0.0048323,
                    "t": 205.057,
                    "coef": 0.990901
                }
            },
            "SSE": 0.0001667702
        },
        "inputs": {
            "line_month_ppp": 57.7917
        },
        "dist": {
            "mean_corrected": 2.98376,
            "Gini": 50.5366,
            "polarization": -115.324,
            "PG": 14.0842,
            "elasticity": {
                "FGT2_wrt_Gini": 6.64907,
                "HC_wrt_Gini": 1.33426,
                "PG_wrt_mean_C": -1.60346,
                "FGT2_wrt_mean_C": -1.99085,
                "PG_wrt_Gini": 4.03286,
                "HC_wrt_mean_C": -1.14535
            },
            "median_is_ppp": "(PPP$)",
            "MLD": 0.450552,
            "HC": 36.6676,
            "mean_poor50": 2.12817,
            "deciles": [
                1.63018,
                2.52442,
                3.43412,
                4.44411,
                5.60712,
                7.00202,
                8.77497,
                11.257,
                15.5006,
                39.8254
            ],
            "mean_corrected_is_ppp": "(PPP$)",
            "median": 3.77439,
            "Watt": "0.200688",
            "median_ppp": 78.2846563794536,
            "mean_poor50_is_ppp": "(PPP$)",
            "FGT2": 7.05822
        },
        "summary": {
            "Z": {
                "high": 531.138,
                "low": 16.1949
            },
            "lorenz_validity": "Valid",
            "sse_fitted": 1.66433e-05,
            "mean_month_ppp": 125.115,
            "sse_up_to_hcindex": 9.91739e-07,
            "poverty_normality": "Normal"
        },
        "implied": {
            "gamma": 0.9909011,
            "theta": 0.856042,
            "delta": 0.4125672
        }
    },
    "inputs": {
        "line_month_ppp": 57.7917
    },
    "dataset": {
        "coverage": "National",
        "iso3c": "DOM",
        "format": "Grouped",
        "year": 1989,
        "measure": "Income",
        "source": "DOM_N1989Y",
        "country": "Dominican Republic",
        "timespan": "UnDefined"
    },
    "lorenz": {
        "index": [
            1,
            2,
            3,
            4,
            5,
            6,
            7,
            8,
            9,
            10
        ],
        "p": [
            0.1,
            0.2,
            0.3,
            0.4,
            0.5,
            0.6,
            0.7,
            0.8,
            0.9,
            1.0
        ],
        "L": [
            0.01601602,
            0.04204204,
            0.07607608,
            0.1211211,
            0.1771772,
            0.2462462,
            0.3333333,
            0.4434434,
            0.6036036,
            1.0
        ]
    },
    "summary": {
        "Z": {
            "high": 559.85,
            "low": 19.6237
        },
        "poverty_normality": "Normal",
        "sse_fitted": 7.11429e-06,
        "mean_month_ppp": 125.115,
        "lorenz_validity": "Valid",
        "sse_up_to_hcindex": 5.65396e-07
    },
    "quadratic": {
        "reg": {
            "ymean": 0.1413842,
            "R2": 0.9998676,
            "SST": 0.06148335,
            "RMSE": 0.001164857,
            "MSE": 1.356891e-06,
            "params": {
                "C": {
                    "se": 0.014836,
                    "t": 15.3355,
                    "coef": 0.227514
                },
                "A": {
                    "se": 0.0069737,
                    "t": 111.338,
                    "coef": 0.776443
                },
                "B": {
                    "se": 0.054415,
                    "t": -3.11801,
                    "coef": -0.169666
                }
            },
            "SSE": 8.141344e-06
        },
        "inputs": {
            "line_month_ppp": 57.7917
        },
        "dist": {
            "mean_corrected": 2.9885,
            "Gini": 50.4579,
            "polarization": 45.6697,
            "PG": 13.9731,
            "elasticity": {
                "FGT2_wrt_Gini": 6.69494,
                "HC_wrt_Gini": 1.3579,
                "PG_wrt_mean_C": -1.6243,
                "FGT2_wrt_mean_C": -2.03023,
                "PG_wrt_Gini": 4.05713,
                "HC_wrt_mean_C": -1.16565
            },
            "median_is_ppp": "(PPP$)",
            "MLD": 0.447312,
            "HC": 36.6695,
            "mean_poor50": 2.13165,
            "deciles": [
                1.66333,
                2.52878,
                3.44458,
                4.44624,
                5.58589,
                6.94958,
                8.70009,
                11.2092,
                15.6617,
                39.8106
            ],
            "mean_corrected_is_ppp": "(PPP$)",
            "median": 3.75238,
            "Watt": "0.203764",
            "median_ppp": 77.8282080003467,
            "mean_poor50_is_ppp": "(PPP$)",
            "FGT2": 6.93412
        },
        "summary": {
            "Z": {
                "high": 559.85,
                "low": 19.6237
            },
            "lorenz_validity": "Valid",
            "sse_fitted": 7.11429e-06,
            "mean_month_ppp": 125.115,
            "sse_up_to_hcindex": 5.65396e-07,
            "poverty_normality": "Normal"
        }
    }
}