{
    "beta": {
        "implied": {
            "theta": 0.8624722,
            "gamma": 0.9751372,
            "delta": 0.4797854
        },
        "reg": {
            "RMSE": 0.01048256,
            "R2": 0.9996651,
            "MSE": 0.0001098841,
            "params": {
                "A": {
                    "se": 0.004932,
                    "coef": 0.479785,
                    "t": 97.2792
                }
            },
            "SST": 5.250513,
            "ymean": -1.494064,
            "SSE": 0.001758146
        },
        "elasticity": {
            "PG": {
                "meancons": -1.32183,
                "Gini": 3.07965
            },
            "HC": {
                "meancons": -1.0671,
                "Gini": 0.955797
            },
            "FGT2": {
                "meancons": -1.48925,
                "Gini": 5.12531
            }
        },
        "dist": {
            "polarization": -110.389,
            "median_ppp": 3.63573,
            "mean_poor50_ppp": 1.9585,
            "MLD": 0.423121,
            "Gini": 47.805,
            "mean_corrected_ppp": 2.75697
        },
        "poverty": {
            "PG": 16.5646,
            "Watt": 0.272004,
            "HC": 38.4602,
            "FGT2": 9.49465,
            "line_month_ppp": 57.7917
        },
        "deciles": [
            1.31731,
            2.55183,
            3.66376,
            4.84483,
            6.16146,
            7.69428,
            9.58237,
            12.1297,
            16.2711,
            35.7834
        ],
        "summary": {
            "mean_ppp": 109.555,
            "sse": {
                "fitted": 0.000104842,
                "tohc": 6.24086e-06
            },
            "normality": "Normal",
            "validity": "Valid",
            "Z": {
                "low": 4.25782,
                "high": 431.618
            }
        }
    },
    "quadratic": {
        "reg": {
            "ymean": 0.1392568,
            "R2": 0.9998591,
            "MSE": 1.197338e-06,
            "params": {
                "C": {
                    "se": 0.0074116,
                    "coef": 0.112873,
                    "t": 15.2291
                },
                "A": {
                    "se": 0.0050239,
                    "coef": 0.952474,
                    "t": 189.588
                },
                "B": {
                    "se": 0.026346,
                    "coef": -0.599511,
                    "t": -22.7552
                }
            },
            "SST": 0.1359575,
            "RMSE": 0.00109423,
            "SSE": 1.915741e-05
        },
        "elasticity": {
            "PG": {
                "meancons": -1.3404,
                "Gini": 3.09629
            },
            "HC": {
                "meancons": -1.10383,
                "Gini": 0.988698
            },
            "FGT2": {
                "meancons": -1.53177,
                "Gini": 5.16339
            }
        },
        "dist": {
            "polarization": 43.5533,
            "median_ppp": 3.61686,
            "MLD": 0.417155,
            "mean_poor50_ppp": 1.97062,
            "Gini": 47.7808,
            "mean_corrected_ppp": 2.75825
        },
        "poverty": {
            "PG": 16.3447,
            "Watt": 0.263068,
            "HC": 38.2532,
            "FGT2": 9.25582,
            "line_month_ppp": 57.7917
        },
        "deciles": [
            1.37643,
            2.54683,
            3.69602,
            4.8783,
            6.15631,
            7.62037,
            9.43008,
            11.9385,
            16.252,
            36.1052
        ],
        "summary": {
            "mean_ppp": 109.555,
            "sse": {
                "fitted": 3.41379e-05,
                "tohc": 2.97944e-06
            },
            "normality": "Normal",
            "validity": "Valid",
            "Z": {
                "low": 12.5723,
                "high": 469.973
            }
        }
    },
    "elasticity": {
        "PG": {
            "meancons": -1.3404,
            "Gini": 3.09629
        },
        "HC": {
            "meancons": -1.10383,
            "Gini": 0.988698
        },
        "FGT2": {
            "meancons": -1.53177,
            "Gini": 5.16339
        }
    },
    "dist": {
        "polarization": 43.5533,
        "uses_commentary": "(Both are valid and normal, but GQ fits better.)",
        "mean_poor50_ppp": 1.97062,
        "MLD": 0.417155,
        "uses": "GQ",
        "Gini": 47.7808,
        "median_ppp": 3.61686,
        "mean_corrected_ppp": -0.0482136
    },
    "poverty": {
        "PG": 16.3447,
        "line_month_ppp": 57.7917,
        "HC": 38.2532,
        "FGT2": 9.25582,
        "Watt": 0.263068
    },
    "deciles": [
        1.37643,
        2.54683,
        3.69602,
        4.8783,
        6.15631,
        7.62037,
        9.43008,
        11.9385,
        16.252,
        36.1052
    ],
    "summary": {
        "mean_ppp": 109.555,
        "sse": {
            "fitted": 3.41379e-05,
            "tohc": 2.97944e-06
        },
        "normality": "Normal",
        "validity": "Valid",
        "Z": {
            "low": 12.5723,
            "high": 469.973
        }
    },
    "dataset": {
        "country": "Dominican Republic",
        "source": "DOM_N1986Y",
        "timespan": "UnDefined",
        "coverage": "National",
        "year": 1986,
        "format": "Grouped",
        "measure": "Income",
        "cc3": "DOM"
    },
    "distribution": {
        "L": [
            0.004361598,
            0.01262685,
            0.02475526,
            0.03954665,
            0.0568355,
            0.07651543,
            0.09900706,
            0.1248387,
            0.1540612,
            0.1864186,
            0.2227554,
            0.2630901,
            0.3082216,
            0.3574015,
            0.4120438,
            0.4752416,
            0.5487976,
            0.6383632,
            0.7603734,
            1.0
        ],
        "index": [
            1,
            2,
            3,
            4,
            5,
            6,
            7,
            8,
            9,
            10,
            11,
            12,
            13,
            14,
            15,
            16,
            17,
            18,
            19,
            20
        ],
        "p": [
            0.05,
            0.1,
            0.15,
            0.2,
            0.25,
            0.3,
            0.35,
            0.4,
            0.45,
            0.5,
            0.55,
            0.6,
            0.65,
            0.7,
            0.75,
            0.8,
            0.85,
            0.9,
            0.95,
            1.0
        ]
    }
}