{
    "summary": {
        "sse_up_to_hcindex": 1.35406e-09,
        "Z": {
            "high": 1413.08,
            "low": 6.12937
        },
        "lorenz_validity": "Valid",
        "poverty_normality": "Normal",
        "sse_fitted": 5.35636e-06,
        "mean_ppp": 330.915
    },
    "poverty": {
        "HC": 5.27313,
        "PG": 1.49609,
        "Watt": "0.0168666",
        "uses_commentary": "(GQ is invalid.)",
        "elasticity": {
            "FGT2_wrt_Gini": 21.1162,
            "HC_wrt_Gini": 12.7023,
            "PG_wrt_Gini": 17.6573,
            "PG_wrt_mean_C": -2.52461,
            "HC_wrt_mean_C": -2.68774,
            "FGT2_wrt_mean_C": -2.04489
        },
        "uses": "Beta",
        "line_month_ppp": 57.7917,
        "FGT2": 0.739742
    },
    "lorenz": {
        "index": [
            1,
            2,
            3,
            4,
            5,
            6,
            7,
            8,
            9,
            10
        ],
        "p": [
            0.1,
            0.2,
            0.3,
            0.4,
            0.5,
            0.6,
            0.7,
            0.8,
            0.9,
            1.0
        ],
        "L": [
            0.01605109,
            0.04340697,
            0.07870211,
            0.1231446,
            0.1788057,
            0.2473248,
            0.3309458,
            0.4337245,
            0.5808595,
            1.0
        ]
    },
    "dist": {
        "mean_corrected": -0.0482136,
        "uses_commentary": "(GQ lorenz curves is invalid)",
        "MLD": 0.467037,
        "uses": "Beta",
        "median_is_ppp": "(PPP$)",
        "polarization": -118.499,
        "mean_corrected_is_ppp": "(PPP$)",
        "Gini": 51.3598,
        "deciles": [
            1.60879,
            2.70176,
            3.57706,
            4.49247,
            5.52211,
            6.7497,
            8.31985,
            10.5584,
            14.5223,
            41.9477
        ],
        "mean_poor50_is_ppp": "(PPP$)",
        "mean_poor50": 5.71245,
        "median": 9.72271,
        "median_ppp": 201.659104028053
    },
    "beta": {
        "dist": {
            "mean_corrected_is_ppp": "(PPP$)",
            "mean_corrected": 7.76037,
            "deciles": [
                1.60879,
                2.70176,
                3.57706,
                4.49247,
                5.52211,
                6.7497,
                8.31985,
                10.5584,
                14.5223,
                41.9477
            ],
            "Gini": 51.3598,
            "MLD": 0.467037,
            "mean_poor50_is_ppp": "(PPP$)",
            "median_is_ppp": "(PPP$)",
            "polarization": -118.499,
            "median": 9.72271,
            "mean_poor50": 5.71245,
            "median_ppp": 201.659104028053
        },
        "implied": {
            "gamma": 0.9631087,
            "delta": 0.3546529,
            "theta": 0.8001316
        },
        "reg": {
            "MSE": 7.759646e-06,
            "params": {
                "A": {
                    "se": 0.0025533,
                    "coef": 0.354653,
                    "t": 138.902
                }
            },
            "ymean": -1.38282,
            "SST": 1.973224,
            "R2": 0.9999764,
            "SSE": 4.655788e-05,
            "RMSE": 0.002785614
        },
        "summary": {
            "sse_up_to_hcindex": 1.35406e-09,
            "Z": {
                "high": 1413.08,
                "low": 6.12937
            },
            "lorenz_validity": "Valid",
            "poverty_normality": "Normal",
            "sse_fitted": 5.35636e-06,
            "mean_ppp": 330.915
        },
        "poverty": {
            "HC": 5.27313,
            "PG": 1.49609,
            "Watt": "0.0168666",
            "elasticity": {
                "FGT2_wrt_Gini": 21.1162,
                "HC_wrt_Gini": 12.7023,
                "PG_wrt_Gini": 17.6573,
                "PG_wrt_mean_C": -2.52461,
                "HC_wrt_mean_C": -2.68774,
                "FGT2_wrt_mean_C": -2.04489
            },
            "line_month_ppp": 57.7917,
            "FGT2": 0.739742
        }
    },
    "dataset": {
        "source": "DOM_N1992Y",
        "coverage": "National",
        "year": 1992,
        "measure": "Income",
        "country": "Dominican Republic",
        "format": "Grouped",
        "iso3c": "DOM",
        "timespan": "UnDefined"
    },
    "quadratic": {
        "reg": {
            "params": {
                "C": {
                    "se": 0.014458,
                    "coef": 0.178466,
                    "t": 12.3436
                },
                "A": {
                    "coef": 0.695146,
                    "se": 0.0077256,
                    "t": 89.9793
                },
                "B": {
                    "se": 0.05019,
                    "coef": -0.448144,
                    "t": -8.92897
                }
            },
            "MSE": 1.43159e-06,
            "ymean": 0.1423649,
            "SST": 0.06131876,
            "R2": 0.9998599,
            "SSE": 8.589542e-06,
            "RMSE": 0.001196491
        },
        "summary": {
            "sse_up_to_hcindex": 1.02647e-06,
            "Z": {
                "high": 1207.12,
                "low": 45.7339
            },
            "lorenz_validity": "Invalid",
            "poverty_normality": "Normal",
            "sse_fitted": 9.72289e-06,
            "mean_ppp": 330.915
        },
        "poverty": {
            "HC": 5.43327,
            "PG": 0.766954,
            "Watt": "0.00964384",
            "elasticity": {
                "FGT2_wrt_Gini": 52.154,
                "HC_wrt_Gini": 16.8188,
                "PG_wrt_Gini": 34.4801,
                "PG_wrt_mean_C": -6.08422,
                "HC_wrt_mean_C": -3.55877,
                "FGT2_wrt_mean_C": -8.61235
            },
            "line_month_ppp": 57.7917,
            "FGT2": 0.14454
        }
    }
}