{
    "beta": {
        "implied": {
            "theta": 0.856042,
            "gamma": 0.9909011,
            "delta": 0.4125672
        },
        "reg": {
            "RMSE": 0.0052721,
            "R2": 0.9999128,
            "MSE": 2.779504e-05,
            "params": {
                "A": {
                    "se": 0.0048323,
                    "coef": 0.412567,
                    "t": 85.3764
                }
            },
            "SST": 1.912202,
            "ymean": -1.390712,
            "SSE": 0.0001667702
        },
        "elasticity": {
            "PG": {
                "meancons": -1.60346,
                "Gini": 4.03286
            },
            "HC": {
                "meancons": -1.14535,
                "Gini": 1.33426
            },
            "FGT2": {
                "meancons": -1.99085,
                "Gini": 6.64907
            }
        },
        "dist": {
            "polarization": -115.324,
            "median_ppp": 3.77439,
            "mean_poor50_ppp": 2.12817,
            "MLD": 0.450552,
            "Gini": 50.5366,
            "mean_corrected_ppp": 2.98376
        },
        "poverty": {
            "PG": 14.0842,
            "Watt": 0.200688,
            "HC": 36.6676,
            "FGT2": 7.05822,
            "line_month_ppp": 57.7917
        },
        "deciles": [
            1.63018,
            2.52442,
            3.43412,
            4.44411,
            5.60712,
            7.00202,
            8.77497,
            11.257,
            15.5006,
            39.8254
        ],
        "summary": {
            "mean_ppp": 125.115,
            "sse": {
                "fitted": 1.66433e-05,
                "tohc": 9.91739e-07
            },
            "normality": "Normal",
            "validity": "Valid",
            "Z": {
                "low": 16.1949,
                "high": 531.138
            }
        }
    },
    "quadratic": {
        "reg": {
            "ymean": 0.1413842,
            "R2": 0.9998676,
            "MSE": 1.356891e-06,
            "params": {
                "C": {
                    "se": 0.014836,
                    "coef": 0.227514,
                    "t": 15.3355
                },
                "A": {
                    "se": 0.0069737,
                    "coef": 0.776443,
                    "t": 111.338
                },
                "B": {
                    "se": 0.054415,
                    "coef": -0.169666,
                    "t": -3.11801
                }
            },
            "SST": 0.06148335,
            "RMSE": 0.001164857,
            "SSE": 8.141344e-06
        },
        "elasticity": {
            "PG": {
                "meancons": -1.6243,
                "Gini": 4.05713
            },
            "HC": {
                "meancons": -1.16565,
                "Gini": 1.3579
            },
            "FGT2": {
                "meancons": -2.03023,
                "Gini": 6.69494
            }
        },
        "dist": {
            "polarization": 45.6697,
            "median_ppp": 3.75238,
            "MLD": 0.447312,
            "mean_poor50_ppp": 2.13165,
            "Gini": 50.4579,
            "mean_corrected_ppp": 2.9885
        },
        "poverty": {
            "PG": 13.9731,
            "Watt": 0.203764,
            "HC": 36.6695,
            "FGT2": 6.93412,
            "line_month_ppp": 57.7917
        },
        "deciles": [
            1.66333,
            2.52878,
            3.44458,
            4.44624,
            5.58589,
            6.94958,
            8.70009,
            11.2092,
            15.6617,
            39.8106
        ],
        "summary": {
            "mean_ppp": 125.115,
            "sse": {
                "fitted": 7.11429e-06,
                "tohc": 5.65396e-07
            },
            "normality": "Normal",
            "validity": "Valid",
            "Z": {
                "low": 19.6237,
                "high": 559.85
            }
        }
    },
    "elasticity": {
        "PG": {
            "meancons": -1.6243,
            "Gini": 4.05713
        },
        "HC": {
            "meancons": -1.16565,
            "Gini": 1.3579
        },
        "FGT2": {
            "meancons": -2.03023,
            "Gini": 6.69494
        }
    },
    "dist": {
        "polarization": 45.6697,
        "uses_commentary": "(Both are valid and normal, but GQ fits better.)",
        "mean_poor50_ppp": 2.13165,
        "MLD": 0.447312,
        "uses": "GQ",
        "Gini": 50.4579,
        "median_ppp": 3.75238,
        "mean_corrected_ppp": -0.0482136
    },
    "poverty": {
        "PG": 13.9731,
        "line_month_ppp": 57.7917,
        "HC": 36.6695,
        "FGT2": 6.93412,
        "Watt": 0.203764
    },
    "deciles": [
        1.66333,
        2.52878,
        3.44458,
        4.44624,
        5.58589,
        6.94958,
        8.70009,
        11.2092,
        15.6617,
        39.8106
    ],
    "summary": {
        "mean_ppp": 125.115,
        "sse": {
            "fitted": 7.11429e-06,
            "tohc": 5.65396e-07
        },
        "normality": "Normal",
        "validity": "Valid",
        "Z": {
            "low": 19.6237,
            "high": 559.85
        }
    },
    "dataset": {
        "country": "Dominican Republic",
        "source": "DOM_N1989Y",
        "timespan": "UnDefined",
        "coverage": "National",
        "year": 1989,
        "format": "Grouped",
        "measure": "Income",
        "cc3": "DOM"
    },
    "distribution": {
        "L": [
            0.01601602,
            0.04204204,
            0.07607608,
            0.1211211,
            0.1771772,
            0.2462462,
            0.3333333,
            0.4434434,
            0.6036036,
            1.0
        ],
        "index": [
            1,
            2,
            3,
            4,
            5,
            6,
            7,
            8,
            9,
            10
        ],
        "p": [
            0.1,
            0.2,
            0.3,
            0.4,
            0.5,
            0.6,
            0.7,
            0.8,
            0.9,
            1.0
        ]
    }
}