{
    "quadratic": {
        "poverty": {
            "FGT2": 0.0,
            "Watt": "0",
            "HC": 0.0,
            "PG": 0.0,
            "elasticity": {
                "HC_wrt_mean_C": 0.0,
                "PG_wrt_Gini": 0.0,
                "PG_wrt_mean_C": 0.0,
                "FGT2_wrt_Gini": 0.0,
                "FGT2_wrt_mean_C": 0.0,
                "HC_wrt_Gini": 0.0
            },
            "line_month_ppp": 57.7917
        },
        "reg": {
            "RMSE": 0.0008140385,
            "SST": 0.03736359,
            "R2": 0.9999823,
            "params": {
                "B": {
                    "coef": -1.72848,
                    "t": -48.3403,
                    "se": 0.035756
                },
                "A": {
                    "coef": 1.15588,
                    "se": 0.058225,
                    "t": 19.8518
                },
                "C": {
                    "coef": 0.202686,
                    "se": 0.0581,
                    "t": 3.4886
                }
            },
            "ymean": 0.1268402,
            "MSE": 6.626586e-07,
            "SSE": 6.626586e-07
        },
        "summary": {
            "lorenz_validity": "Valid",
            "sse_up_to_hcindex": 8.74001e-07,
            "mean_month_ppp": 534.364,
            "Z": {
                "low": 177.085,
                "high": 1060.76
            },
            "poverty_normality": "Normal",
            "sse_fitted": 1.35358e-06
        },
        "dist": {
            "polarization": 20.3642,
            "MLD": 0.0881593,
            "median_ppp": 505.57270228445,
            "Gini": 22.8948,
            "mean_corrected_is_ppp": "(PPP$)",
            "median": 830.764,
            "mean_poor50_is_ppp": "(PPP$)",
            "median_is_ppp": "(PPP$)",
            "mean_poor50": 592.453,
            "mean_corrected": 677.042,
            "deciles": [
                4.18167,
                5.7146,
                6.9147,
                7.96391,
                8.96098,
                9.98208,
                11.1134,
                12.4955,
                14.4525,
                18.2206
            ]
        }
    },
    "beta": {
        "poverty": {
            "FGT2": 0.0458317,
            "Watt": "Invalid",
            "HC": 0.0596091,
            "PG": 0.0468317,
            "elasticity": {
                "HC_wrt_mean_C": -1.38776,
                "PG_wrt_Gini": 11.4963,
                "PG_wrt_mean_C": -0.272837,
                "FGT2_wrt_Gini": 18.8526,
                "FGT2_wrt_mean_C": -0.0436379,
                "HC_wrt_Gini": 11.444
            },
            "line_month_ppp": 57.7917
        },
        "implied": {
            "gamma": 0.9135583,
            "delta": 0.7445897,
            "theta": 0.5143502
        },
        "summary": {
            "lorenz_validity": "Valid",
            "sse_up_to_hcindex": 2.72906e-10,
            "mean_month_ppp": 534.364,
            "Z": {
                "low": 82.8735,
                "high": 1062.37
            },
            "poverty_normality": "Normal",
            "sse_fitted": 6.08351e-08
        },
        "dist": {
            "polarization": -143.066,
            "MLD": 0.0901004,
            "median_is_ppp": "(PPP$)",
            "Gini": 22.969,
            "mean_corrected_is_ppp": "(PPP$)",
            "median": 829.716,
            "mean_poor50_is_ppp": "(PPP$)",
            "median_ppp": 504.935069899858,
            "mean_poor50": 591.876,
            "mean_corrected": 676.39,
            "deciles": [
                4.1973,
                5.79001,
                6.88343,
                7.90518,
                8.92712,
                9.9933,
                11.1535,
                12.4946,
                14.2441,
                18.4114
            ]
        },
        "reg": {
            "RMSE": 0.002178655,
            "SST": 2.174648,
            "R2": 0.9999978,
            "params": {
                "B": {
                    "coef": 0.913558,
                    "t": 400.411,
                    "se": 0.0022816
                },
                "A": {
                    "coef": -0.664851,
                    "se": 0.0064147,
                    "t": -103.645
                },
                "C": {
                    "coef": 0.74459,
                    "se": 0.0060604,
                    "t": 122.861
                }
            },
            "ymean": -2.505266,
            "MSE": 4.746538e-06,
            "SSE": 4.746538e-06
        }
    },
    "dist": {
        "polarization": -143.066,
        "uses": "Beta",
        "median": 829.716,
        "mean_poor50_is_ppp": "(PPP$)",
        "deciles": [
            4.1973,
            5.79001,
            6.88343,
            7.90518,
            8.92712,
            9.9933,
            11.1535,
            12.4946,
            14.2441,
            18.4114
        ],
        "MLD": 0.0901004,
        "mean_poor50": 591.876,
        "uses_commentary": "(Both are valid, but Beta fits better)",
        "mean_corrected_is_ppp": "(PPP$)",
        "median_ppp": 504.935069899858,
        "mean_corrected": -1.64321,
        "median_is_ppp": "(PPP$)",
        "Gini": 22.969
    },
    "summary": {
        "lorenz_validity": "Valid",
        "sse_up_to_hcindex": 2.72906e-10,
        "mean_month_ppp": 534.364,
        "Z": {
            "low": 82.8735,
            "high": 1062.37
        },
        "poverty_normality": "Normal",
        "sse_fitted": 6.08351e-08
    },
    "lorenz": {
        "L": [
            0.01320542,
            0.05764673,
            0.2551637,
            0.5069977,
            1.0
        ],
        "p": [
            0.039,
            0.129,
            0.409,
            0.664,
            1.0
        ],
        "index": [
            1,
            2,
            3,
            4,
            5
        ]
    },
    "dataset": {
        "timespan": "UnDefined",
        "coverage": "National",
        "measure": "Income",
        "format": "Grouped",
        "source": "EST_N1988Y",
        "country": "Estonia",
        "year": 1988,
        "iso3c": "EST"
    },
    "poverty": {
        "FGT2": 0.0458317,
        "uses": "Beta",
        "uses_commentary": "(Both are valid and normal, but Beta fits better.)",
        "HC": 0.0596091,
        "PG": 0.0468317,
        "Watt": "0",
        "elasticity": {
            "HC_wrt_Gini": 11.444,
            "HC_wrt_mean_C": -1.38776,
            "PG_wrt_mean_C": -0.272837,
            "FGT2_wrt_Gini": 18.8526,
            "FGT2_wrt_mean_C": -0.0436379,
            "PG_wrt_Gini": 11.4963
        },
        "line_month_ppp": 57.7917
    }
}