{
    "dist": {
        "mean_corrected": -1.64321,
        "Gini": 30.0648,
        "polarization": 27.1405,
        "median_is_ppp": "(PPP$)",
        "poverty_uses_commentary": "(Both are valid and normal, but GQ fits better.)",
        "mean_poor50_is_ppp": "(PPP$)",
        "poverty_uses": "GQ",
        "MLD": 0.15023,
        "mean_poor50": 264.747,
        "uses_commentary": "(Both are valid, but GQ fits better)",
        "deciles": [
            3.37332,
            4.70071,
            5.87496,
            6.99041,
            8.11991,
            9.34122,
            10.7679,
            12.6209,
            15.5001,
            22.7106
        ],
        "HC": 0.568499,
        "mean_corrected_is_ppp": "(PPP$)",
        "median": 396.66,
        "median_ppp": 241.39307662698,
        "FGT2": 0.064866,
        "Watt": "0.00144808",
        "PG": 0.134039,
        "elasticity": {
            "FGT2_wrt_Gini": 17.6916,
            "HC_wrt_Gini": 16.0093,
            "PG_wrt_mean_C": -3.2413,
            "FGT2_wrt_mean_C": -2.13279,
            "PG_wrt_Gini": 17.1036,
            "HC_wrt_mean_C": -4.21648
        },
        "uses": "GQ"
    },
    "beta": {
        "reg": {
            "ymean": -1.860658,
            "R2": 0.9992172,
            "SST": 1.149709,
            "RMSE": 0.01224778,
            "MSE": 0.000150008,
            "params": {
                "C": {
                    "se": 0.011226,
                    "t": 58.2873,
                    "coef": 0.654342
                },
                "A": {
                    "se": 0.01941,
                    "t": -23.3255,
                    "coef": -0.452741
                },
                "B": {
                    "se": 0.011226,
                    "t": 84.203,
                    "coef": 0.945274
                }
            },
            "SSE": 0.0009000481
        },
        "inputs": {
            "line_month_ppp": 57.7917
        },
        "dist": {
            "mean_corrected": 318.153,
            "Gini": 30.1575,
            "polarization": -133.036,
            "PG": 0.134039,
            "elasticity": {
                "FGT2_wrt_Gini": 17.6916,
                "HC_wrt_Gini": 16.0093,
                "PG_wrt_mean_C": -3.2413,
                "FGT2_wrt_mean_C": -2.13279,
                "PG_wrt_Gini": 17.1036,
                "HC_wrt_mean_C": -4.21648
            },
            "median_is_ppp": "(PPP$)",
            "MLD": 0.155006,
            "HC": 0.568499,
            "mean_poor50": 264.372,
            "deciles": [
                3.26772,
                4.73047,
                5.86734,
                6.98971,
                8.16286,
                9.44017,
                10.8969,
                12.6807,
                15.2061,
                22.758
            ],
            "mean_corrected_is_ppp": "(PPP$)",
            "median": 399.915,
            "Watt": "0.00144808",
            "median_ppp": 243.373666683165,
            "mean_poor50_is_ppp": "(PPP$)",
            "FGT2": 0.064866
        },
        "summary": {
            "Z": {
                "high": 697.815,
                "low": 38.3618
            },
            "lorenz_validity": "Valid",
            "sse_fitted": 2.33219e-05,
            "mean_month_ppp": 277.218,
            "sse_up_to_hcindex": 6.02768e-07,
            "poverty_normality": "Normal"
        },
        "implied": {
            "gamma": 0.9452739,
            "theta": 0.6358831,
            "delta": 0.6543417
        }
    },
    "inputs": {
        "line_month_ppp": 57.7917
    },
    "dataset": {
        "coverage": "National",
        "iso3c": "EST",
        "format": "Grouped",
        "year": 1995,
        "measure": "Consumption",
        "source": "EST_N1995X",
        "country": "Estonia",
        "timespan": "UnDefined"
    },
    "lorenz": {
        "index": [
            1,
            2,
            3,
            4,
            5,
            6,
            7,
            8,
            9,
            10
        ],
        "p": [
            0.1,
            0.2,
            0.3,
            0.4,
            0.5,
            0.6,
            0.7,
            0.8,
            0.9,
            1.0
        ],
        "L": [
            0.0319008,
            0.08093525,
            0.1405718,
            0.2102423,
            0.290231,
            0.3829989,
            0.4911019,
            0.6183264,
            0.7740439,
            1.0
        ]
    },
    "summary": {
        "Z": {
            "high": 728.309,
            "low": 77.1908
        },
        "poverty_normality": "Normal",
        "sse_fitted": 8.27845e-06,
        "mean_month_ppp": 277.218,
        "lorenz_validity": "Valid",
        "sse_up_to_hcindex": 6.02768e-07
    },
    "quadratic": {
        "reg": {
            "ymean": 0.1661386,
            "R2": 0.9998352,
            "SST": 0.04725688,
            "RMSE": 0.001139446,
            "MSE": 1.298338e-06,
            "params": {
                "C": {
                    "se": 0.029506,
                    "t": 8.45522,
                    "coef": 0.249477
                },
                "A": {
                    "se": 0.01351,
                    "t": 78.1168,
                    "coef": 1.05537
                },
                "B": {
                    "se": 0.043347,
                    "t": -31.2392,
                    "coef": -1.35411
                }
            },
            "SSE": 7.790028e-06
        },
        "inputs": {
            "line_month_ppp": 57.7917
        },
        "dist": {
            "mean_corrected": 318.575,
            "Gini": 30.0648,
            "polarization": 27.1405,
            "PG": 0.0,
            "elasticity": {
                "FGT2_wrt_Gini": 0.0,
                "HC_wrt_Gini": 0.0,
                "PG_wrt_mean_C": 0.0,
                "FGT2_wrt_mean_C": 0.0,
                "PG_wrt_Gini": 0.0,
                "HC_wrt_mean_C": 0.0
            },
            "median_is_ppp": "(PPP$)",
            "MLD": 0.15023,
            "HC": 0.0,
            "mean_poor50": 264.747,
            "deciles": [
                3.37332,
                4.70071,
                5.87496,
                6.99041,
                8.11991,
                9.34122,
                10.7679,
                12.6209,
                15.5001,
                22.7106
            ],
            "mean_corrected_is_ppp": "(PPP$)",
            "median": 396.66,
            "Watt": "0",
            "median_ppp": 241.39307662698,
            "mean_poor50_is_ppp": "(PPP$)",
            "FGT2": 0.0
        },
        "summary": {
            "Z": {
                "high": 728.309,
                "low": 77.1908
            },
            "lorenz_validity": "Valid",
            "sse_fitted": 8.27845e-06,
            "mean_month_ppp": 277.218,
            "sse_up_to_hcindex": 3.35784e-06,
            "poverty_normality": "Normal"
        }
    }
}