{
    "distribution": {
        "index": [
            1,
            2,
            3,
            4,
            5,
            6,
            7,
            8,
            9,
            10
        ],
        "L": [
            0.0319008,
            0.08093525,
            0.1405718,
            0.2102423,
            0.290231,
            0.3829989,
            0.4911019,
            0.6183264,
            0.7740439,
            1.0
        ],
        "p": [
            0.1,
            0.2,
            0.3,
            0.4,
            0.5,
            0.6,
            0.7,
            0.8,
            0.9,
            1.0
        ]
    },
    "deciles": [
        3.37332,
        4.70071,
        5.87496,
        6.99041,
        8.11991,
        9.34122,
        10.7679,
        12.6209,
        15.5001,
        22.7106
    ],
    "elasticity": {
        "HC": {
            "Gini": 16.0093,
            "meancons": -4.21648
        },
        "PG": {
            "Gini": 17.1036,
            "meancons": -3.2413
        },
        "FGT2": {
            "Gini": 17.6916,
            "meancons": -2.13279
        }
    },
    "dist": {
        "MLD": 0.15023,
        "mean_corrected": -1.64321,
        "Gini": 30.0648,
        "mean_corrected_is_ppp": "(PPP$)",
        "uses_commentary": "(Both are valid, but GQ fits better)",
        "mean_poor50": 264.747,
        "polarization": 27.1405,
        "median_ppp": 241.39307662698,
        "median": 396.66,
        "uses": "GQ",
        "median_is_ppp": "(PPP$)",
        "mean_poor50_is_ppp": "(PPP$)"
    },
    "dataset": {
        "country": "Estonia",
        "timespan": "UnDefined",
        "year": 1995,
        "measure": "Consumption",
        "cc3": "EST",
        "format": "Grouped",
        "coverage": "National",
        "source": "EST_N1995X"
    },
    "beta": {
        "reg": {
            "RMSE": 0.01224778,
            "SST": 1.149709,
            "SSE": 0.0009000481,
            "params": {
                "A": {
                    "coef": 0.654342,
                    "se": 0.011226,
                    "t": 58.2873
                }
            },
            "R2": 0.9992172,
            "MSE": 0.000150008,
            "ymean": -1.860658
        },
        "deciles": [
            3.26772,
            4.73047,
            5.86734,
            6.98971,
            8.16286,
            9.44017,
            10.8969,
            12.6807,
            15.2061,
            22.758
        ],
        "elasticity": {
            "HC": {
                "Gini": 16.0093,
                "meancons": -4.21648
            },
            "PG": {
                "Gini": 17.1036,
                "meancons": -3.2413
            },
            "FGT2": {
                "Gini": 17.6916,
                "meancons": -2.13279
            }
        },
        "dist": {
            "MLD": 0.155006,
            "median": 399.915,
            "mean_corrected": 318.153,
            "Gini": 30.1575,
            "mean_corrected_is_ppp": "(PPP$)",
            "median_is_ppp": "(PPP$)",
            "mean_poor50_is_ppp": "(PPP$)",
            "polarization": -133.036,
            "mean_poor50": 264.372,
            "median_ppp": 243.373666683165
        },
        "poverty": {
            "HC": 0.568499,
            "line_month_ppp": 57.7917,
            "FGT2": 0.064866,
            "Watt": "0.00144808",
            "PG": 0.134039
        },
        "implied": {
            "theta": 0.6358831,
            "delta": 0.6543417,
            "gamma": 0.9452739
        },
        "summary": {
            "Z": {
                "low": 38.3618,
                "high": 697.815
            },
            "normality": "Normal",
            "mean_ppp": 277.218,
            "validity": "Valid",
            "sse": {
                "tohc": 6.02768e-07,
                "fitted": 2.33219e-05
            }
        }
    },
    "poverty": {
        "PG": 0.134039,
        "FGT2": 0.064866,
        "uses": "GQ",
        "uses_commentary": "(Both are valid and normal, but GQ fits better.)",
        "HC": 0.568499,
        "line_month_ppp": 57.7917,
        "Watt": "0.00144808"
    },
    "summary": {
        "Z": {
            "low": 77.1908,
            "high": 728.309
        },
        "sse": {
            "tohc": 6.02768e-07,
            "fitted": 8.27845e-06
        },
        "normality": "Normal",
        "mean_ppp": 277.218,
        "validity": "Valid"
    },
    "quadratic": {
        "reg": {
            "RMSE": 0.001139446,
            "SST": 0.04725688,
            "SSE": 7.790028e-06,
            "params": {
                "B": {
                    "se": 0.043347,
                    "coef": -1.35411,
                    "t": -31.2392
                },
                "C": {
                    "coef": 0.249477,
                    "se": 0.029506,
                    "t": 8.45522
                },
                "A": {
                    "coef": 1.05537,
                    "se": 0.01351,
                    "t": 78.1168
                }
            },
            "R2": 0.9998352,
            "MSE": 1.298338e-06,
            "ymean": 0.1661386
        },
        "deciles": [
            3.37332,
            4.70071,
            5.87496,
            6.99041,
            8.11991,
            9.34122,
            10.7679,
            12.6209,
            15.5001,
            22.7106
        ],
        "elasticity": {
            "HC": {
                "Gini": 0.0,
                "meancons": 0.0
            },
            "PG": {
                "Gini": 0.0,
                "meancons": 0.0
            },
            "FGT2": {
                "Gini": 0.0,
                "meancons": 0.0
            }
        },
        "dist": {
            "MLD": 0.15023,
            "median": 396.66,
            "mean_corrected": 318.575,
            "Gini": 30.0648,
            "mean_corrected_is_ppp": "(PPP$)",
            "median_is_ppp": "(PPP$)",
            "mean_poor50_is_ppp": "(PPP$)",
            "polarization": 27.1405,
            "mean_poor50": 264.747,
            "median_ppp": 241.39307662698
        },
        "poverty": {
            "HC": 0.0,
            "line_month_ppp": 57.7917,
            "Watt": "0",
            "FGT2": 0.0,
            "PG": 0.0
        },
        "summary": {
            "Z": {
                "low": 77.1908,
                "high": 728.309
            },
            "sse": {
                "tohc": 3.35784e-06,
                "fitted": 8.27845e-06
            },
            "normality": "Normal",
            "mean_ppp": 277.218,
            "validity": "Valid"
        }
    }
}