{
    "distribution": {
        "index": [
            1,
            2,
            3,
            4,
            5,
            6,
            7,
            8,
            9,
            10
        ],
        "L": [
            0.02152104,
            0.06146887,
            0.1131277,
            0.1750128,
            0.249386,
            0.3370381,
            0.4395649,
            0.5638208,
            0.7217666,
            1.0
        ],
        "p": [
            0.1,
            0.2,
            0.3,
            0.4,
            0.5,
            0.6,
            0.7,
            0.8,
            0.9,
            1.0
        ]
    },
    "deciles": [
        2.32569,
        3.80234,
        5.07728,
        6.27199,
        7.47435,
        8.77516,
        10.308,
        12.3439,
        15.6928,
        27.9285
    ],
    "dist": {
        "MLD": 0.240408,
        "mean_corrected": -1.18778,
        "Gini": 37.1327,
        "mean_corrected_is_ppp": "(PPP$)",
        "uses_commentary": "(Beta lorenz curves is invalid)",
        "mean_poor50": 136.485,
        "polarization": 32.0118,
        "median_ppp": 186.500389322174,
        "median": 221.521,
        "uses": "GQ",
        "median_is_ppp": "(PPP$)",
        "mean_poor50_is_ppp": "(PPP$)"
    },
    "elasticity": {
        "HC": {
            "Gini": 7.81608,
            "meancons": -2.61905
        },
        "PG": {
            "Gini": 15.8503,
            "meancons": -3.97611
        },
        "FGT2": {
            "Gini": 23.9744,
            "meancons": -5.36328
        }
    },
    "dataset": {
        "country": "Georgia",
        "timespan": "UnDefined",
        "year": 1996,
        "measure": "Consumption",
        "cc3": "GEO",
        "format": "Grouped",
        "coverage": "National",
        "source": "GEO_N1996X"
    },
    "beta": {
        "reg": {
            "RMSE": 0.005392251,
            "SST": 1.243531,
            "MSE": 2.907637e-05,
            "params": {
                "A": {
                    "coef": 0.545975,
                    "se": 0.0049425,
                    "t": 110.466
                }
            },
            "R2": 0.9998597,
            "SSE": 0.0001744582,
            "ymean": -1.65816
        },
        "poverty": {
            "HC": 5.50002,
            "line_month_ppp": 57.7917,
            "FGT2": 1.32565,
            "Watt": "0.0197154",
            "PG": 1.97918
        },
        "summary": {
            "Z": {
                "low": 0.0,
                "high": 715.163
            },
            "normality": "Normal",
            "mean_ppp": 230.261,
            "validity": "Invalid",
            "sse": {
                "tohc": 1.4001e-07,
                "fitted": 7.0682e-06
            }
        },
        "elasticity": {
            "HC": {
                "Gini": 6.88301,
                "meancons": -2.30639
            },
            "PG": {
                "Gini": 9.29327,
                "meancons": -1.77894
            },
            "FGT2": {
                "Gini": 10.9111,
                "meancons": -0.985978
            }
        },
        "implied": {
            "theta": 0.6947552,
            "delta": 0.5459754,
            "gamma": 0.9241717
        }
    },
    "poverty": {
        "PG": 1.21435,
        "FGT2": 0.329838,
        "uses": "GQ",
        "uses_commentary": "(Beta is invalid.)",
        "HC": 6.04272,
        "line_month_ppp": 57.7917,
        "Watt": "0.0145653"
    },
    "summary": {
        "Z": {
            "low": 38.3405,
            "high": 778.307
        },
        "sse": {
            "tohc": 3.01314e-06,
            "fitted": 6.05184e-06
        },
        "normality": "Normal",
        "mean_ppp": 230.261,
        "validity": "Valid"
    },
    "quadratic": {
        "reg": {
            "RMSE": 0.000919967,
            "SST": 0.05482842,
            "SSE": 5.078036e-06,
            "params": {
                "B": {
                    "se": 0.028932,
                    "coef": -1.23285,
                    "t": -42.6115
                },
                "C": {
                    "coef": 0.131619,
                    "se": 0.013581,
                    "t": 9.69128
                },
                "A": {
                    "coef": 0.994948,
                    "se": 0.0079597,
                    "t": 124.998
                }
            },
            "R2": 0.9999074,
            "MSE": 8.463393e-07,
            "ymean": 0.1585768
        },
        "deciles": [
            2.32569,
            3.80234,
            5.07728,
            6.27199,
            7.47435,
            8.77516,
            10.308,
            12.3439,
            15.6928,
            27.9285
        ],
        "elasticity": {
            "HC": {
                "Gini": 7.81608,
                "meancons": -2.61905
            },
            "PG": {
                "Gini": 15.8503,
                "meancons": -3.97611
            },
            "FGT2": {
                "Gini": 23.9744,
                "meancons": -5.36328
            }
        },
        "dist": {
            "MLD": 0.240408,
            "median": 221.521,
            "mean_corrected": 171.941,
            "Gini": 37.1327,
            "mean_corrected_is_ppp": "(PPP$)",
            "median_is_ppp": "(PPP$)",
            "mean_poor50_is_ppp": "(PPP$)",
            "polarization": 32.0118,
            "mean_poor50": 136.485,
            "median_ppp": 186.500389322174
        },
        "poverty": {
            "HC": 6.04272,
            "line_month_ppp": 57.7917,
            "Watt": "0.0145653",
            "FGT2": 0.329838,
            "PG": 1.21435
        },
        "summary": {
            "Z": {
                "low": 38.3405,
                "high": 778.307
            },
            "sse": {
                "tohc": 3.01314e-06,
                "fitted": 6.05184e-06
            },
            "normality": "Normal",
            "mean_ppp": 230.261,
            "validity": "Valid"
        }
    }
}