{
    "beta": {
        "reg": {
            "params": {
                "A": {
                    "se": 0.0049425,
                    "t": 110.466,
                    "coef": 0.545975
                }
            },
            "RMSE": 0.005392251,
            "SSE": 0.0001744582,
            "MSE": 2.907637e-05,
            "SST": 1.243531,
            "R2": 0.9998597,
            "ymean": -1.65816
        },
        "summary": {
            "mean_month_ppp": 230.261,
            "Z": {
                "low": 0.0,
                "high": 715.163
            },
            "poverty_normality": "Normal",
            "sse_up_to_hcindex": 1.4001e-07,
            "lorenz_validity": "Invalid",
            "sse_fitted": 7.0682e-06
        },
        "implied": {
            "theta": 0.6947552,
            "delta": 0.5459754,
            "gamma": 0.9241717
        },
        "poverty": {
            "Watt": "0.0197154",
            "PG": 1.97918,
            "elasticity": {
                "FGT2_wrt_mean_C": -0.985978,
                "FGT2_wrt_Gini": 10.9111,
                "PG_wrt_mean_C": -1.77894,
                "HC_wrt_mean_C": -2.30639,
                "HC_wrt_Gini": 6.88301,
                "PG_wrt_Gini": 9.29327
            },
            "FGT2": 1.32565,
            "line_month_ppp": 57.7917,
            "HC": 5.50002
        }
    },
    "quadratic": {
        "reg": {
            "params": {
                "C": {
                    "se": 0.013581,
                    "t": 9.69128,
                    "coef": 0.131619
                },
                "A": {
                    "se": 0.0079597,
                    "t": 124.998,
                    "coef": 0.994948
                },
                "B": {
                    "se": 0.028932,
                    "coef": -1.23285,
                    "t": -42.6115
                }
            },
            "RMSE": 0.000919967,
            "SSE": 5.078036e-06,
            "MSE": 8.463393e-07,
            "SST": 0.05482842,
            "R2": 0.9999074,
            "ymean": 0.1585768
        },
        "dist": {
            "MLD": 0.240408,
            "mean_poor50": 136.485,
            "deciles": [
                2.32569,
                3.80234,
                5.07728,
                6.27199,
                7.47435,
                8.77516,
                10.308,
                12.3439,
                15.6928,
                27.9285
            ],
            "median": 221.521,
            "Gini": 37.1327,
            "median_is_ppp": "(PPP$)",
            "mean_corrected": 171.941,
            "mean_corrected_is_ppp": "(PPP$)",
            "polarization": 32.0118,
            "mean_poor50_is_ppp": "(PPP$)",
            "median_ppp": 186.500389322174
        },
        "poverty": {
            "HC": 6.04272,
            "line_month_ppp": 57.7917,
            "PG": 1.21435,
            "elasticity": {
                "FGT2_wrt_mean_C": -5.36328,
                "FGT2_wrt_Gini": 23.9744,
                "PG_wrt_mean_C": -3.97611,
                "HC_wrt_mean_C": -2.61905,
                "HC_wrt_Gini": 7.81608,
                "PG_wrt_Gini": 15.8503
            },
            "Watt": "0.0145653",
            "FGT2": 0.329838
        },
        "summary": {
            "mean_month_ppp": 230.261,
            "Z": {
                "low": 38.3405,
                "high": 778.307
            },
            "poverty_normality": "Normal",
            "sse_up_to_hcindex": 3.01314e-06,
            "lorenz_validity": "Valid",
            "sse_fitted": 6.05184e-06
        }
    },
    "dataset": {
        "iso3c": "GEO",
        "country": "Georgia",
        "source": "GEO_N1996X",
        "format": "Grouped",
        "measure": "Consumption",
        "timespan": "UnDefined",
        "coverage": "National",
        "year": 1996
    },
    "dist": {
        "Gini": 37.1327,
        "median_is_ppp": "(PPP$)",
        "MLD": 0.240408,
        "mean_corrected_is_ppp": "(PPP$)",
        "polarization": 32.0118,
        "median_ppp": 186.500389322174,
        "median": 221.521,
        "mean_poor50": 136.485,
        "deciles": [
            2.32569,
            3.80234,
            5.07728,
            6.27199,
            7.47435,
            8.77516,
            10.308,
            12.3439,
            15.6928,
            27.9285
        ],
        "uses": "GQ",
        "mean_poor50_is_ppp": "(PPP$)",
        "mean_corrected": -1.18778,
        "uses_commentary": "(Beta lorenz curves is invalid)"
    },
    "lorenz": {
        "index": [
            1,
            2,
            3,
            4,
            5,
            6,
            7,
            8,
            9,
            10
        ],
        "L": [
            0.02152104,
            0.06146887,
            0.1131277,
            0.1750128,
            0.249386,
            0.3370381,
            0.4395649,
            0.5638208,
            0.7217666,
            1.0
        ],
        "p": [
            0.1,
            0.2,
            0.3,
            0.4,
            0.5,
            0.6,
            0.7,
            0.8,
            0.9,
            1.0
        ]
    },
    "poverty": {
        "HC": 6.04272,
        "line_month_ppp": 57.7917,
        "PG": 1.21435,
        "Watt": "0.0145653",
        "FGT2": 0.329838,
        "elasticity": {
            "HC_wrt_mean_C": -2.61905,
            "FGT2_wrt_Gini": 23.9744,
            "PG_wrt_mean_C": -3.97611,
            "FGT2_wrt_mean_C": -5.36328,
            "HC_wrt_Gini": 7.81608,
            "PG_wrt_Gini": 15.8503
        },
        "uses": "GQ",
        "uses_commentary": "(Beta is invalid.)"
    },
    "summary": {
        "mean_month_ppp": 230.261,
        "Z": {
            "low": 38.3405,
            "high": 778.307
        },
        "poverty_normality": "Normal",
        "sse_up_to_hcindex": 3.01314e-06,
        "lorenz_validity": "Valid",
        "sse_fitted": 6.05184e-06
    }
}