{
    "quadratic": {
        "poverty": {
            "FGT2": 5.90197,
            "Watt": "0.185459",
            "HC": 39.9509,
            "PG": 13.1483,
            "elasticity": {
                "HC_wrt_mean_C": -1.56356,
                "PG_wrt_Gini": 2.32668,
                "PG_wrt_mean_C": -2.0385,
                "FGT2_wrt_Gini": 3.9454,
                "FGT2_wrt_mean_C": -2.45555,
                "HC_wrt_Gini": 0.682688
            },
            "line_month_ppp": 57.7917
        },
        "reg": {
            "RMSE": 0.0003414303,
            "SST": 0.05150489,
            "R2": 0.9999864,
            "params": {
                "B": {
                    "coef": -1.2338,
                    "t": -103.334,
                    "se": 0.01194
                },
                "A": {
                    "coef": 0.929867,
                    "se": 0.0028506,
                    "t": 326.203
                },
                "C": {
                    "coef": 0.181286,
                    "se": 0.0062284,
                    "t": 29.1063
                }
            },
            "ymean": 0.1625478,
            "MSE": 1.165746e-07,
            "SSE": 6.994477e-07
        },
        "summary": {
            "lorenz_validity": "Valid",
            "sse_up_to_hcindex": 2.81658e-07,
            "mean_month_ppp": 83.0249,
            "Z": {
                "low": 21.291,
                "high": 271.208
            },
            "poverty_normality": "Normal",
            "sse_fitted": 9.5797e-07
        },
        "dist": {
            "polarization": 30.0357,
            "MLD": 0.210925,
            "median_ppp": 67.4296376226806,
            "Gini": 35.3496,
            "mean_corrected_is_ppp": "(PPP$)",
            "median": 85.5682,
            "mean_poor50_is_ppp": "(PPP$)",
            "median_is_ppp": "(PPP$)",
            "mean_poor50": 55.2643,
            "mean_corrected": 68.1148,
            "deciles": [
                2.8202,
                4.14567,
                5.3103,
                6.4147,
                7.53589,
                8.75714,
                10.2043,
                12.1362,
                15.3321,
                27.3435
            ]
        }
    },
    "beta": {
        "poverty": {
            "FGT2": 5.95954,
            "Watt": "0.183109",
            "HC": 40.418,
            "PG": 13.1761,
            "elasticity": {
                "HC_wrt_mean_C": -1.52511,
                "PG_wrt_Gini": 2.33935,
                "PG_wrt_mean_C": -2.06751,
                "FGT2_wrt_Gini": 3.9307,
                "FGT2_wrt_mean_C": -2.42187,
                "HC_wrt_Gini": 0.665899
            },
            "line_month_ppp": 57.7917
        },
        "implied": {
            "gamma": 0.9389885,
            "delta": 0.5402113,
            "theta": 0.6644276
        },
        "summary": {
            "lorenz_validity": "Valid",
            "sse_up_to_hcindex": 1.35568e-06,
            "mean_month_ppp": 83.0249,
            "Z": {
                "low": 8.16324,
                "high": 249.422
            },
            "poverty_normality": "Normal",
            "sse_fitted": 2.39459e-06
        },
        "dist": {
            "polarization": -132.21,
            "MLD": 0.218826,
            "median_is_ppp": "(PPP$)",
            "Gini": 35.454,
            "mean_corrected_is_ppp": "(PPP$)",
            "median": 85.3327,
            "mean_poor50_is_ppp": "(PPP$)",
            "median_ppp": 67.2439832245753,
            "mean_poor50": 55.1401,
            "mean_corrected": 68.0048,
            "deciles": [
                2.77662,
                4.22854,
                5.30228,
                6.36499,
                7.49537,
                8.76173,
                10.2659,
                12.2175,
                15.2382,
                27.3488
            ]
        },
        "reg": {
            "RMSE": 0.003111446,
            "SST": 1.318807,
            "R2": 0.999956,
            "params": {
                "B": {
                    "coef": 0.938988,
                    "t": 329.905,
                    "se": 0.0028462
                },
                "A": {
                    "coef": -0.408829,
                    "se": 0.0049251,
                    "t": -83.0097
                },
                "C": {
                    "coef": 0.540211,
                    "se": 0.0028497,
                    "t": 189.571
                }
            },
            "ymean": -1.711272,
            "MSE": 9.681094e-06,
            "SSE": 5.808657e-05
        }
    },
    "dist": {
        "polarization": 30.0357,
        "uses": "GQ",
        "median": 85.5682,
        "mean_poor50_is_ppp": "(PPP$)",
        "deciles": [
            2.8202,
            4.14567,
            5.3103,
            6.4147,
            7.53589,
            8.75714,
            10.2043,
            12.1362,
            15.3321,
            27.3435
        ],
        "MLD": 0.210925,
        "mean_poor50": 55.2643,
        "uses_commentary": "(Both are valid, but GQ fits better)",
        "mean_corrected_is_ppp": "(PPP$)",
        "median_ppp": 67.4296376226806,
        "mean_corrected": -1.269,
        "median_is_ppp": "(PPP$)",
        "Gini": 35.3496
    },
    "summary": {
        "lorenz_validity": "Valid",
        "sse_up_to_hcindex": 2.81658e-07,
        "mean_month_ppp": 83.0249,
        "Z": {
            "low": 21.291,
            "high": 271.208
        },
        "poverty_normality": "Normal",
        "sse_fitted": 9.5797e-07
    },
    "lorenz": {
        "L": [
            0.02776011,
            0.06955082,
            0.1227094,
            0.1866852,
            0.2625172,
            0.3494918,
            0.4511342,
            0.573577,
            0.7267293,
            1.0
        ],
        "p": [
            0.09962567,
            0.1999737,
            0.2999277,
            0.399225,
            0.4999671,
            0.5997898,
            0.6999409,
            0.7999606,
            0.8999803,
            1.0
        ],
        "index": [
            1,
            2,
            3,
            4,
            5,
            6,
            7,
            8,
            9,
            10
        ]
    },
    "dataset": {
        "timespan": "UnDefined",
        "coverage": "National",
        "measure": "Consumption",
        "format": "Grouped",
        "source": "GHA_N1987X",
        "country": "Ghana",
        "year": 1987,
        "iso3c": "GHA"
    },
    "poverty": {
        "FGT2": 5.90197,
        "uses": "GQ",
        "uses_commentary": "(Both are valid and normal, but GQ fits better.)",
        "HC": 39.9509,
        "PG": 13.1483,
        "Watt": "0.185459",
        "elasticity": {
            "HC_wrt_Gini": 0.682688,
            "HC_wrt_mean_C": -1.56356,
            "PG_wrt_mean_C": -2.0385,
            "FGT2_wrt_Gini": 3.9454,
            "FGT2_wrt_mean_C": -2.45555,
            "PG_wrt_Gini": 2.32668
        },
        "line_month_ppp": 57.7917
    }
}