{
    "quadratic": {
        "poverty": {
            "FGT2": 48.1239,
            "Watt": "1.42099",
            "HC": 92.3086,
            "PG": 62.9562,
            "elasticity": {
                "HC_wrt_mean_C": -0.197894,
                "PG_wrt_Gini": 0.117477,
                "PG_wrt_mean_C": -0.466235,
                "FGT2_wrt_Gini": 0.425182,
                "FGT2_wrt_mean_C": -0.616422,
                "HC_wrt_Gini": -0.119112
            },
            "line_month_ppp": 57.7917
        },
        "reg": {
            "RMSE": 0.001725212,
            "SST": 0.02757857,
            "R2": 0.9998921,
            "params": {
                "B": {
                    "coef": -0.196253,
                    "t": -1.54941,
                    "se": 0.12666
                },
                "A": {
                    "coef": 1.49153,
                    "se": 0.047853,
                    "t": 31.1691
                },
                "C": {
                    "coef": 0.0611341,
                    "se": 0.023792,
                    "t": 2.56954
                }
            },
            "ymean": 0.1474137,
            "MSE": 2.976357e-06,
            "SSE": 2.976357e-06
        },
        "summary": {
            "lorenz_validity": "Valid",
            "sse_up_to_hcindex": 6.62326e-07,
            "mean_month_ppp": 23.007,
            "Z": {
                "low": 4.62592,
                "high": 84.9542
            },
            "poverty_normality": "Normal",
            "sse_fitted": 6.62326e-07
        },
        "dist": {
            "polarization": 49.0528,
            "MLD": 0.450983,
            "median_ppp": 16.6278512538231,
            "Gini": 46.843,
            "mean_corrected_is_ppp": "(PPP$)",
            "median": 0.00646409,
            "mean_poor50_is_ppp": "(PPP$)",
            "median_is_ppp": "(PPP$)",
            "mean_poor50": 0.00316894,
            "mean_corrected": 0.00475435,
            "deciles": [
                0.888355,
                2.15096,
                3.45234,
                4.84105,
                6.38279,
                8.17961,
                10.4144,
                13.478,
                18.4768,
                31.7357
            ]
        }
    },
    "beta": {
        "poverty": {
            "FGT2": 48.2526,
            "Watt": "1.38936",
            "HC": 93.8475,
            "PG": 63.4499,
            "elasticity": {
                "HC_wrt_mean_C": -0.181082,
                "PG_wrt_Gini": 0.109745,
                "PG_wrt_mean_C": -0.479081,
                "FGT2_wrt_Gini": 0.417068,
                "FGT2_wrt_mean_C": -0.629903,
                "HC_wrt_Gini": -0.108993
            },
            "line_month_ppp": 57.7917
        },
        "implied": {
            "gamma": 1.014893,
            "delta": 0.5983505,
            "theta": 0.9894144
        },
        "summary": {
            "lorenz_validity": "Invalid",
            "sse_up_to_hcindex": 2.85178e-07,
            "mean_month_ppp": 23.007,
            "Z": {
                "low": 6.18785,
                "high": 81.0054
            },
            "poverty_normality": "Normal",
            "sse_fitted": 2.85178e-07
        },
        "reg": {
            "RMSE": 0.001710564,
            "R2": 0.9999876,
            "SST": 0.2361486,
            "params": {
                "B": {
                    "coef": 1.01489,
                    "se": 0.0042259,
                    "t": 240.159
                },
                "A": {
                    "coef": -0.010642,
                    "se": 0.0064674,
                    "t": -1.64547
                },
                "C": {
                    "coef": 0.598351,
                    "se": 0.0037343,
                    "t": 160.229
                }
            },
            "ymean": -1.320001,
            "MSE": 2.926029e-06,
            "SSE": 2.926029e-06
        }
    },
    "dist": {
        "polarization": 49.0528,
        "uses": "GQ",
        "median": 0.00646409,
        "mean_poor50_is_ppp": "(PPP$)",
        "deciles": [
            0.888355,
            2.15096,
            3.45234,
            4.84105,
            6.38279,
            8.17961,
            10.4144,
            13.478,
            18.4768,
            31.7357
        ],
        "MLD": 0.450983,
        "mean_poor50": 0.00316894,
        "uses_commentary": "(Beta lorenz curves is invalid)",
        "mean_corrected_is_ppp": "(PPP$)",
        "median_ppp": 16.6278512538231,
        "mean_corrected": -0.000388751,
        "median_is_ppp": "(PPP$)",
        "Gini": 46.843
    },
    "summary": {
        "lorenz_validity": "Valid",
        "sse_up_to_hcindex": 6.62326e-07,
        "mean_month_ppp": 23.007,
        "Z": {
            "low": 4.62592,
            "high": 84.9542
        },
        "poverty_normality": "Normal",
        "sse_fitted": 6.62326e-07
    },
    "lorenz": {
        "L": [
            0.03449435,
            0.1224357,
            0.2788769,
            0.5469009,
            1.0
        ],
        "p": [
            0.2130213,
            0.4169417,
            0.6206621,
            0.830283,
            1.0
        ],
        "index": [
            1,
            2,
            3,
            4,
            5
        ]
    },
    "dataset": {
        "timespan": "UnDefined",
        "coverage": "National",
        "measure": "Consumption",
        "format": "Grouped",
        "source": "GIN_N1991X",
        "country": "Guinea",
        "year": 1991,
        "iso3c": "GIN"
    },
    "poverty": {
        "FGT2": 48.1239,
        "uses": "GQ",
        "uses_commentary": "(Beta is invalid.)",
        "HC": 92.3086,
        "PG": 62.9562,
        "Watt": "1.42099",
        "elasticity": {
            "HC_wrt_Gini": -0.119112,
            "HC_wrt_mean_C": -0.197894,
            "PG_wrt_mean_C": -0.466235,
            "FGT2_wrt_Gini": 0.425182,
            "FGT2_wrt_mean_C": -0.616422,
            "PG_wrt_Gini": 0.117477
        },
        "line_month_ppp": 57.7917
    }
}