{
    "distribution": {
        "index": [
            1,
            2,
            3,
            4,
            5
        ],
        "L": [
            0.03449435,
            0.1224357,
            0.2788769,
            0.5469009,
            1.0
        ],
        "p": [
            0.2130213,
            0.4169417,
            0.6206621,
            0.830283,
            1.0
        ]
    },
    "deciles": [
        0.888355,
        2.15096,
        3.45234,
        4.84105,
        6.38279,
        8.17961,
        10.4144,
        13.478,
        18.4768,
        31.7357
    ],
    "dist": {
        "MLD": 0.450983,
        "mean_corrected": -0.000388751,
        "Gini": 46.843,
        "mean_corrected_is_ppp": "(PPP$)",
        "uses_commentary": "(Beta lorenz curves is invalid)",
        "mean_poor50": 0.00316894,
        "polarization": 49.0528,
        "median_ppp": 16.6278512538231,
        "median": 0.00646409,
        "uses": "GQ",
        "median_is_ppp": "(PPP$)",
        "mean_poor50_is_ppp": "(PPP$)"
    },
    "elasticity": {
        "HC": {
            "Gini": -0.119112,
            "meancons": -0.197894
        },
        "PG": {
            "Gini": 0.117477,
            "meancons": -0.466235
        },
        "FGT2": {
            "Gini": 0.425182,
            "meancons": -0.616422
        }
    },
    "dataset": {
        "country": "Guinea",
        "timespan": "UnDefined",
        "year": 1991,
        "measure": "Consumption",
        "cc3": "GIN",
        "format": "Grouped",
        "coverage": "National",
        "source": "GIN_N1991X"
    },
    "beta": {
        "reg": {
            "RMSE": 0.001710564,
            "SST": 0.2361486,
            "MSE": 2.926029e-06,
            "params": {
                "A": {
                    "coef": 0.598351,
                    "se": 0.0037343,
                    "t": 160.229
                }
            },
            "R2": 0.9999876,
            "SSE": 2.926029e-06,
            "ymean": -1.320001
        },
        "poverty": {
            "HC": 93.8475,
            "line_month_ppp": 57.7917,
            "FGT2": 48.2526,
            "Watt": "1.38936",
            "PG": 63.4499
        },
        "summary": {
            "Z": {
                "low": 6.18785,
                "high": 81.0054
            },
            "normality": "Normal",
            "mean_ppp": 23.007,
            "validity": "Invalid",
            "sse": {
                "tohc": 2.85178e-07,
                "fitted": 2.85178e-07
            }
        },
        "elasticity": {
            "HC": {
                "Gini": -0.108993,
                "meancons": -0.181082
            },
            "PG": {
                "Gini": 0.109745,
                "meancons": -0.479081
            },
            "FGT2": {
                "Gini": 0.417068,
                "meancons": -0.629903
            }
        },
        "implied": {
            "theta": 0.9894144,
            "delta": 0.5983505,
            "gamma": 1.014893
        }
    },
    "poverty": {
        "PG": 62.9562,
        "FGT2": 48.1239,
        "uses": "GQ",
        "uses_commentary": "(Beta is invalid.)",
        "HC": 92.3086,
        "line_month_ppp": 57.7917,
        "Watt": "1.42099"
    },
    "summary": {
        "Z": {
            "low": 4.62592,
            "high": 84.9542
        },
        "sse": {
            "tohc": 6.62326e-07,
            "fitted": 6.62326e-07
        },
        "normality": "Normal",
        "mean_ppp": 23.007,
        "validity": "Valid"
    },
    "quadratic": {
        "reg": {
            "RMSE": 0.001725212,
            "SST": 0.02757857,
            "SSE": 2.976357e-06,
            "params": {
                "B": {
                    "se": 0.12666,
                    "coef": -0.196253,
                    "t": -1.54941
                },
                "C": {
                    "coef": 0.0611341,
                    "se": 0.023792,
                    "t": 2.56954
                },
                "A": {
                    "coef": 1.49153,
                    "se": 0.047853,
                    "t": 31.1691
                }
            },
            "R2": 0.9998921,
            "MSE": 2.976357e-06,
            "ymean": 0.1474137
        },
        "deciles": [
            0.888355,
            2.15096,
            3.45234,
            4.84105,
            6.38279,
            8.17961,
            10.4144,
            13.478,
            18.4768,
            31.7357
        ],
        "elasticity": {
            "HC": {
                "Gini": -0.119112,
                "meancons": -0.197894
            },
            "PG": {
                "Gini": 0.117477,
                "meancons": -0.466235
            },
            "FGT2": {
                "Gini": 0.425182,
                "meancons": -0.616422
            }
        },
        "dist": {
            "MLD": 0.450983,
            "median": 0.00646409,
            "mean_corrected": 0.00475435,
            "Gini": 46.843,
            "mean_corrected_is_ppp": "(PPP$)",
            "median_is_ppp": "(PPP$)",
            "mean_poor50_is_ppp": "(PPP$)",
            "polarization": 49.0528,
            "mean_poor50": 0.00316894,
            "median_ppp": 16.6278512538231
        },
        "poverty": {
            "HC": 92.3086,
            "line_month_ppp": 57.7917,
            "Watt": "1.42099",
            "FGT2": 48.1239,
            "PG": 62.9562
        },
        "summary": {
            "Z": {
                "low": 4.62592,
                "high": 84.9542
            },
            "sse": {
                "tohc": 6.62326e-07,
                "fitted": 6.62326e-07
            },
            "normality": "Normal",
            "mean_ppp": 23.007,
            "validity": "Valid"
        }
    }
}