{
    "beta": {
        "reg": {
            "params": {
                "A": {
                    "se": 0.0040373,
                    "t": 112.855,
                    "coef": 0.455633
                }
            },
            "RMSE": 0.004404755,
            "SSE": 0.0001164112,
            "MSE": 1.940187e-05,
            "SST": 1.426609,
            "R2": 0.9999184,
            "ymean": -1.491978
        },
        "summary": {
            "mean_month_ppp": 202.886,
            "Z": {
                "low": 0.0,
                "high": 750.572
            },
            "poverty_normality": "Normal",
            "sse_up_to_hcindex": 5.62631e-08,
            "lorenz_validity": "Invalid",
            "sse_fitted": 7.80009e-06
        },
        "implied": {
            "theta": 0.75381,
            "delta": 0.4556335,
            "gamma": 0.918393
        },
        "poverty": {
            "Watt": "0.0539683",
            "PG": 5.50116,
            "elasticity": {
                "FGT2_wrt_mean_C": -0.663402,
                "FGT2_wrt_Gini": 8.68687,
                "PG_wrt_mean_C": -1.30006,
                "HC_wrt_mean_C": -1.68588,
                "HC_wrt_Gini": 4.23266,
                "PG_wrt_Gini": 6.77463
            },
            "FGT2": 4.13092,
            "line_month_ppp": 57.7917,
            "HC": 12.653
        }
    },
    "quadratic": {
        "reg": {
            "params": {
                "C": {
                    "se": 0.015938,
                    "t": 4.45143,
                    "coef": 0.0709454
                },
                "A": {
                    "se": 0.010837,
                    "t": 85.7027,
                    "coef": 0.928734
                },
                "B": {
                    "se": 0.047072,
                    "coef": -1.02145,
                    "t": -21.6997
                }
            },
            "RMSE": 0.001563998,
            "SSE": 1.467653e-05,
            "MSE": 2.446089e-06,
            "SST": 0.06211021,
            "R2": 0.9997637,
            "ymean": 0.1490078
        },
        "dist": {
            "MLD": 0.366288,
            "mean_poor50": 0.636807,
            "deciles": [
                1.53822,
                2.97552,
                4.24688,
                5.45867,
                6.69432,
                8.04612,
                9.65602,
                11.8206,
                15.4518,
                34.1119
            ],
            "median": 1.11774,
            "Gini": 44.552,
            "median_is_ppp": "(PPP$)",
            "mean_corrected": 0.844179,
            "mean_corrected_is_ppp": "(PPP$)",
            "polarization": 37.1053,
            "mean_poor50_is_ppp": "(PPP$)",
            "median_ppp": 148.952029053984
        },
        "poverty": {
            "HC": 13.9994,
            "line_month_ppp": 57.7917,
            "PG": 4.98407,
            "elasticity": {
                "FGT2_wrt_mean_C": -2.12317,
                "FGT2_wrt_Gini": 12.3518,
                "PG_wrt_mean_C": -1.80882,
                "HC_wrt_mean_C": -1.514,
                "HC_wrt_Gini": 3.80112,
                "PG_wrt_Gini": 8.05197
            },
            "Watt": "0.0724167",
            "FGT2": 2.41759
        },
        "summary": {
            "mean_month_ppp": 202.886,
            "Z": {
                "low": 19.0704,
                "high": 767.625
            },
            "poverty_normality": "Normal",
            "sse_up_to_hcindex": 5.55245e-06,
            "lorenz_validity": "Valid",
            "sse_fitted": 1.86923e-05
        }
    },
    "dataset": {
        "iso3c": "GUY",
        "country": "Guyana",
        "source": "GUY_N1998Y",
        "format": "Grouped",
        "measure": "Income",
        "timespan": "UnDefined",
        "coverage": "National",
        "year": 1998
    },
    "dist": {
        "Gini": 44.552,
        "median_is_ppp": "(PPP$)",
        "MLD": 0.366288,
        "mean_corrected_is_ppp": "(PPP$)",
        "polarization": 37.1053,
        "median_ppp": 148.952029053984,
        "median": 1.11774,
        "mean_poor50": 0.636807,
        "deciles": [
            1.53822,
            2.97552,
            4.24688,
            5.45867,
            6.69432,
            8.04612,
            9.65602,
            11.8206,
            15.4518,
            34.1119
        ],
        "uses": "GQ",
        "mean_poor50_is_ppp": "(PPP$)",
        "mean_corrected": -0.00750406,
        "uses_commentary": "(Beta lorenz curves is invalid)"
    },
    "lorenz": {
        "index": [
            1,
            2,
            3,
            4,
            5,
            6,
            7,
            8,
            9,
            10
        ],
        "L": [
            0.01306342,
            0.04471804,
            0.08884896,
            0.1435305,
            0.2091776,
            0.2888098,
            0.385364,
            0.5031421,
            0.6615391,
            1.0
        ],
        "p": [
            0.1,
            0.2,
            0.3,
            0.4,
            0.5,
            0.6,
            0.7,
            0.8,
            0.9,
            1.0
        ]
    },
    "poverty": {
        "HC": 13.9994,
        "line_month_ppp": 57.7917,
        "PG": 4.98407,
        "Watt": "0.0724167",
        "FGT2": 2.41759,
        "elasticity": {
            "HC_wrt_mean_C": -1.514,
            "FGT2_wrt_Gini": 12.3518,
            "PG_wrt_mean_C": -1.80882,
            "FGT2_wrt_mean_C": -2.12317,
            "HC_wrt_Gini": 3.80112,
            "PG_wrt_Gini": 8.05197
        },
        "uses": "GQ",
        "uses_commentary": "(Beta is invalid.)"
    },
    "summary": {
        "mean_month_ppp": 202.886,
        "Z": {
            "low": 19.0704,
            "high": 767.625
        },
        "poverty_normality": "Normal",
        "sse_up_to_hcindex": 5.55245e-06,
        "lorenz_validity": "Valid",
        "sse_fitted": 1.86923e-05
    }
}