{
    "distribution": {
        "index": [
            1,
            2,
            3,
            4,
            5,
            6,
            7,
            8,
            9,
            10
        ],
        "L": [
            0.0108746,
            0.03169829,
            0.06125636,
            0.1001273,
            0.1493522,
            0.2121703,
            0.2937876,
            0.4051365,
            0.5696437,
            1.0
        ],
        "p": [
            0.1,
            0.2,
            0.3,
            0.4,
            0.5,
            0.6,
            0.7,
            0.8,
            0.9,
            1.0
        ]
    },
    "deciles": [
        1.23435,
        1.99723,
        2.84615,
        3.81688,
        4.96594,
        6.39062,
        8.2791,
        11.0664,
        16.1479,
        43.2555
    ],
    "dist": {
        "MLD": 0.551005,
        "mean_corrected": -0.0992033,
        "Gini": 55.093,
        "mean_corrected_is_ppp": "(PPP$)",
        "uses_commentary": "(Beta lorenz curves is invalid)",
        "mean_poor50": 5.94523,
        "polarization": 54.0323,
        "median_ppp": 113.342912344436,
        "median": 11.244,
        "uses": "GQ",
        "median_is_ppp": "(PPP$)",
        "mean_poor50_is_ppp": "(PPP$)"
    },
    "elasticity": {
        "HC": {
            "Gini": 3.12186,
            "meancons": -1.25422
        },
        "PG": {
            "Gini": 7.87294,
            "meancons": -1.76122
        },
        "FGT2": {
            "Gini": 12.5353,
            "meancons": -2.23259
        }
    },
    "dataset": {
        "country": "Honduras",
        "timespan": "UnDefined",
        "year": 1986,
        "measure": "Income",
        "cc3": "HND",
        "format": "Grouped",
        "coverage": "Urban",
        "source": "HND_U1986Y"
    },
    "beta": {
        "reg": {
            "RMSE": 0.009682624,
            "SST": 2.029522,
            "MSE": 9.375321e-05,
            "params": {
                "A": {
                    "coef": 0.398045,
                    "se": 0.008875,
                    "t": 44.8504
                }
            },
            "R2": 0.9997228,
            "SSE": 0.0005625192,
            "ymean": -1.307701
        },
        "poverty": {
            "HC": 25.4084,
            "line_month_ppp": 57.7917,
            "FGT2": 4.78075,
            "Watt": "0.138801",
            "PG": 9.68367
        },
        "summary": {
            "Z": {
                "low": 21.7398,
                "high": 927.159
            },
            "normality": "Normal",
            "mean_ppp": 201.641,
            "validity": "Invalid",
            "sse": {
                "tohc": 5.05177e-06,
                "fitted": 6.04257e-05
            }
        },
        "elasticity": {
            "HC": {
                "Gini": 2.92064,
                "meancons": -1.17337
            },
            "PG": {
                "Gini": 7.53099,
                "meancons": -1.62384
            },
            "FGT2": {
                "Gini": 12.0836,
                "meancons": -2.05111
            }
        },
        "implied": {
            "theta": 0.9279934,
            "delta": 0.3980452,
            "gamma": 1.002803
        }
    },
    "poverty": {
        "PG": 9.1539,
        "FGT2": 4.32544,
        "uses": "GQ",
        "uses_commentary": "(Beta is invalid.)",
        "HC": 25.2759,
        "line_month_ppp": 57.7917,
        "Watt": "0.133198"
    },
    "summary": {
        "Z": {
            "low": 21.7872,
            "high": 1017.31
        },
        "sse": {
            "tohc": 2.76834e-06,
            "fitted": 1.26542e-05
        },
        "normality": "Normal",
        "mean_ppp": 201.641,
        "validity": "Valid"
    },
    "quadratic": {
        "reg": {
            "RMSE": 0.002427259,
            "SST": 0.06389552,
            "SSE": 3.53495e-05,
            "params": {
                "B": {
                    "se": 0.12783,
                    "coef": 0.433587,
                    "t": 3.39193
                },
                "C": {
                    "coef": 0.215881,
                    "se": 0.026165,
                    "t": 8.25088
                },
                "A": {
                    "coef": 0.817393,
                    "se": 0.013398,
                    "t": 61.0078
                }
            },
            "R2": 0.9994468,
            "MSE": 5.891584e-06,
            "ymean": 0.1307648
        },
        "deciles": [
            1.23435,
            1.99723,
            2.84615,
            3.81688,
            4.96594,
            6.39062,
            8.2791,
            11.0664,
            16.1479,
            43.2555
        ],
        "elasticity": {
            "HC": {
                "Gini": 3.12186,
                "meancons": -1.25422
            },
            "PG": {
                "Gini": 7.87294,
                "meancons": -1.76122
            },
            "FGT2": {
                "Gini": 12.5353,
                "meancons": -2.23259
            }
        },
        "dist": {
            "MLD": 0.551005,
            "median": 11.244,
            "mean_corrected": 8.98293,
            "Gini": 55.093,
            "mean_corrected_is_ppp": "(PPP$)",
            "median_is_ppp": "(PPP$)",
            "mean_poor50_is_ppp": "(PPP$)",
            "polarization": 54.0323,
            "mean_poor50": 5.94523,
            "median_ppp": 113.342912344436
        },
        "poverty": {
            "HC": 25.2759,
            "line_month_ppp": 57.7917,
            "Watt": "0.133198",
            "FGT2": 4.32544,
            "PG": 9.1539
        },
        "summary": {
            "Z": {
                "low": 21.7872,
                "high": 1017.31
            },
            "sse": {
                "tohc": 2.76834e-06,
                "fitted": 1.26542e-05
            },
            "normality": "Normal",
            "mean_ppp": 201.641,
            "validity": "Valid"
        }
    }
}