{
    "dist": {
        "mean_corrected": -0.0992033,
        "Gini": 59.4901,
        "polarization": 56.6403,
        "median_is_ppp": "(PPP$)",
        "poverty_uses_commentary": "(Both are valid and normal, but GQ fits better.)",
        "mean_poor50_is_ppp": "(PPP$)",
        "poverty_uses": "GQ",
        "MLD": 0.659037,
        "mean_poor50": 4.01826,
        "uses_commentary": "(Both are valid, but GQ fits better)",
        "deciles": [
            1.0405,
            1.72236,
            2.4917,
            3.38265,
            4.44962,
            5.78667,
            7.5762,
            10.24,
            15.1286,
            48.1816
        ],
        "HC": 38.5993,
        "mean_corrected_is_ppp": "(PPP$)",
        "median": 7.77162,
        "median_ppp": 78.3403261596118,
        "FGT2": 9.4542,
        "Watt": "0.265245",
        "PG": 16.8984,
        "elasticity": {
            "FGT2_wrt_Gini": 7.99786,
            "HC_wrt_Gini": 1.57436,
            "PG_wrt_mean_C": -1.2842,
            "FGT2_wrt_mean_C": -1.57478,
            "PG_wrt_Gini": 4.83249,
            "HC_wrt_mean_C": -0.938336
        },
        "uses": "GQ"
    },
    "beta": {
        "reg": {
            "ymean": -1.24784,
            "R2": 0.9998437,
            "SST": 2.223409,
            "RMSE": 0.007611105,
            "MSE": 5.792893e-05,
            "params": {
                "C": {
                    "se": 0.0069762,
                    "t": 49.1211,
                    "coef": 0.34268
                },
                "A": {
                    "se": 0.012062,
                    "t": -5.57097,
                    "coef": -0.0671954
                },
                "B": {
                    "se": 0.0069762,
                    "t": 143.16,
                    "coef": 0.998718
                }
            },
            "SSE": 0.0003475736
        },
        "inputs": {
            "line_month_ppp": 57.7917
        },
        "dist": {
            "mean_corrected": 6.21816,
            "Gini": 59.4968,
            "polarization": -104.091,
            "PG": 17.111,
            "elasticity": {
                "FGT2_wrt_Gini": 7.81136,
                "HC_wrt_Gini": 1.55848,
                "PG_wrt_mean_C": -1.22202,
                "FGT2_wrt_mean_C": -1.46363,
                "PG_wrt_Gini": 4.72816,
                "HC_wrt_mean_C": -0.928871
            },
            "median_is_ppp": "(PPP$)",
            "MLD": 0.662656,
            "HC": 38.021,
            "mean_poor50": 4.02257,
            "deciles": [
                0.954785,
                1.68584,
                2.49789,
                3.43004,
                4.5323,
                5.88941,
                7.66524,
                10.2414,
                14.8701,
                48.233
            ],
            "mean_corrected_is_ppp": "(PPP$)",
            "median": 7.91956,
            "Watt": "0.267461",
            "median_ppp": 79.8316514511558,
            "mean_poor50_is_ppp": "(PPP$)",
            "FGT2": 9.88039
        },
        "summary": {
            "Z": {
                "high": 748.791,
                "low": 13.0576
            },
            "lorenz_validity": "Valid",
            "sse_fitted": 4.62672e-05,
            "mean_month_ppp": 154.756,
            "sse_up_to_hcindex": 4.98798e-06,
            "poverty_normality": "Normal"
        },
        "implied": {
            "gamma": 0.9987184,
            "theta": 0.9350125,
            "delta": 0.3426801
        }
    },
    "inputs": {
        "line_month_ppp": 57.7917
    },
    "dataset": {
        "coverage": "National",
        "iso3c": "HND",
        "format": "Grouped",
        "year": 1989,
        "measure": "Income",
        "source": "HND_N1989Y",
        "country": "Honduras",
        "timespan": "UnDefined"
    },
    "lorenz": {
        "index": [
            1,
            2,
            3,
            4,
            5,
            6,
            7,
            8,
            9,
            10
        ],
        "p": [
            0.1,
            0.2,
            0.3,
            0.4,
            0.5,
            0.6,
            0.7,
            0.8,
            0.9,
            1.0
        ],
        "L": [
            0.009,
            0.027,
            0.053,
            0.087,
            0.132,
            0.189,
            0.263,
            0.365,
            0.521,
            1.0
        ]
    },
    "summary": {
        "Z": {
            "high": 737.184,
            "low": 15.2786
        },
        "poverty_normality": "Normal",
        "sse_fitted": 1.80926e-05,
        "mean_month_ppp": 154.756,
        "lorenz_validity": "Valid",
        "sse_up_to_hcindex": 2.96992e-06
    },
    "quadratic": {
        "reg": {
            "ymean": 0.1230924,
            "R2": 0.9993675,
            "SST": 0.0634243,
            "RMSE": 0.00258573,
            "MSE": 6.685998e-06,
            "params": {
                "C": {
                    "se": 0.024679,
                    "t": 7.36906,
                    "coef": 0.181862
                },
                "A": {
                    "se": 0.013093,
                    "t": 55.4297,
                    "coef": 0.725765
                },
                "B": {
                    "se": 0.13881,
                    "t": 4.38731,
                    "coef": 0.609019
                }
            },
            "SSE": 4.011599e-05
        },
        "inputs": {
            "line_month_ppp": 57.7917
        },
        "dist": {
            "mean_corrected": 6.21919,
            "Gini": 59.4901,
            "polarization": 56.6403,
            "PG": 16.8984,
            "elasticity": {
                "FGT2_wrt_Gini": 7.99786,
                "HC_wrt_Gini": 1.57436,
                "PG_wrt_mean_C": -1.2842,
                "FGT2_wrt_mean_C": -1.57478,
                "PG_wrt_Gini": 4.83249,
                "HC_wrt_mean_C": -0.938336
            },
            "median_is_ppp": "(PPP$)",
            "MLD": 0.659037,
            "HC": 38.5993,
            "mean_poor50": 4.01826,
            "deciles": [
                1.0405,
                1.72236,
                2.4917,
                3.38265,
                4.44962,
                5.78667,
                7.5762,
                10.24,
                15.1286,
                48.1816
            ],
            "mean_corrected_is_ppp": "(PPP$)",
            "median": 7.77162,
            "Watt": "0.265245",
            "median_ppp": 78.3403261596118,
            "mean_poor50_is_ppp": "(PPP$)",
            "FGT2": 9.4542
        },
        "summary": {
            "Z": {
                "high": 737.184,
                "low": 15.2786
            },
            "lorenz_validity": "Valid",
            "sse_fitted": 1.80926e-05,
            "mean_month_ppp": 154.756,
            "sse_up_to_hcindex": 2.96992e-06,
            "poverty_normality": "Normal"
        }
    }
}