{
    "beta": {
        "summary": {
            "mean_month_ppp": 629.584,
            "Z": {
                "low": 107.127,
                "high": 1336.19
            },
            "poverty_normality": "Normal",
            "sse_up_to_hcindex": 2.59341e-09,
            "lorenz_validity": "Valid",
            "sse_fitted": 1.7486e-05
        },
        "reg": {
            "params": {
                "A": {
                    "se": 0.0091514,
                    "t": 71.6675,
                    "coef": 0.655861
                }
            },
            "RMSE": 0.02362105,
            "SSE": 0.003347725,
            "MSE": 0.0005579542,
            "ymean": -2.896342,
            "R2": 0.9997639,
            "SST": 14.17916
        },
        "dist": {
            "MLD": 0.0892101,
            "mean_poor50": 98.3812,
            "deciles": [
                4.50122,
                5.99354,
                6.95658,
                7.85037,
                8.75211,
                9.71148,
                10.7884,
                12.093,
                13.9291,
                19.4242
            ],
            "Gini": 22.9749,
            "median_is_ppp": "(PPP$)",
            "median": 133.154,
            "mean_corrected_is_ppp": "(PPP$)",
            "polarization": -148.116,
            "mean_poor50_is_ppp": "(PPP$)",
            "median_ppp": 580.350643744151,
            "mean_corrected": 111.262
        },
        "poverty": {
            "HC": 0.0436496,
            "line_month_ppp": 57.7917,
            "PG": 0.0426496,
            "elasticity": {
                "FGT2_wrt_mean_C": -0.0480197,
                "FGT2_wrt_Gini": 22.2632,
                "PG_wrt_mean_C": -0.0234469,
                "HC_wrt_mean_C": -1.01514,
                "HC_wrt_Gini": 10.0438,
                "PG_wrt_Gini": 11.126
            },
            "Watt": "Invalid",
            "FGT2": 0.0416496
        },
        "implied": {
            "theta": 0.4691767,
            "delta": 0.655861,
            "gamma": 0.9010597
        }
    },
    "quadratic": {
        "reg": {
            "params": {
                "C": {
                    "se": 0.01289,
                    "t": 8.18457,
                    "coef": 0.105502
                },
                "A": {
                    "se": 0.006643,
                    "t": 150.812,
                    "coef": 1.00184
                },
                "B": {
                    "se": 0.014366,
                    "coef": -1.76353,
                    "t": -122.754
                }
            },
            "RMSE": 0.000444502,
            "SSE": 1.185492e-06,
            "MSE": 1.97582e-07,
            "SST": 0.06201085,
            "R2": 0.9999809,
            "ymean": 0.1223903
        },
        "dist": {
            "MLD": 0.0880281,
            "mean_poor50": 99.354,
            "deciles": [
                4.31166,
                5.99688,
                7.13208,
                8.05356,
                8.89636,
                9.74683,
                10.6955,
                11.8972,
                13.7766,
                19.4933
            ],
            "median": 134.535,
            "Gini": 22.7807,
            "median_is_ppp": "(PPP$)",
            "mean_corrected": 111.543,
            "mean_corrected_is_ppp": "(PPP$)",
            "polarization": 18.1201,
            "mean_poor50_is_ppp": "(PPP$)",
            "median_ppp": 586.37071807586
        },
        "poverty": {
            "HC": 0.0,
            "line_month_ppp": 57.7917,
            "PG": 0.0,
            "elasticity": {
                "FGT2_wrt_mean_C": 0.0,
                "FGT2_wrt_Gini": 0.0,
                "PG_wrt_mean_C": 0.0,
                "HC_wrt_mean_C": 0.0,
                "HC_wrt_Gini": 0.0,
                "PG_wrt_Gini": 0.0
            },
            "Watt": "0",
            "FGT2": 0.0
        },
        "summary": {
            "mean_month_ppp": 629.584,
            "Z": {
                "low": 199.217,
                "high": 1413.2
            },
            "poverty_normality": "Normal",
            "sse_up_to_hcindex": 1.29254e-07,
            "lorenz_validity": "Valid",
            "sse_fitted": 1.02528e-05
        }
    },
    "dataset": {
        "iso3c": "HRV",
        "country": "Croatia",
        "source": "HRV_N1988Y",
        "format": "Grouped",
        "measure": "Income",
        "timespan": "UnDefined",
        "coverage": "National",
        "year": 1988
    },
    "dist": {
        "Gini": 22.7807,
        "median_is_ppp": "(PPP$)",
        "polarization": 18.1201,
        "mean_corrected_is_ppp": "(PPP$)",
        "median": 134.535,
        "median_ppp": 586.37071807586,
        "MLD": 0.0880281,
        "mean_poor50": 99.354,
        "deciles": [
            4.31166,
            5.99688,
            7.13208,
            8.05356,
            8.89636,
            9.74683,
            10.6955,
            11.8972,
            13.7766,
            19.4933
        ],
        "uses": "GQ",
        "mean_poor50_is_ppp": "(PPP$)",
        "mean_corrected": -0.229437,
        "uses_commentary": "(Both are valid, but GQ fits better)"
    },
    "lorenz": {
        "index": [
            1,
            2,
            3,
            4,
            5,
            6,
            7,
            8,
            9,
            10
        ],
        "L": [
            0.0004807521,
            0.01423596,
            0.1063599,
            0.2910788,
            0.518154,
            0.6891847,
            0.8255862,
            0.8868263,
            0.9154993,
            1.0
        ],
        "p": [
            0.00270027,
            0.04110411,
            0.2037204,
            0.4421442,
            0.6735674,
            0.8158816,
            0.9126913,
            0.950095,
            0.9656966,
            1.0
        ]
    },
    "poverty": {
        "HC": 0.0436496,
        "line_month_ppp": 57.7917,
        "PG": 0.0426496,
        "Watt": "0",
        "FGT2": 0.0416496,
        "elasticity": {
            "HC_wrt_mean_C": -1.01514,
            "FGT2_wrt_Gini": 22.2632,
            "PG_wrt_mean_C": -0.0234469,
            "FGT2_wrt_mean_C": -0.0480197,
            "HC_wrt_Gini": 10.0438,
            "PG_wrt_Gini": 11.126
        },
        "uses": "GQ",
        "uses_commentary": "(Both are valid and normal, but GQ fits better.)"
    },
    "summary": {
        "mean_month_ppp": 629.584,
        "Z": {
            "low": 199.217,
            "high": 1413.2
        },
        "poverty_normality": "Normal",
        "sse_up_to_hcindex": 2.59341e-09,
        "lorenz_validity": "Valid",
        "sse_fitted": 1.02528e-05
    }
}