{
    "quadratic": {
        "poverty": {
            "FGT2": 0.0,
            "Watt": "0",
            "HC": 0.0,
            "PG": 0.0,
            "elasticity": {
                "HC_wrt_mean_C": 0.0,
                "PG_wrt_Gini": 0.0,
                "PG_wrt_mean_C": 0.0,
                "FGT2_wrt_Gini": 0.0,
                "FGT2_wrt_mean_C": 0.0,
                "HC_wrt_Gini": 0.0
            },
            "line_month_ppp": 57.7917
        },
        "reg": {
            "RMSE": 0.000444502,
            "SST": 0.06201085,
            "R2": 0.9999809,
            "params": {
                "B": {
                    "coef": -1.76353,
                    "t": -122.754,
                    "se": 0.014366
                },
                "A": {
                    "coef": 1.00184,
                    "se": 0.006643,
                    "t": 150.812
                },
                "C": {
                    "coef": 0.105502,
                    "se": 0.01289,
                    "t": 8.18457
                }
            },
            "ymean": 0.1223903,
            "MSE": 1.97582e-07,
            "SSE": 1.185492e-06
        },
        "summary": {
            "lorenz_validity": "Valid",
            "sse_up_to_hcindex": 1.29254e-07,
            "mean_month_ppp": 629.584,
            "Z": {
                "low": 199.217,
                "high": 1413.2
            },
            "poverty_normality": "Normal",
            "sse_fitted": 1.02528e-05
        },
        "dist": {
            "polarization": 18.1201,
            "MLD": 0.0880281,
            "median_ppp": 586.37071807586,
            "Gini": 22.7807,
            "mean_corrected_is_ppp": "(PPP$)",
            "median": 134.535,
            "mean_poor50_is_ppp": "(PPP$)",
            "median_is_ppp": "(PPP$)",
            "mean_poor50": 99.354,
            "mean_corrected": 111.543,
            "deciles": [
                4.31166,
                5.99688,
                7.13208,
                8.05356,
                8.89636,
                9.74683,
                10.6955,
                11.8972,
                13.7766,
                19.4933
            ]
        }
    },
    "beta": {
        "poverty": {
            "FGT2": 0.0416496,
            "Watt": "Invalid",
            "HC": 0.0436496,
            "PG": 0.0426496,
            "elasticity": {
                "HC_wrt_mean_C": -1.01514,
                "PG_wrt_Gini": 11.126,
                "PG_wrt_mean_C": -0.0234469,
                "FGT2_wrt_Gini": 22.2632,
                "FGT2_wrt_mean_C": -0.0480197,
                "HC_wrt_Gini": 10.0438
            },
            "line_month_ppp": 57.7917
        },
        "implied": {
            "gamma": 0.9010597,
            "delta": 0.655861,
            "theta": 0.4691767
        },
        "summary": {
            "lorenz_validity": "Valid",
            "sse_up_to_hcindex": 2.59341e-09,
            "mean_month_ppp": 629.584,
            "Z": {
                "low": 107.127,
                "high": 1336.19
            },
            "poverty_normality": "Normal",
            "sse_fitted": 1.7486e-05
        },
        "dist": {
            "polarization": -148.116,
            "MLD": 0.0892101,
            "median_is_ppp": "(PPP$)",
            "Gini": 22.9749,
            "mean_corrected_is_ppp": "(PPP$)",
            "median": 133.154,
            "mean_poor50_is_ppp": "(PPP$)",
            "median_ppp": 580.350643744151,
            "mean_poor50": 98.3812,
            "mean_corrected": 111.262,
            "deciles": [
                4.50122,
                5.99354,
                6.95658,
                7.85037,
                8.75211,
                9.71148,
                10.7884,
                12.093,
                13.9291,
                19.4242
            ]
        },
        "reg": {
            "RMSE": 0.02362105,
            "SST": 14.17916,
            "R2": 0.9997639,
            "params": {
                "B": {
                    "coef": 0.90106,
                    "t": 150.984,
                    "se": 0.0059679
                },
                "A": {
                    "coef": -0.756776,
                    "se": 0.020895,
                    "t": -36.2179
                },
                "C": {
                    "coef": 0.655861,
                    "se": 0.0091514,
                    "t": 71.6675
                }
            },
            "ymean": -2.896342,
            "MSE": 0.0005579542,
            "SSE": 0.003347725
        }
    },
    "dist": {
        "polarization": 18.1201,
        "uses": "GQ",
        "median": 134.535,
        "mean_poor50_is_ppp": "(PPP$)",
        "deciles": [
            4.31166,
            5.99688,
            7.13208,
            8.05356,
            8.89636,
            9.74683,
            10.6955,
            11.8972,
            13.7766,
            19.4933
        ],
        "MLD": 0.0880281,
        "mean_poor50": 99.354,
        "uses_commentary": "(Both are valid, but GQ fits better)",
        "mean_corrected_is_ppp": "(PPP$)",
        "median_ppp": 586.37071807586,
        "mean_corrected": -0.229437,
        "median_is_ppp": "(PPP$)",
        "Gini": 22.7807
    },
    "summary": {
        "lorenz_validity": "Valid",
        "sse_up_to_hcindex": 2.59341e-09,
        "mean_month_ppp": 629.584,
        "Z": {
            "low": 199.217,
            "high": 1413.2
        },
        "poverty_normality": "Normal",
        "sse_fitted": 1.02528e-05
    },
    "lorenz": {
        "L": [
            0.0004807521,
            0.01423596,
            0.1063599,
            0.2910788,
            0.518154,
            0.6891847,
            0.8255862,
            0.8868263,
            0.9154993,
            1.0
        ],
        "p": [
            0.00270027,
            0.04110411,
            0.2037204,
            0.4421442,
            0.6735674,
            0.8158816,
            0.9126913,
            0.950095,
            0.9656966,
            1.0
        ],
        "index": [
            1,
            2,
            3,
            4,
            5,
            6,
            7,
            8,
            9,
            10
        ]
    },
    "dataset": {
        "timespan": "UnDefined",
        "coverage": "National",
        "measure": "Income",
        "format": "Grouped",
        "source": "HRV_N1988Y",
        "country": "Croatia",
        "year": 1988,
        "iso3c": "HRV"
    },
    "poverty": {
        "FGT2": 0.0416496,
        "uses": "GQ",
        "uses_commentary": "(Both are valid and normal, but GQ fits better.)",
        "HC": 0.0436496,
        "PG": 0.0426496,
        "Watt": "0",
        "elasticity": {
            "HC_wrt_Gini": 10.0438,
            "HC_wrt_mean_C": -1.01514,
            "PG_wrt_mean_C": -0.0234469,
            "FGT2_wrt_Gini": 22.2632,
            "FGT2_wrt_mean_C": -0.0480197,
            "PG_wrt_Gini": 11.126
        },
        "line_month_ppp": 57.7917
    }
}