{
    "distribution": {
        "index": [
            1,
            2,
            3,
            4,
            5,
            6,
            7,
            8,
            9,
            10
        ],
        "L": [
            0.03771378,
            0.09204012,
            0.1569143,
            0.2325813,
            0.3137005,
            0.4042648,
            0.5088186,
            0.6290327,
            0.772403,
            1.0
        ],
        "p": [
            0.1,
            0.2,
            0.3,
            0.4,
            0.5,
            0.6,
            0.7,
            0.8,
            0.9,
            1.0
        ]
    },
    "deciles": [
        3.78728,
        5.44361,
        6.43852,
        7.35179,
        8.27964,
        9.28607,
        10.4522,
        11.9344,
        14.1854,
        22.8411
    ],
    "elasticity": {
        "HC": {
            "Gini": 8.73556,
            "meancons": -1.14672
        },
        "PG": {
            "Gini": 8.8522,
            "meancons": -0.0307635
        },
        "FGT2": {
            "Gini": 17.3008,
            "meancons": -0.00854242
        }
    },
    "dist": {
        "MLD": 0.131246,
        "mean_corrected": -0.229437,
        "Gini": 27.707,
        "mean_corrected_is_ppp": "(PPP$)",
        "uses_commentary": "(Both are valid, but Beta fits better)",
        "mean_poor50": 71.5341,
        "polarization": -143.316,
        "median_ppp": 436.492702317133,
        "median": 100.147,
        "uses": "Beta",
        "median_is_ppp": "(PPP$)",
        "mean_poor50_is_ppp": "(PPP$)"
    },
    "dataset": {
        "country": "Croatia",
        "timespan": "UnDefined",
        "year": 1999,
        "measure": "Consumption",
        "cc3": "HRV",
        "format": "Grouped",
        "coverage": "National",
        "source": "HRV_N1999X"
    },
    "beta": {
        "reg": {
            "RMSE": 0.008363516,
            "SST": 1.092278,
            "SSE": 0.0004196904,
            "params": {
                "A": {
                    "coef": 0.557976,
                    "se": 0.0076659,
                    "t": 72.7869
                }
            },
            "R2": 0.9996158,
            "MSE": 6.99484e-05,
            "ymean": -1.947185
        },
        "deciles": [
            3.78728,
            5.44361,
            6.43852,
            7.35179,
            8.27964,
            9.28607,
            10.4522,
            11.9344,
            14.1854,
            22.8411
        ],
        "elasticity": {
            "HC": {
                "Gini": 8.73556,
                "meancons": -1.14672
            },
            "PG": {
                "Gini": 8.8522,
                "meancons": -0.0307635
            },
            "FGT2": {
                "Gini": 17.3008,
                "meancons": -0.00854242
            }
        },
        "dist": {
            "MLD": 0.131246,
            "median": 100.147,
            "mean_corrected": 82.6082,
            "Gini": 27.707,
            "mean_corrected_is_ppp": "(PPP$)",
            "median_is_ppp": "(PPP$)",
            "mean_poor50_is_ppp": "(PPP$)",
            "polarization": -143.316,
            "mean_poor50": 71.5341,
            "median_ppp": 436.492702317133
        },
        "poverty": {
            "HC": 0.242359,
            "line_month_ppp": 57.7917,
            "FGT2": 0.234126,
            "Watt": "Invalid",
            "PG": 0.235126
        },
        "implied": {
            "theta": 0.5096001,
            "delta": 0.5579758,
            "gamma": 0.8884163
        },
        "summary": {
            "Z": {
                "low": 15.2452,
                "high": 1252.54
            },
            "normality": "Normal",
            "mean_ppp": 498.04,
            "validity": "Valid",
            "sse": {
                "tohc": 2.52904e-08,
                "fitted": 1.24416e-05
            }
        }
    },
    "poverty": {
        "PG": 0.235126,
        "FGT2": 0.234126,
        "uses": "Beta",
        "uses_commentary": "(Both are valid and normal, but Beta fits better.)",
        "HC": 0.242359,
        "line_month_ppp": 57.7917,
        "Watt": "0"
    },
    "summary": {
        "Z": {
            "low": 15.2452,
            "high": 1252.54
        },
        "sse": {
            "tohc": 2.52904e-08,
            "fitted": 1.24416e-05
        },
        "normality": "Normal",
        "mean_ppp": 498.04,
        "validity": "Valid"
    },
    "quadratic": {
        "reg": {
            "RMSE": 0.0009815847,
            "SST": 0.04431782,
            "SSE": 5.781051e-06,
            "params": {
                "B": {
                    "se": 0.032527,
                    "coef": -1.55749,
                    "t": -47.8825
                },
                "C": {
                    "coef": 0.158069,
                    "se": 0.024401,
                    "t": 6.47793
                },
                "A": {
                    "coef": 0.920687,
                    "se": 0.010579,
                    "t": 87.0258
                }
            },
            "R2": 0.9998696,
            "MSE": 9.635085e-07,
            "ymean": 0.1717596
        },
        "deciles": [
            3.92192,
            5.32299,
            6.41586,
            7.37689,
            8.30274,
            9.27304,
            10.3892,
            11.8446,
            14.206,
            22.9468
        ],
        "elasticity": {
            "HC": {
                "Gini": 0.0,
                "meancons": 0.0
            },
            "PG": {
                "Gini": 0.0,
                "meancons": 0.0
            },
            "FGT2": {
                "Gini": 0.0,
                "meancons": 0.0
            }
        },
        "dist": {
            "MLD": 0.127477,
            "median": 100.253,
            "mean_corrected": 82.6788,
            "Gini": 27.6452,
            "mean_corrected_is_ppp": "(PPP$)",
            "median_is_ppp": "(PPP$)",
            "mean_poor50_is_ppp": "(PPP$)",
            "polarization": 22.0529,
            "mean_poor50": 71.6245,
            "median_ppp": 436.953934408821
        },
        "poverty": {
            "HC": 0.0,
            "line_month_ppp": 57.7917,
            "Watt": "0",
            "FGT2": 0.0,
            "PG": 0.0
        },
        "summary": {
            "Z": {
                "low": 156.056,
                "high": 1347.95
            },
            "sse": {
                "tohc": 2.2663e-06,
                "fitted": 1.6247e-05
            },
            "normality": "Normal",
            "mean_ppp": 498.04,
            "validity": "Valid"
        }
    }
}