{
    "dist": {
        "mean_corrected": -0.229437,
        "Gini": 31.1022,
        "polarization": 26.5988,
        "median_is_ppp": "(PPP$)",
        "poverty_uses_commentary": "(Both are valid and normal, but GQ fits better.)",
        "mean_poor50_is_ppp": "(PPP$)",
        "poverty_uses": "GQ",
        "MLD": 0.159005,
        "mean_poor50": 69.9329,
        "uses_commentary": "(Both are valid, but GQ fits better)",
        "deciles": [
            3.5157,
            4.7453,
            5.82729,
            6.85374,
            7.89526,
            9.02801,
            10.3663,
            12.1424,
            15.04,
            24.5861
        ],
        "HC": 0.0866787,
        "mean_corrected_is_ppp": "(PPP$)",
        "median": 102.326,
        "median_ppp": 445.986394939871,
        "FGT2": 0.0486835,
        "Watt": "6.97161E-05",
        "PG": 0.0496835,
        "elasticity": {
            "FGT2_wrt_Gini": 18.624,
            "HC_wrt_Gini": 15.1266,
            "PG_wrt_mean_C": -0.744618,
            "FGT2_wrt_mean_C": -0.0410817,
            "PG_wrt_Gini": 15.2094,
            "HC_wrt_mean_C": -1.85723
        },
        "uses": "GQ"
    },
    "beta": {
        "reg": {
            "ymean": -1.833388,
            "R2": 0.9997082,
            "SST": 1.233895,
            "RMSE": 0.007746141,
            "MSE": 6.000271e-05,
            "params": {
                "C": {
                    "se": 0.0071,
                    "t": 80.7209,
                    "coef": 0.573119
                },
                "A": {
                    "se": 0.012276,
                    "t": -41.2246,
                    "coef": -0.506061
                },
                "B": {
                    "se": 0.0071,
                    "t": 131.681,
                    "coef": 0.934934
                }
            },
            "SSE": 0.0003600162
        },
        "inputs": {
            "line_month_ppp": 57.7917
        },
        "dist": {
            "mean_corrected": 83.4164,
            "Gini": 31.2054,
            "polarization": -136.537,
            "PG": 0.0496835,
            "elasticity": {
                "FGT2_wrt_Gini": 18.624,
                "HC_wrt_Gini": 15.1266,
                "PG_wrt_mean_C": -0.744618,
                "FGT2_wrt_mean_C": -0.0410817,
                "PG_wrt_Gini": 15.2094,
                "HC_wrt_mean_C": -1.85723
            },
            "median_is_ppp": "(PPP$)",
            "MLD": 0.164896,
            "HC": 0.0866787,
            "mean_poor50": 69.8525,
            "deciles": [
                3.40732,
                4.8115,
                5.83759,
                6.84386,
                7.90385,
                9.07819,
                10.4543,
                12.2087,
                14.8557,
                24.599
            ],
            "mean_corrected_is_ppp": "(PPP$)",
            "median": 102.656,
            "Watt": "6.97161E-05",
            "median_ppp": 447.427760134354,
            "mean_poor50_is_ppp": "(PPP$)",
            "FGT2": 0.0486835
        },
        "summary": {
            "Z": {
                "high": 1444.62,
                "low": 66.1308
            },
            "lorenz_validity": "Valid",
            "sse_fitted": 1.09796e-05,
            "mean_month_ppp": 528.487,
            "sse_up_to_hcindex": 1.70658e-07,
            "poverty_normality": "Normal"
        },
        "implied": {
            "gamma": 0.9349342,
            "theta": 0.6028657,
            "delta": 0.5731186
        }
    },
    "inputs": {
        "line_month_ppp": 57.7917
    },
    "dataset": {
        "coverage": "National",
        "iso3c": "HRV",
        "format": "Grouped",
        "year": 2001,
        "measure": "Consumption",
        "source": "HRV_N2001X",
        "country": "Croatia",
        "timespan": "UnDefined"
    },
    "lorenz": {
        "index": [
            1,
            2,
            3,
            4,
            5,
            6,
            7,
            8,
            9,
            10
        ],
        "p": [
            0.1,
            0.2,
            0.3,
            0.4,
            0.5,
            0.6,
            0.7,
            0.8,
            0.9,
            1.0
        ],
        "L": [
            0.0336601,
            0.08255503,
            0.1416451,
            0.2102977,
            0.2882586,
            0.3779209,
            0.481695,
            0.6038321,
            0.7552535,
            1.0
        ]
    },
    "summary": {
        "Z": {
            "high": 1560.34,
            "low": 153.699
        },
        "poverty_normality": "Normal",
        "sse_fitted": 5.77835e-06,
        "mean_month_ppp": 528.487,
        "lorenz_validity": "Valid",
        "sse_up_to_hcindex": 1.70658e-07
    },
    "quadratic": {
        "reg": {
            "ymean": 0.1677681,
            "R2": 0.9999156,
            "SST": 0.04693106,
            "RMSE": 0.0008123277,
            "MSE": 6.598763e-07,
            "params": {
                "C": {
                    "se": 0.01996,
                    "t": 11.6795,
                    "coef": 0.233124
                },
                "A": {
                    "se": 0.0077337,
                    "t": 119.0,
                    "coef": 0.920315
                },
                "B": {
                    "se": 0.031337,
                    "t": -42.3149,
                    "coef": -1.32602
                }
            },
            "SSE": 3.959258e-06
        },
        "inputs": {
            "line_month_ppp": 57.7917
        },
        "dist": {
            "mean_corrected": 83.5416,
            "Gini": 31.1022,
            "polarization": 26.5988,
            "PG": 0.0,
            "elasticity": {
                "FGT2_wrt_Gini": 0.0,
                "HC_wrt_Gini": 0.0,
                "PG_wrt_mean_C": 0.0,
                "FGT2_wrt_mean_C": 0.0,
                "PG_wrt_Gini": 0.0,
                "HC_wrt_mean_C": 0.0
            },
            "median_is_ppp": "(PPP$)",
            "MLD": 0.159005,
            "HC": 0.0,
            "mean_poor50": 69.9329,
            "deciles": [
                3.5157,
                4.7453,
                5.82729,
                6.85374,
                7.89526,
                9.02801,
                10.3663,
                12.1424,
                15.04,
                24.5861
            ],
            "mean_corrected_is_ppp": "(PPP$)",
            "median": 102.326,
            "Watt": "0",
            "median_ppp": 445.986394939871,
            "mean_poor50_is_ppp": "(PPP$)",
            "FGT2": 0.0
        },
        "summary": {
            "Z": {
                "high": 1560.34,
                "low": 153.699
            },
            "lorenz_validity": "Valid",
            "sse_fitted": 5.77835e-06,
            "mean_month_ppp": 528.487,
            "sse_up_to_hcindex": 2.24084e-06,
            "poverty_normality": "Normal"
        }
    }
}