{
    "beta": {
        "implied": {
            "theta": 0.6028657,
            "gamma": 0.9349342,
            "delta": 0.5731186
        },
        "reg": {
            "RMSE": 0.007746141,
            "R2": 0.9997082,
            "MSE": 6.000271e-05,
            "params": {
                "A": {
                    "se": 0.0071,
                    "coef": 0.573119,
                    "t": 80.7209
                }
            },
            "SST": 1.233895,
            "ymean": -1.833388,
            "SSE": 0.0003600162
        },
        "elasticity": {
            "PG": {
                "meancons": -0.744618,
                "Gini": 15.2094
            },
            "HC": {
                "meancons": -1.85723,
                "Gini": 15.1266
            },
            "FGT2": {
                "meancons": -0.0410817,
                "Gini": 18.624
            }
        },
        "dist": {
            "polarization": -136.537,
            "median_ppp": 102.656,
            "mean_poor50_ppp": 69.8525,
            "MLD": 0.164896,
            "Gini": 31.2054,
            "mean_corrected_ppp": 83.4164
        },
        "poverty": {
            "PG": 0.0496835,
            "Watt": 6.97161e-05,
            "HC": 0.0866787,
            "FGT2": 0.0486835,
            "line_month_ppp": 57.7917
        },
        "deciles": [
            3.40732,
            4.8115,
            5.83759,
            6.84386,
            7.90385,
            9.07819,
            10.4543,
            12.2087,
            14.8557,
            24.599
        ],
        "summary": {
            "mean_ppp": 528.487,
            "sse": {
                "fitted": 1.09796e-05,
                "tohc": 1.70658e-07
            },
            "normality": "Normal",
            "validity": "Valid",
            "Z": {
                "low": 66.1308,
                "high": 1444.62
            }
        }
    },
    "quadratic": {
        "reg": {
            "ymean": 0.1677681,
            "R2": 0.9999156,
            "MSE": 6.598763e-07,
            "params": {
                "C": {
                    "se": 0.01996,
                    "coef": 0.233124,
                    "t": 11.6795
                },
                "A": {
                    "se": 0.0077337,
                    "coef": 0.920315,
                    "t": 119.0
                },
                "B": {
                    "se": 0.031337,
                    "coef": -1.32602,
                    "t": -42.3149
                }
            },
            "SST": 0.04693106,
            "RMSE": 0.0008123277,
            "SSE": 3.959258e-06
        },
        "elasticity": {
            "PG": {
                "meancons": 0.0,
                "Gini": 0.0
            },
            "HC": {
                "meancons": 0.0,
                "Gini": 0.0
            },
            "FGT2": {
                "meancons": 0.0,
                "Gini": 0.0
            }
        },
        "dist": {
            "polarization": 26.5988,
            "median_ppp": 102.326,
            "MLD": 0.159005,
            "mean_poor50_ppp": 69.9329,
            "Gini": 31.1022,
            "mean_corrected_ppp": 83.5416
        },
        "poverty": {
            "PG": 0.0,
            "Watt": 0.0,
            "HC": 0.0,
            "FGT2": 0.0,
            "line_month_ppp": 57.7917
        },
        "deciles": [
            3.5157,
            4.7453,
            5.82729,
            6.85374,
            7.89526,
            9.02801,
            10.3663,
            12.1424,
            15.04,
            24.5861
        ],
        "summary": {
            "mean_ppp": 528.487,
            "sse": {
                "fitted": 5.77835e-06,
                "tohc": 2.24084e-06
            },
            "normality": "Normal",
            "validity": "Valid",
            "Z": {
                "low": 153.699,
                "high": 1560.34
            }
        }
    },
    "elasticity": {
        "PG": {
            "meancons": -0.744618,
            "Gini": 15.2094
        },
        "HC": {
            "meancons": -1.85723,
            "Gini": 15.1266
        },
        "FGT2": {
            "meancons": -0.0410817,
            "Gini": 18.624
        }
    },
    "dist": {
        "polarization": 26.5988,
        "uses_commentary": "(Both are valid and normal, but GQ fits better.)",
        "mean_poor50_ppp": 69.9329,
        "MLD": 0.159005,
        "uses": "GQ",
        "Gini": 31.1022,
        "median_ppp": 102.326,
        "mean_corrected_ppp": -0.229437
    },
    "poverty": {
        "PG": 0.0496835,
        "line_month_ppp": 57.7917,
        "HC": 0.0866787,
        "FGT2": 0.0486835,
        "Watt": 6.97161e-05
    },
    "deciles": [
        3.5157,
        4.7453,
        5.82729,
        6.85374,
        7.89526,
        9.02801,
        10.3663,
        12.1424,
        15.04,
        24.5861
    ],
    "summary": {
        "mean_ppp": 528.487,
        "sse": {
            "fitted": 5.77835e-06,
            "tohc": 1.70658e-07
        },
        "normality": "Normal",
        "validity": "Valid",
        "Z": {
            "low": 153.699,
            "high": 1560.34
        }
    },
    "dataset": {
        "country": "Croatia",
        "source": "HRV_N2001X",
        "timespan": "UnDefined",
        "coverage": "National",
        "year": 2001,
        "format": "Grouped",
        "measure": "Consumption",
        "cc3": "HRV"
    },
    "distribution": {
        "L": [
            0.0336601,
            0.08255503,
            0.1416451,
            0.2102977,
            0.2882586,
            0.3779209,
            0.481695,
            0.6038321,
            0.7552535,
            1.0
        ],
        "index": [
            1,
            2,
            3,
            4,
            5,
            6,
            7,
            8,
            9,
            10
        ],
        "p": [
            0.1,
            0.2,
            0.3,
            0.4,
            0.5,
            0.6,
            0.7,
            0.8,
            0.9,
            1.0
        ]
    }
}