{
    "quadratic": {
        "poverty": {
            "FGT2": 0.0,
            "Watt": "0",
            "HC": 0.0,
            "PG": 0.0,
            "elasticity": {
                "HC_wrt_mean_C": 0.0,
                "PG_wrt_Gini": 0.0,
                "PG_wrt_mean_C": 0.0,
                "FGT2_wrt_Gini": 0.0,
                "FGT2_wrt_mean_C": 0.0,
                "HC_wrt_Gini": 0.0
            },
            "line_month_ppp": 57.7917
        },
        "reg": {
            "RMSE": 0.0006531814,
            "SST": 0.07462693,
            "R2": 0.9999428,
            "params": {
                "B": {
                    "coef": -1.52737,
                    "t": -71.5316,
                    "se": 0.021352
                },
                "A": {
                    "coef": 0.877333,
                    "se": 0.0074705,
                    "t": 117.44
                },
                "C": {
                    "coef": 0.229963,
                    "se": 0.017165,
                    "t": 13.3969
                }
            },
            "ymean": 0.152471,
            "MSE": 4.266459e-07,
            "SSE": 4.266459e-06
        },
        "summary": {
            "lorenz_validity": "Valid",
            "sse_up_to_hcindex": 3.08884e-06,
            "mean_month_ppp": 300.864,
            "Z": {
                "low": 123.749,
                "high": 765.51
            },
            "poverty_normality": "Normal",
            "sse_fitted": 1.15409e-05
        },
        "dist": {
            "polarization": 20.408,
            "MLD": 0.102072,
            "median_ppp": 265.475508015968,
            "Gini": 25.0478,
            "mean_corrected_is_ppp": "(PPP$)",
            "median": 1.92537,
            "mean_poor50_is_ppp": "(PPP$)",
            "median_is_ppp": "(PPP$)",
            "mean_poor50": 1.43901,
            "mean_corrected": 1.63548,
            "deciles": [
                4.62862,
                5.74491,
                6.67893,
                7.53609,
                8.38567,
                9.29382,
                10.3529,
                11.7453,
                14.0049,
                21.6288
            ]
        }
    },
    "beta": {
        "poverty": {
            "FGT2": 0.015325,
            "Watt": "0.000152752",
            "HC": 0.0538919,
            "PG": 0.0195148,
            "elasticity": {
                "HC_wrt_mean_C": -3.00132,
                "PG_wrt_Gini": 12.6153,
                "PG_wrt_mean_C": -1.76159,
                "FGT2_wrt_Gini": 12.7118,
                "FGT2_wrt_mean_C": -0.54678,
                "HC_wrt_Gini": 12.6236
            },
            "line_month_ppp": 57.7917
        },
        "implied": {
            "gamma": 0.9214794,
            "delta": 0.5858884,
            "theta": 0.4861014
        },
        "summary": {
            "lorenz_validity": "Valid",
            "sse_up_to_hcindex": 1.19958e-07,
            "mean_month_ppp": 300.864,
            "Z": {
                "low": 73.3307,
                "high": 708.223
            },
            "poverty_normality": "Normal",
            "sse_fitted": 2.52838e-05
        },
        "dist": {
            "polarization": -149.418,
            "MLD": 0.105143,
            "median_is_ppp": "(PPP$)",
            "Gini": 25.0884,
            "mean_corrected_is_ppp": "(PPP$)",
            "median": 1.93161,
            "mean_poor50_is_ppp": "(PPP$)",
            "median_ppp": 266.335611048765,
            "mean_poor50": 1.43583,
            "mean_corrected": 1.63459,
            "deciles": [
                4.52431,
                5.79599,
                6.67353,
                7.51606,
                8.39139,
                9.35074,
                10.4642,
                11.8701,
                13.9672,
                21.4465
            ]
        },
        "reg": {
            "RMSE": 0.01344365,
            "SST": 3.365543,
            "R2": 0.999463,
            "params": {
                "B": {
                    "coef": 0.921479,
                    "t": 130.605,
                    "se": 0.0070555
                },
                "A": {
                    "coef": -0.721338,
                    "se": 0.013967,
                    "t": -51.6452
                },
                "C": {
                    "coef": 0.585888,
                    "se": 0.0070555,
                    "t": 83.0405
                }
            },
            "ymean": -2.231964,
            "MSE": 0.0001807318,
            "SSE": 0.001807318
        }
    },
    "dist": {
        "polarization": 20.408,
        "uses": "GQ",
        "median": 1.92537,
        "mean_poor50_is_ppp": "(PPP$)",
        "deciles": [
            4.62862,
            5.74491,
            6.67893,
            7.53609,
            8.38567,
            9.29382,
            10.3529,
            11.7453,
            14.0049,
            21.6288
        ],
        "MLD": 0.102072,
        "mean_poor50": 1.43901,
        "uses_commentary": "(Both are valid, but GQ fits better)",
        "mean_corrected_is_ppp": "(PPP$)",
        "median_ppp": 265.475508015968,
        "mean_corrected": -0.00725253,
        "median_is_ppp": "(PPP$)",
        "Gini": 25.0478
    },
    "summary": {
        "lorenz_validity": "Valid",
        "sse_up_to_hcindex": 1.19958e-07,
        "mean_month_ppp": 300.864,
        "Z": {
            "low": 123.749,
            "high": 765.51
        },
        "poverty_normality": "Normal",
        "sse_fitted": 1.15409e-05
    },
    "lorenz": {
        "L": [
            0.01981336,
            0.04494784,
            0.07341837,
            0.1044203,
            0.1718649,
            0.2465834,
            0.3295251,
            0.4217927,
            0.5251703,
            0.6438175,
            0.7101173,
            0.7847771,
            0.8716649,
            1.0
        ],
        "p": [
            0.05,
            0.1,
            0.15,
            0.2,
            0.3,
            0.4,
            0.5,
            0.6,
            0.7,
            0.8,
            0.85,
            0.9,
            0.95,
            1.0
        ],
        "index": [
            1,
            2,
            3,
            4,
            5,
            6,
            7,
            8,
            9,
            10,
            11,
            12,
            13,
            14
        ]
    },
    "dataset": {
        "timespan": "UnDefined",
        "coverage": "National",
        "measure": "Income",
        "format": "Grouped",
        "source": "HUN_N1989Y",
        "country": "Hungary",
        "year": 1989,
        "iso3c": "HUN"
    },
    "poverty": {
        "FGT2": 0.015325,
        "uses": "GQ",
        "uses_commentary": "(Both are valid and normal, but GQ fits better.)",
        "HC": 0.0538919,
        "PG": 0.0195148,
        "Watt": "0.000152752",
        "elasticity": {
            "HC_wrt_Gini": 12.6236,
            "HC_wrt_mean_C": -3.00132,
            "PG_wrt_mean_C": -1.76159,
            "FGT2_wrt_Gini": 12.7118,
            "FGT2_wrt_mean_C": -0.54678,
            "PG_wrt_Gini": 12.6153
        },
        "line_month_ppp": 57.7917
    }
}