{
    "summary": {
        "sse_up_to_hcindex": 1.22062e-07,
        "Z": {
            "high": 1229.42,
            "low": 35.802
        },
        "lorenz_validity": "Valid",
        "poverty_normality": "Normal",
        "sse_fitted": 1.53358e-05,
        "mean_ppp": 467.731
    },
    "poverty": {
        "HC": 0.169462,
        "PG": 0.157729,
        "Watt": "0",
        "uses_commentary": "(Both are valid and normal, but Beta fits better.)",
        "elasticity": {
            "FGT2_wrt_Gini": 16.2773,
            "HC_wrt_Gini": 8.55253,
            "PG_wrt_Gini": 8.62105,
            "PG_wrt_mean_C": -0.0743868,
            "HC_wrt_mean_C": -1.2057,
            "FGT2_wrt_mean_C": -0.0127608
        },
        "uses": "Beta",
        "line_month_ppp": 57.7917,
        "FGT2": 0.156729
    },
    "lorenz": {
        "index": [
            1,
            2,
            3,
            4,
            5,
            6,
            7,
            8,
            9,
            10
        ],
        "p": [
            0.1,
            0.2,
            0.3,
            0.4,
            0.5,
            0.6,
            0.7,
            0.8,
            0.9,
            1.0
        ],
        "L": [
            0.0407006,
            0.09726587,
            0.1630349,
            0.2363575,
            0.316416,
            0.4051607,
            0.5046019,
            0.6186701,
            0.7596595,
            1.0
        ]
    },
    "dist": {
        "mean_corrected": -0.00725253,
        "uses_commentary": "(Both are valid, but Beta fits better)",
        "MLD": 0.134197,
        "uses": "Beta",
        "median_is_ppp": "(PPP$)",
        "polarization": -148.665,
        "mean_corrected_is_ppp": "(PPP$)",
        "Gini": 27.941,
        "deciles": [
            4.105,
            5.61386,
            6.48579,
            7.28256,
            8.09764,
            8.99527,
            10.0601,
            11.4608,
            13.7044,
            24.1946
        ],
        "mean_poor50_is_ppp": "(PPP$)",
        "mean_poor50": 2.14286,
        "median": 2.89256,
        "median_ppp": 398.83459147875
    },
    "beta": {
        "dist": {
            "mean_corrected_is_ppp": "(PPP$)",
            "mean_corrected": 2.44441,
            "deciles": [
                4.105,
                5.61386,
                6.48579,
                7.28256,
                8.09764,
                8.99527,
                10.0601,
                11.4608,
                13.7044,
                24.1946
            ],
            "Gini": 27.941,
            "MLD": 0.134197,
            "mean_poor50_is_ppp": "(PPP$)",
            "median_is_ppp": "(PPP$)",
            "polarization": -148.665,
            "median": 2.89256,
            "mean_poor50": 2.14286,
            "median_ppp": 398.83459147875
        },
        "implied": {
            "gamma": 0.8848318,
            "delta": 0.4848918,
            "theta": 0.4758864
        },
        "reg": {
            "MSE": 9.548874e-05,
            "params": {
                "A": {
                    "se": 0.0089567,
                    "coef": 0.484892,
                    "t": 54.1372
                }
            },
            "ymean": -1.948152,
            "SST": 1.216452,
            "R2": 0.999529,
            "SSE": 0.0005729324,
            "RMSE": 0.009771834
        },
        "summary": {
            "sse_up_to_hcindex": 1.22062e-07,
            "Z": {
                "high": 1229.42,
                "low": 35.802
            },
            "lorenz_validity": "Valid",
            "poverty_normality": "Normal",
            "sse_fitted": 1.53358e-05,
            "mean_ppp": 467.731
        },
        "poverty": {
            "HC": 0.169462,
            "PG": 0.157729,
            "Watt": "Invalid",
            "elasticity": {
                "FGT2_wrt_Gini": 16.2773,
                "HC_wrt_Gini": 8.55253,
                "PG_wrt_Gini": 8.62105,
                "PG_wrt_mean_C": -0.0743868,
                "HC_wrt_mean_C": -1.2057,
                "FGT2_wrt_mean_C": -0.0127608
            },
            "line_month_ppp": 57.7917,
            "FGT2": 0.156729
        }
    },
    "dataset": {
        "source": "HUN_N1993Y",
        "coverage": "National",
        "format": "Grouped",
        "measure": "Income",
        "country": "Hungary",
        "year": 1993,
        "iso3c": "HUN",
        "timespan": "UnDefined"
    },
    "quadratic": {
        "dist": {
            "mean_corrected_is_ppp": "(PPP$)",
            "mean_corrected": 2.4445,
            "median_ppp": 399.545110103763,
            "deciles": [
                4.29427,
                5.47713,
                6.42893,
                7.28215,
                8.1154,
                8.99814,
                10.0235,
                11.3748,
                13.6039,
                24.4018
            ],
            "Gini": 27.9384,
            "MLD": 0.133844,
            "mean_poor50_is_ppp": "(PPP$)",
            "median_is_ppp": "(PPP$)",
            "polarization": 20.7578,
            "median": 2.89771,
            "mean_poor50": 2.14375
        },
        "reg": {
            "params": {
                "C": {
                    "se": 0.027611,
                    "coef": 0.179686,
                    "t": 6.50784
                },
                "A": {
                    "coef": 0.829498,
                    "se": 0.013602,
                    "t": 60.9852
                },
                "B": {
                    "se": 0.038206,
                    "coef": -1.50516,
                    "t": -39.3958
                }
            },
            "MSE": 1.015397e-06,
            "ymean": 0.1743969,
            "SST": 0.04305192,
            "R2": 0.9998585,
            "SSE": 6.092381e-06,
            "RMSE": 0.001007669
        },
        "summary": {
            "sse_up_to_hcindex": 5.02682e-06,
            "Z": {
                "high": 1268.57,
                "low": 171.525
            },
            "lorenz_validity": "Valid",
            "poverty_normality": "Normal",
            "sse_fitted": 2.71534e-05,
            "mean_ppp": 467.731
        },
        "poverty": {
            "HC": 0.0,
            "PG": 0.0,
            "Watt": "0",
            "elasticity": {
                "FGT2_wrt_Gini": 0.0,
                "HC_wrt_Gini": 0.0,
                "PG_wrt_Gini": 0.0,
                "PG_wrt_mean_C": 0.0,
                "HC_wrt_mean_C": 0.0,
                "FGT2_wrt_mean_C": 0.0
            },
            "line_month_ppp": 57.7917,
            "FGT2": 0.0
        }
    }
}