{
    "beta": {
        "implied": {
            "theta": 0.5459114,
            "gamma": 0.9183543,
            "delta": 0.5489724
        },
        "reg": {
            "RMSE": 0.003548331,
            "R2": 0.9999379,
            "MSE": 1.259065e-05,
            "params": {
                "A": {
                    "se": 0.0032523,
                    "coef": 0.548972,
                    "t": 168.793
                }
            },
            "SST": 1.215614,
            "ymean": -1.896781,
            "SSE": 7.554391e-05
        },
        "elasticity": {
            "PG": {
                "meancons": -1.54395,
                "Gini": 0.49703
            },
            "HC": {
                "meancons": -0.766021,
                "Gini": -0.151452
            },
            "FGT2": {
                "meancons": -2.06171,
                "Gini": 1.19695
            }
        },
        "dist": {
            "polarization": -146.745,
            "median_ppp": 0.00967829,
            "mean_poor50_ppp": 0.00685682,
            "MLD": 0.145966,
            "Gini": 29.3028,
            "mean_corrected_ppp": 0.00801066
        },
        "poverty": {
            "PG": 30.605,
            "Watt": 0.435432,
            "HC": 77.8575,
            "FGT2": 15.07,
            "line_month_ppp": 57.7917
        },
        "deciles": [
            3.78204,
            5.20209,
            6.16003,
            7.07782,
            8.03504,
            9.09259,
            10.3352,
            11.9325,
            14.3827,
            24.0
        ],
        "summary": {
            "mean_ppp": 46.3656,
            "sse": {
                "fitted": 2.1349e-06,
                "tohc": 1.77485e-06
            },
            "normality": "Normal",
            "validity": "Valid",
            "Z": {
                "low": 9.55557,
                "high": 119.28
            }
        }
    },
    "quadratic": {
        "reg": {
            "ymean": 0.1709408,
            "R2": 0.9999794,
            "MSE": 1.538628e-07,
            "params": {
                "C": {
                    "se": 0.010225,
                    "coef": 0.207337,
                    "t": 20.2778
                },
                "A": {
                    "se": 0.0041927,
                    "coef": 0.886867,
                    "t": 211.526
                },
                "B": {
                    "se": 0.014755,
                    "coef": -1.43419,
                    "t": -97.2021
                }
            },
            "SST": 0.0447666,
            "RMSE": 0.0003922535,
            "SSE": 9.231767e-07
        },
        "elasticity": {
            "PG": {
                "meancons": -1.54726,
                "Gini": 0.496376
            },
            "HC": {
                "meancons": -0.730111,
                "Gini": -0.144352
            },
            "FGT2": {
                "meancons": -2.07998,
                "Gini": 1.19334
            }
        },
        "dist": {
            "polarization": 23.8557,
            "median_ppp": 0.00969269,
            "MLD": 0.140554,
            "mean_poor50_ppp": 0.00686452,
            "Gini": 29.2147,
            "mean_corrected_ppp": 0.00802065
        },
        "poverty": {
            "PG": 30.6691,
            "Watt": 0.444522,
            "HC": 78.1222,
            "FGT2": 15.0339,
            "line_month_ppp": 57.7917
        },
        "deciles": [
            3.871,
            5.10626,
            6.14678,
            7.10619,
            8.06077,
            9.0848,
            10.2837,
            11.8682,
            14.4652,
            24.0072
        ],
        "summary": {
            "mean_ppp": 46.3656,
            "sse": {
                "fitted": 2.00385e-06,
                "tohc": 1.55281e-06
            },
            "normality": "Normal",
            "validity": "Valid",
            "Z": {
                "low": 18.6404,
                "high": 128.973
            }
        }
    },
    "elasticity": {
        "PG": {
            "meancons": -1.54726,
            "Gini": 0.496376
        },
        "HC": {
            "meancons": -0.730111,
            "Gini": -0.144352
        },
        "FGT2": {
            "meancons": -2.07998,
            "Gini": 1.19334
        }
    },
    "dist": {
        "polarization": 23.8557,
        "uses_commentary": "(Both are valid and normal, but GQ fits better.)",
        "mean_poor50_ppp": 0.00686452,
        "MLD": 0.140554,
        "uses": "GQ",
        "Gini": 29.2147,
        "median_ppp": 0.00969269,
        "mean_corrected_ppp": -0.000244383
    },
    "poverty": {
        "PG": 30.6691,
        "line_month_ppp": 57.7917,
        "HC": 78.1222,
        "FGT2": 15.0339,
        "Watt": 0.444522
    },
    "deciles": [
        3.871,
        5.10626,
        6.14678,
        7.10619,
        8.06077,
        9.0848,
        10.2837,
        11.8682,
        14.4652,
        24.0072
    ],
    "summary": {
        "mean_ppp": 46.3656,
        "sse": {
            "fitted": 2.00385e-06,
            "tohc": 1.55281e-06
        },
        "normality": "Normal",
        "validity": "Valid",
        "Z": {
            "low": 18.6404,
            "high": 128.973
        }
    },
    "dataset": {
        "country": "Indonesia",
        "source": "IDN_R1984X",
        "timespan": "UnDefined",
        "coverage": "Rural",
        "year": 1984,
        "format": "Grouped",
        "measure": "Consumption",
        "cc3": "IDN"
    },
    "distribution": {
        "L": [
            0.0377,
            0.0899,
            0.1518,
            0.2225,
            0.3028,
            0.3935,
            0.4965,
            0.615,
            0.7606,
            1.0
        ],
        "index": [
            1,
            2,
            3,
            4,
            5,
            6,
            7,
            8,
            9,
            10
        ],
        "p": [
            0.1,
            0.2,
            0.3,
            0.4,
            0.5,
            0.6,
            0.7,
            0.8,
            0.9,
            1.0
        ]
    }
}