{
    "beta": {
        "implied": {
            "theta": 0.5083169,
            "gamma": 0.9243346,
            "delta": 0.5288716
        },
        "reg": {
            "RMSE": 0.004086065,
            "R2": 0.9999216,
            "MSE": 1.669592e-05,
            "params": {
                "A": {
                    "se": 0.0037452,
                    "coef": 0.528872,
                    "t": 141.212
                }
            },
            "SST": 1.278449,
            "ymean": -1.955704,
            "SSE": 0.0001001755
        },
        "elasticity": {
            "PG": {
                "meancons": -1.73953,
                "Gini": 0.547952
            },
            "HC": {
                "meancons": -0.829142,
                "Gini": -0.136816
            },
            "FGT2": {
                "meancons": -2.3813,
                "Gini": 1.27704
            }
        },
        "dist": {
            "polarization": -152.241,
            "median_ppp": 0.0100613,
            "mean_poor50_ppp": 0.00741434,
            "MLD": 0.129669,
            "Gini": 27.7292,
            "mean_corrected_ppp": 0.00852276
        },
        "poverty": {
            "PG": 28.0287,
            "Watt": 0.383188,
            "HC": 76.7854,
            "FGT2": 12.7947,
            "line_month_ppp": 57.7917
        },
        "deciles": [
            4.27731,
            5.51801,
            6.37232,
            7.19918,
            8.069,
            9.0382,
            10.1877,
            11.6823,
            14.0112,
            23.6448
        ],
        "summary": {
            "mean_ppp": 48.2555,
            "sse": {
                "fitted": 2.50664e-06,
                "tohc": 2.08654e-06
            },
            "normality": "Normal",
            "validity": "Valid",
            "Z": {
                "low": 14.0586,
                "high": 121.805
            }
        }
    },
    "quadratic": {
        "reg": {
            "ymean": 0.1740089,
            "R2": 0.9999719,
            "MSE": 1.979822e-07,
            "params": {
                "C": {
                    "se": 0.014074,
                    "coef": 0.245219,
                    "t": 17.4241
                },
                "A": {
                    "se": 0.0061214,
                    "coef": 0.828217,
                    "t": 135.298
                },
                "B": {
                    "se": 0.019258,
                    "coef": -1.42178,
                    "t": -73.8291
                }
            },
            "SST": 0.04227903,
            "RMSE": 0.0004449519,
            "SSE": 1.187893e-06
        },
        "elasticity": {
            "PG": {
                "meancons": -1.74331,
                "Gini": 0.547328
            },
            "HC": {
                "meancons": -0.797302,
                "Gini": -0.131562
            },
            "FGT2": {
                "meancons": -2.40157,
                "Gini": 1.2737
            }
        },
        "dist": {
            "polarization": 22.1031,
            "median_ppp": 0.0100688,
            "MLD": 0.125428,
            "mean_poor50_ppp": 0.00741938,
            "Gini": 27.6497,
            "mean_corrected_ppp": 0.00853214
        },
        "poverty": {
            "PG": 28.0902,
            "Watt": 0.391341,
            "HC": 77.0602,
            "FGT2": 12.7637,
            "line_month_ppp": 57.7917
        },
        "deciles": [
            4.37327,
            5.43309,
            6.35151,
            7.21446,
            8.08487,
            9.02853,
            10.1431,
            11.6281,
            14.0855,
            23.6576
        ],
        "summary": {
            "mean_ppp": 48.2555,
            "sse": {
                "fitted": 2.75001e-06,
                "tohc": 2.14852e-06
            },
            "normality": "Normal",
            "validity": "Valid",
            "Z": {
                "low": 22.2228,
                "high": 131.534
            }
        }
    },
    "elasticity": {
        "PG": {
            "meancons": -1.73953,
            "Gini": 0.547952
        },
        "HC": {
            "meancons": -0.829142,
            "Gini": -0.136816
        },
        "FGT2": {
            "meancons": -2.3813,
            "Gini": 1.27704
        }
    },
    "dist": {
        "polarization": -152.241,
        "uses_commentary": "(Both are valid and normal, but Beta fits better.)",
        "mean_poor50_ppp": 0.00741434,
        "MLD": 0.129669,
        "uses": "Beta",
        "Gini": 27.7292,
        "median_ppp": 0.0100613,
        "mean_corrected_ppp": -0.000244383
    },
    "poverty": {
        "PG": 28.0287,
        "line_month_ppp": 57.7917,
        "HC": 76.7854,
        "FGT2": 12.7947,
        "Watt": 0.383188
    },
    "deciles": [
        4.27731,
        5.51801,
        6.37232,
        7.19918,
        8.069,
        9.0382,
        10.1877,
        11.6823,
        14.0112,
        23.6448
    ],
    "summary": {
        "mean_ppp": 48.2555,
        "sse": {
            "fitted": 2.50664e-06,
            "tohc": 2.08654e-06
        },
        "normality": "Normal",
        "validity": "Valid",
        "Z": {
            "low": 14.0586,
            "high": 121.805
        }
    },
    "dataset": {
        "country": "Indonesia",
        "source": "IDN_R1987X",
        "timespan": "UnDefined",
        "coverage": "Rural",
        "year": 1987,
        "format": "Grouped",
        "measure": "Consumption",
        "cc3": "IDN"
    },
    "distribution": {
        "L": [
            0.0426,
            0.0981,
            0.1621,
            0.2342,
            0.3146,
            0.4044,
            0.5059,
            0.6225,
            0.7642,
            1.0
        ],
        "index": [
            1,
            2,
            3,
            4,
            5,
            6,
            7,
            8,
            9,
            10
        ],
        "p": [
            0.1,
            0.2,
            0.3,
            0.4,
            0.5,
            0.6,
            0.7,
            0.8,
            0.9,
            1.0
        ]
    }
}