{
    "beta": {
        "implied": {
            "theta": 0.60285,
            "gamma": 0.9414931,
            "delta": 0.5038858
        },
        "reg": {
            "RMSE": 0.009895489,
            "R2": 0.99997,
            "MSE": 9.792071e-05,
            "params": {
                "A": {
                    "se": 0.00536,
                    "coef": 0.503886,
                    "t": 94.009
                }
            },
            "SST": 29.37111,
            "ymean": -2.803807,
            "SSE": 0.0008812864
        },
        "elasticity": {
            "PG": {
                "meancons": -2.8825,
                "Gini": 3.1206
            },
            "HC": {
                "meancons": -2.02013,
                "Gini": 1.10338
            },
            "FGT2": {
                "meancons": -3.49479,
                "Gini": 5.00122
            }
        },
        "dist": {
            "polarization": -141.013,
            "median_ppp": 4.81097,
            "mean_poor50_ppp": 3.32526,
            "MLD": 0.187269,
            "Gini": 33.3399,
            "mean_corrected_ppp": 3.97762
        },
        "poverty": {
            "PG": 8.80977,
            "Watt": 0.111004,
            "HC": 34.204,
            "FGT2": 3.20659,
            "line_month_ppp": 57.7917
        },
        "deciles": [
            3.45877,
            4.70258,
            5.62542,
            6.54501,
            7.53183,
            8.64959,
            9.99594,
            11.7754,
            14.6057,
            27.1097
        ],
        "summary": {
            "mean_ppp": 89.3572,
            "sse": {
                "fitted": 3.16041e-05,
                "tohc": 2.30326e-06
            },
            "normality": "Normal",
            "validity": "Valid",
            "Z": {
                "low": 17.4601,
                "high": 263.763
            }
        }
    },
    "quadratic": {
        "reg": {
            "ymean": 0.1113147,
            "R2": 0.9998956,
            "MSE": 1.295036e-06,
            "params": {
                "C": {
                    "se": 0.028029,
                    "coef": 0.284046,
                    "t": 10.134
                },
                "A": {
                    "se": 0.012423,
                    "coef": 0.802012,
                    "t": 64.5593
                },
                "B": {
                    "se": 0.049095,
                    "coef": -1.15099,
                    "t": -23.4441
                }
            },
            "SST": 0.1116663,
            "RMSE": 0.001137996,
            "SSE": 1.165532e-05
        },
        "elasticity": {
            "PG": {
                "meancons": -2.90301,
                "Gini": 3.1318
            },
            "HC": {
                "meancons": -1.96727,
                "Gini": 1.07451
            },
            "FGT2": {
                "meancons": -3.79012,
                "Gini": 5.16253
            }
        },
        "dist": {
            "polarization": 27.6628,
            "median_ppp": 4.78845,
            "MLD": 0.182043,
            "mean_poor50_ppp": 3.31609,
            "Gini": 33.3269,
            "mean_corrected_ppp": 3.9784
        },
        "poverty": {
            "PG": 8.85277,
            "Watt": 0.112358,
            "HC": 34.5525,
            "FGT2": 3.05789,
            "line_month_ppp": 57.7917
        },
        "deciles": [
            3.59129,
            4.61491,
            5.5688,
            6.51192,
            7.49988,
            8.6029,
            9.93673,
            11.7493,
            14.8016,
            27.1227
        ],
        "summary": {
            "mean_ppp": 89.3572,
            "sse": {
                "fitted": 1.90121e-05,
                "tohc": 8.13805e-06
            },
            "normality": "Normal",
            "validity": "Valid",
            "Z": {
                "low": 31.2482,
                "high": 288.072
            }
        }
    },
    "elasticity": {
        "PG": {
            "meancons": -2.8825,
            "Gini": 3.1206
        },
        "HC": {
            "meancons": -2.02013,
            "Gini": 1.10338
        },
        "FGT2": {
            "meancons": -3.49479,
            "Gini": 5.00122
        }
    },
    "dist": {
        "polarization": 27.6628,
        "uses_commentary": "(Both are valid and normal, but GQ fits better.)",
        "mean_poor50_ppp": 3.31609,
        "MLD": 0.182043,
        "uses": "GQ",
        "Gini": 33.3269,
        "median_ppp": 4.78845,
        "mean_corrected_ppp": -0.0667772
    },
    "poverty": {
        "PG": 8.80977,
        "line_month_ppp": 57.7917,
        "HC": 34.204,
        "FGT2": 3.20659,
        "Watt": 0.111004
    },
    "deciles": [
        3.59129,
        4.61491,
        5.5688,
        6.51192,
        7.49988,
        8.6029,
        9.93673,
        11.7493,
        14.8016,
        27.1227
    ],
    "summary": {
        "mean_ppp": 89.3572,
        "sse": {
            "fitted": 1.90121e-05,
            "tohc": 2.30326e-06
        },
        "normality": "Normal",
        "validity": "Valid",
        "Z": {
            "low": 31.2482,
            "high": 288.072
        }
    },
    "dataset": {
        "country": "India",
        "source": "IND_U1983X",
        "timespan": "UnDefined",
        "coverage": "Urban",
        "year": 1983,
        "format": "Grouped",
        "measure": "Consumption",
        "cc3": "IND"
    },
    "distribution": {
        "L": [
            0.0002671737,
            0.001359048,
            0.005261736,
            0.01507945,
            0.03459716,
            0.0794494,
            0.1392585,
            0.2567661,
            0.3664,
            0.5374156,
            0.6569045,
            0.7435297,
            1.0
        ],
        "index": [
            1,
            2,
            3,
            4,
            5,
            6,
            7,
            8,
            9,
            10,
            11,
            12,
            13
        ],
        "p": [
            0.002002002,
            0.007007007,
            0.02102102,
            0.05005005,
            0.0990991,
            0.1941942,
            0.3003003,
            0.4724725,
            0.6036036,
            0.7667668,
            0.8548549,
            0.9069069,
            1.0
        ]
    }
}