{
    "summary": {
        "poverty_normality": "Normal",
        "sse_fitted": 2.30488e-05,
        "sse_up_to_hcindex": 6.09597e-06,
        "Z": {
            "high": 285.782,
            "low": 27.6874
        },
        "mean_month_ppp": 85.6474,
        "lorenz_validity": "Valid"
    },
    "poverty": {
        "uses": "GQ",
        "elasticity": {
            "HC_wrt_Gini": 0.831768,
            "FGT2_wrt_Gini": 4.37423,
            "FGT2_wrt_mean_C": -2.92575,
            "PG_wrt_mean_C": -2.44523,
            "HC_wrt_mean_C": -1.72565,
            "PG_wrt_Gini": 2.66061
        },
        "HC": 39.3937,
        "uses_commentary": "(Both are valid and normal, but GQ fits better.)",
        "line_month_ppp": 57.7917,
        "PG": 11.4343,
        "FGT2": 4.64266,
        "Watt": "0.150296"
    },
    "dist": {
        "MLD": 0.213186,
        "median_ppp": 66.7302127907075,
        "median": 4.45606,
        "mean_corrected": -0.0667772,
        "Gini": 35.7415,
        "median_is_ppp": "(PPP$)",
        "uses": "GQ",
        "mean_poor50": 3.03526,
        "polarization": 28.7193,
        "deciles": [
            3.31858,
            4.35828,
            5.32216,
            6.27183,
            7.26438,
            8.3711,
            9.70922,
            11.5304,
            14.6154,
            29.2387
        ],
        "uses_commentary": "(Both are valid, but GQ fits better)",
        "mean_corrected_is_ppp": "(PPP$)",
        "mean_poor50_is_ppp": "(PPP$)"
    },
    "lorenz": {
        "L": [
            6.278367e-05,
            0.0002184616,
            0.0008419739,
            0.007673552,
            0.01762865,
            0.03389289,
            0.08395653,
            0.1525998,
            0.2283098,
            0.3048332,
            0.4394166,
            0.6583851,
            0.7775866,
            0.8881147,
            1.0
        ],
        "index": [
            1,
            2,
            3,
            4,
            5,
            6,
            7,
            8,
            9,
            10,
            11,
            12,
            13,
            14,
            15
        ],
        "p": [
            0.001401682,
            0.002603124,
            0.006007209,
            0.03193833,
            0.06197437,
            0.1045254,
            0.213356,
            0.335803,
            0.4496396,
            0.5492591,
            0.6953344,
            0.8698438,
            0.9361233,
            0.9796756,
            1.0
        ]
    },
    "dataset": {
        "coverage": "Urban",
        "country": "India",
        "timespan": "UnDefined",
        "source": "IND_U1977X",
        "iso3c": "IND",
        "format": "Grouped",
        "year": 1977,
        "measure": "Consumption"
    },
    "beta": {
        "summary": {
            "poverty_normality": "Normal",
            "sse_fitted": 7.47949e-05,
            "sse_up_to_hcindex": 6.09597e-06,
            "Z": {
                "high": 266.473,
                "low": 12.0993
            },
            "mean_month_ppp": 85.6474,
            "lorenz_validity": "Valid"
        },
        "poverty": {
            "elasticity": {
                "HC_wrt_Gini": 0.831768,
                "FGT2_wrt_Gini": 4.37423,
                "FGT2_wrt_mean_C": -2.92575,
                "HC_wrt_mean_C": -1.72565,
                "PG_wrt_Gini": 2.66061,
                "PG_wrt_mean_C": -2.44523
            },
            "HC": 39.3937,
            "line_month_ppp": 57.7917,
            "PG": 11.4343,
            "FGT2": 4.64266,
            "Watt": "0.150296"
        },
        "dist": {
            "mean_poor50": 3.04305,
            "MLD": 0.215309,
            "median_ppp": 67.379553331508,
            "median": 4.49942,
            "mean_corrected": 3.68727,
            "Gini": 35.5293,
            "deciles": [
                3.12674,
                4.44094,
                5.38659,
                6.32261,
                7.32642,
                8.46682,
                9.84886,
                11.6937,
                14.6753,
                28.7121
            ],
            "mean_corrected_is_ppp": "(PPP$)",
            "median_is_ppp": "(PPP$)",
            "polarization": -138.232,
            "mean_poor50_is_ppp": "(PPP$)"
        },
        "implied": {
            "gamma": 0.9367524,
            "delta": 0.4809363,
            "theta": 0.6250594
        },
        "reg": {
            "RMSE": 0.01579764,
            "params": {
                "A": {
                    "coef": 0.480936,
                    "se": 0.004788,
                    "t": 100.447
                }
            },
            "R2": 0.9999345,
            "SST": 41.90215,
            "ymean": -2.943803,
            "SSE": 0.002745219,
            "MSE": 0.0002495654
        }
    },
    "quadratic": {
        "summary": {
            "poverty_normality": "Normal",
            "sse_fitted": 2.30488e-05,
            "sse_up_to_hcindex": 1.04863e-05,
            "Z": {
                "high": 285.782,
                "low": 27.6874
            },
            "mean_month_ppp": 85.6474,
            "lorenz_validity": "Valid"
        },
        "reg": {
            "RMSE": 0.001082823,
            "params": {
                "C": {
                    "coef": 0.252644,
                    "t": 13.1596,
                    "se": 0.019198
                },
                "A": {
                    "coef": 0.77721,
                    "se": 0.011477,
                    "t": 67.7192
                },
                "B": {
                    "coef": -1.11241,
                    "se": 0.036563,
                    "t": -30.4242
                }
            },
            "R2": 0.9998846,
            "SST": 0.111728,
            "ymean": 0.09976221,
            "SSE": 1.289757e-05,
            "MSE": 1.172506e-06
        },
        "dist": {
            "mean_poor50": 3.03526,
            "MLD": 0.213186,
            "median_ppp": 66.7302127907075,
            "median": 4.45606,
            "mean_corrected": 3.67513,
            "Gini": 35.7415,
            "mean_corrected_is_ppp": "(PPP$)",
            "median_is_ppp": "(PPP$)",
            "mean_poor50_is_ppp": "(PPP$)",
            "deciles": [
                3.31858,
                4.35828,
                5.32216,
                6.27183,
                7.26438,
                8.3711,
                9.70922,
                11.5304,
                14.6154,
                29.2387
            ],
            "polarization": 28.7193
        },
        "poverty": {
            "elasticity": {
                "HC_wrt_Gini": 0.826109,
                "FGT2_wrt_Gini": 4.50325,
                "FGT2_wrt_mean_C": -3.19342,
                "HC_wrt_mean_C": -1.71391,
                "PG_wrt_Gini": 2.68173,
                "PG_wrt_mean_C": -2.48903
            },
            "HC": 39.9166,
            "line_month_ppp": 57.7917,
            "PG": 11.4406,
            "FGT2": 4.4058,
            "Watt": "0.150166"
        }
    }
}