{
    "beta": {
        "summary": {
            "mean_month_ppp": 60.7079,
            "Z": {
                "low": 13.1145,
                "high": 161.401
            },
            "poverty_normality": "Normal",
            "sse_up_to_hcindex": 1.16427e-05,
            "lorenz_validity": "Valid",
            "sse_fitted": 3.01634e-05
        },
        "reg": {
            "params": {
                "A": {
                    "se": 0.0044967,
                    "t": 121.202,
                    "coef": 0.545007
                }
            },
            "RMSE": 0.01325101,
            "SSE": 0.001580304,
            "MSE": 0.0001755893,
            "ymean": -2.451046,
            "R2": 0.9998606,
            "SST": 11.33268
        },
        "dist": {
            "MLD": 0.152771,
            "mean_poor50": 2.41049,
            "deciles": [
                3.7471,
                5.08184,
                6.02797,
                6.95054,
                7.923,
                9.00537,
                10.2844,
                11.9362,
                14.4808,
                24.5629
            ],
            "Gini": 30.1131,
            "median_is_ppp": "(PPP$)",
            "median": 3.42156,
            "mean_corrected_is_ppp": "(PPP$)",
            "polarization": -144.803,
            "mean_poor50_is_ppp": "(PPP$)",
            "median_ppp": 51.2384729209198,
            "mean_corrected": 2.83315
        },
        "poverty": {
            "HC": 59.3443,
            "line_month_ppp": 57.7917,
            "PG": 19.3124,
            "elasticity": {
                "FGT2_wrt_mean_C": -2.63536,
                "FGT2_wrt_Gini": 2.23391,
                "PG_wrt_mean_C": -2.07286,
                "HC_wrt_mean_C": -1.28334,
                "HC_wrt_Gini": 0.0647589,
                "PG_wrt_Gini": 1.15506
            },
            "Watt": "0.259345",
            "FGT2": 8.33263
        },
        "implied": {
            "theta": 0.5633773,
            "delta": 0.5450071,
            "gamma": 0.9297797
        }
    },
    "quadratic": {
        "reg": {
            "params": {
                "C": {
                    "se": 0.012475,
                    "t": 16.2543,
                    "coef": 0.202771
                },
                "A": {
                    "se": 0.0069614,
                    "t": 123.419,
                    "coef": 0.859163
                },
                "B": {
                    "se": 0.019432,
                    "coef": -1.41138,
                    "t": -72.6309
                }
            },
            "RMSE": 0.0006352992,
            "SSE": 3.632446e-06,
            "MSE": 4.036051e-07,
            "SST": 0.08479971,
            "R2": 0.9999572,
            "ymean": 0.1233427
        },
        "dist": {
            "MLD": 0.14989,
            "mean_poor50": 2.42488,
            "deciles": [
                3.83194,
                5.04422,
                6.06716,
                7.01174,
                7.95294,
                8.96436,
                10.1512,
                11.7256,
                14.3268,
                24.924
            ],
            "median": 3.42147,
            "Gini": 30.0593,
            "median_is_ppp": "(PPP$)",
            "mean_corrected": 2.83533,
            "mean_corrected_is_ppp": "(PPP$)",
            "polarization": 23.9923,
            "mean_poor50_is_ppp": "(PPP$)",
            "median_ppp": 51.2371307498512
        },
        "poverty": {
            "HC": 60.0262,
            "line_month_ppp": 57.7917,
            "PG": 19.1661,
            "elasticity": {
                "FGT2_wrt_mean_C": -2.69887,
                "FGT2_wrt_Gini": 2.23711,
                "PG_wrt_mean_C": -2.13189,
                "HC_wrt_mean_C": -1.35314,
                "HC_wrt_Gini": 0.0682811,
                "PG_wrt_Gini": 1.15804
            },
            "Watt": "0.261757",
            "FGT2": 8.15776
        },
        "summary": {
            "mean_month_ppp": 60.7079,
            "Z": {
                "low": 23.0183,
                "high": 174.994
            },
            "poverty_normality": "Normal",
            "sse_up_to_hcindex": 6.6868e-06,
            "lorenz_validity": "Valid",
            "sse_fitted": 1.0199e-05
        }
    },
    "dataset": {
        "iso3c": "IND",
        "country": "India",
        "source": "IND_R1983X",
        "format": "Grouped",
        "measure": "Consumption",
        "timespan": "UnDefined",
        "coverage": "Rural",
        "year": 1983
    },
    "dist": {
        "Gini": 30.0593,
        "median_is_ppp": "(PPP$)",
        "polarization": 23.9923,
        "mean_corrected_is_ppp": "(PPP$)",
        "median": 3.42147,
        "median_ppp": 51.2371307498512,
        "MLD": 0.14989,
        "mean_poor50": 2.42488,
        "deciles": [
            3.83194,
            5.04422,
            6.06716,
            7.01174,
            7.95294,
            8.96436,
            10.1512,
            11.7256,
            14.3268,
            24.924
        ],
        "uses": "GQ",
        "mean_poor50_is_ppp": "(PPP$)",
        "mean_corrected": -0.0667772,
        "uses_commentary": "(Both are valid, but GQ fits better)"
    },
    "lorenz": {
        "index": [
            1,
            2,
            3,
            4,
            5,
            6,
            7,
            8,
            9,
            10,
            11,
            12,
            13
        ],
        "L": [
            0.001991515,
            0.009945133,
            0.03052146,
            0.06927468,
            0.1254779,
            0.2300284,
            0.3415817,
            0.5101806,
            0.6315733,
            0.7805841,
            0.8593205,
            0.9028459,
            1.0
        ],
        "p": [
            0.009,
            0.034,
            0.085,
            0.164,
            0.261,
            0.413,
            0.549,
            0.719,
            0.819,
            0.917,
            0.957,
            0.975,
            1.0
        ]
    },
    "poverty": {
        "HC": 60.0262,
        "line_month_ppp": 57.7917,
        "PG": 19.1661,
        "Watt": "0.261757",
        "FGT2": 8.15776,
        "elasticity": {
            "HC_wrt_mean_C": -1.35314,
            "FGT2_wrt_Gini": 2.23711,
            "PG_wrt_mean_C": -2.13189,
            "FGT2_wrt_mean_C": -2.69887,
            "HC_wrt_Gini": 0.0682811,
            "PG_wrt_Gini": 1.15804
        },
        "uses": "GQ",
        "uses_commentary": "(Both are valid and normal, but GQ fits better.)"
    },
    "summary": {
        "mean_month_ppp": 60.7079,
        "Z": {
            "low": 23.0183,
            "high": 174.994
        },
        "poverty_normality": "Normal",
        "sse_up_to_hcindex": 6.6868e-06,
        "lorenz_validity": "Valid",
        "sse_fitted": 1.0199e-05
    }
}