{
    "beta": {
        "implied": {
            "theta": 0.6419358,
            "gamma": 0.9618789,
            "delta": 0.4878966
        },
        "reg": {
            "RMSE": 0.01016432,
            "R2": 0.9997351,
            "MSE": 0.0001033135,
            "params": {
                "A": {
                    "se": 0.004449,
                    "coef": 0.487897,
                    "t": 109.665
                }
            },
            "SST": 3.120292,
            "ymean": -1.855062,
            "SSE": 0.0008265076
        },
        "elasticity": {
            "PG": {
                "meancons": -3.04291,
                "Gini": 3.86337
            },
            "HC": {
                "meancons": -2.04224,
                "Gini": 1.44641
            },
            "FGT2": {
                "meancons": -3.84757,
                "Gini": 6.14152
            }
        },
        "dist": {
            "polarization": -138.989,
            "median_ppp": 5.12382,
            "mean_poor50_ppp": 3.49399,
            "MLD": 0.211832,
            "Gini": 35.5967,
            "mean_corrected_ppp": 4.24573
        },
        "poverty": {
            "PG": 7.70436,
            "Watt": 0.095585,
            "HC": 31.148,
            "FGT2": 2.63506,
            "line_month_ppp": 57.7917
        },
        "deciles": [
            3.34286,
            4.41422,
            5.30074,
            6.21777,
            7.22453,
            8.38412,
            9.80042,
            11.6969,
            14.7567,
            28.8617
        ],
        "summary": {
            "mean_ppp": 98.7224,
            "sse": {
                "fitted": 2.59519e-05,
                "tohc": 5.87351e-06
            },
            "normality": "Normal",
            "validity": "Valid",
            "Z": {
                "low": 23.4799,
                "high": 310.501
            }
        }
    },
    "quadratic": {
        "reg": {
            "ymean": 0.1567888,
            "R2": 0.9999157,
            "MSE": 6.726127e-07,
            "params": {
                "C": {
                    "se": 0.015729,
                    "coef": 0.298929,
                    "t": 19.0051
                },
                "A": {
                    "se": 0.0089945,
                    "coef": 0.749912,
                    "t": 83.3745
                },
                "B": {
                    "se": 0.029347,
                    "coef": -1.03207,
                    "t": -35.1675
                }
            },
            "SST": 0.06383669,
            "RMSE": 0.0008201297,
            "SSE": 5.380902e-06
        },
        "elasticity": {
            "PG": {
                "meancons": -3.10736,
                "Gini": 3.90903
            },
            "HC": {
                "meancons": -2.05596,
                "Gini": 1.45613
            },
            "FGT2": {
                "meancons": -4.11995,
                "Gini": 6.33444
            }
        },
        "dist": {
            "polarization": 29.0464,
            "median_ppp": 5.10037,
            "MLD": 0.208996,
            "mean_poor50_ppp": 3.5068,
            "Gini": 35.5693,
            "mean_corrected_ppp": 4.24754
        },
        "poverty": {
            "PG": 7.53688,
            "Watt": 0.0941884,
            "HC": 30.9567,
            "FGT2": 2.46305,
            "line_month_ppp": 57.7917
        },
        "deciles": [
            3.44459,
            4.39835,
            5.31108,
            6.23174,
            7.21149,
            8.31966,
            9.675,
            11.5368,
            14.7129,
            29.1584
        ],
        "summary": {
            "mean_ppp": 98.7224,
            "sse": {
                "fitted": 7.54181e-06,
                "tohc": 3.61307e-06
            },
            "normality": "Normal",
            "validity": "Valid",
            "Z": {
                "low": 33.1277,
                "high": 335.758
            }
        }
    },
    "elasticity": {
        "PG": {
            "meancons": -3.10736,
            "Gini": 3.90903
        },
        "HC": {
            "meancons": -2.05596,
            "Gini": 1.45613
        },
        "FGT2": {
            "meancons": -4.11995,
            "Gini": 6.33444
        }
    },
    "dist": {
        "polarization": 29.0464,
        "uses_commentary": "(Both are valid and normal, but GQ fits better.)",
        "mean_poor50_ppp": 3.5068,
        "MLD": 0.208996,
        "uses": "GQ",
        "Gini": 35.5693,
        "median_ppp": 5.10037,
        "mean_corrected_ppp": -0.0667772
    },
    "poverty": {
        "PG": 7.53688,
        "line_month_ppp": 57.7917,
        "HC": 30.9567,
        "FGT2": 2.46305,
        "Watt": 0.0941884
    },
    "deciles": [
        3.44459,
        4.39835,
        5.31108,
        6.23174,
        7.21149,
        8.31966,
        9.675,
        11.5368,
        14.7129,
        29.1584
    ],
    "summary": {
        "mean_ppp": 98.7224,
        "sse": {
            "fitted": 7.54181e-06,
            "tohc": 3.61307e-06
        },
        "normality": "Normal",
        "validity": "Valid",
        "Z": {
            "low": 33.1277,
            "high": 335.758
        }
    },
    "dataset": {
        "country": "India",
        "source": "IND_U1987X",
        "timespan": "UnDefined",
        "coverage": "Urban",
        "year": 1987,
        "format": "Grouped",
        "measure": "Consumption",
        "cc3": "IND"
    },
    "distribution": {
        "L": [
            0.01831546,
            0.04742803,
            0.1040838,
            0.1770574,
            0.2490862,
            0.3291538,
            0.4303272,
            0.539059,
            0.649232,
            0.7757708,
            0.861379,
            1.0
        ],
        "index": [
            1,
            2,
            3,
            4,
            5,
            6,
            7,
            8,
            9,
            10,
            11,
            12
        ],
        "p": [
            0.06106106,
            0.1331331,
            0.2492492,
            0.3733734,
            0.4774775,
            0.5775776,
            0.6856857,
            0.7827828,
            0.8628629,
            0.9349349,
            0.970971,
            1.0
        ]
    }
}