{
    "dist": {
        "mean_corrected": -0.000199945,
        "Gini": 42.9984,
        "polarization": 38.0939,
        "median_is_ppp": "(PPP$)",
        "poverty_uses_commentary": "(Both are valid and normal, but GQ fits better.)",
        "mean_poor50_is_ppp": "(PPP$)",
        "poverty_uses": "GQ",
        "MLD": 0.31475,
        "mean_poor50": 0.0469312,
        "uses_commentary": "(Both are valid, but GQ fits better)",
        "deciles": [
            2.23316,
            3.26882,
            4.2969,
            5.36361,
            6.52455,
            7.86175,
            9.52183,
            11.8304,
            15.8064,
            33.2926
        ],
        "HC": 0.238824,
        "mean_corrected_is_ppp": "(PPP$)",
        "median": 0.0774146,
        "median_ppp": 387.178651864746,
        "FGT2": 0.0342729,
        "Watt": "0.000671515",
        "PG": 0.0635861,
        "elasticity": {
            "FGT2_wrt_Gini": 33.0347,
            "HC_wrt_Gini": 31.2255,
            "PG_wrt_mean_C": -2.75591,
            "FGT2_wrt_mean_C": -1.71058,
            "PG_wrt_Gini": 32.4139,
            "HC_wrt_mean_C": -3.73339
        },
        "uses": "GQ"
    },
    "beta": {
        "reg": {
            "ymean": -1.531518,
            "R2": 0.9998794,
            "SST": 1.611801,
            "RMSE": 0.00569115,
            "MSE": 3.238918e-05,
            "params": {
                "C": {
                    "se": 0.0052164,
                    "t": 90.9668,
                    "coef": 0.474522
                },
                "A": {
                    "se": 0.009019,
                    "t": -28.812,
                    "coef": -0.259856
                },
                "B": {
                    "se": 0.0052164,
                    "t": 186.006,
                    "coef": 0.970286
                }
            },
            "SSE": 0.0001943351
        },
        "inputs": {
            "line_month_ppp": 57.7917
        },
        "dist": {
            "mean_corrected": 0.113364,
            "Gini": 43.128,
            "polarization": -121.061,
            "PG": 0.0635861,
            "elasticity": {
                "FGT2_wrt_Gini": 33.0347,
                "HC_wrt_Gini": 31.2255,
                "PG_wrt_mean_C": -2.75591,
                "FGT2_wrt_mean_C": -1.71058,
                "PG_wrt_Gini": 32.4139,
                "HC_wrt_mean_C": -3.73339
            },
            "median_is_ppp": "(PPP$)",
            "MLD": 0.322223,
            "HC": 0.238824,
            "mean_poor50": 0.0863988,
            "deciles": [
                2.14499,
                3.30179,
                4.30907,
                5.36943,
                6.54675,
                7.91506,
                9.60024,
                11.8766,
                15.5893,
                33.3467
            ],
            "mean_corrected_is_ppp": "(PPP$)",
            "median": 0.143344,
            "Watt": "0.000671515",
            "median_ppp": 389.153583441371,
            "mean_poor50_is_ppp": "(PPP$)",
            "FGT2": 0.0342729
        },
        "summary": {
            "Z": {
                "high": 1990.83,
                "low": 48.4587
            },
            "lorenz_validity": "Valid",
            "sse_fitted": 1.13964e-05,
            "mean_month_ppp": 541.152,
            "sse_up_to_hcindex": 1.53376e-07,
            "poverty_normality": "Normal"
        },
        "implied": {
            "gamma": 0.9702859,
            "theta": 0.7711623,
            "delta": 0.4745218
        }
    },
    "inputs": {
        "line_month_ppp": 57.7917
    },
    "dataset": {
        "coverage": "National",
        "iso3c": "IRN",
        "format": "Grouped",
        "year": 1994,
        "measure": "Consumption",
        "source": "IRN_N1994X",
        "country": "Iran, Islamic Republic of",
        "timespan": "UnDefined"
    },
    "lorenz": {
        "index": [
            1,
            2,
            3,
            4,
            5,
            6,
            7,
            8,
            9,
            10
        ],
        "p": [
            0.1,
            0.2,
            0.3,
            0.4,
            0.5,
            0.6,
            0.7,
            0.8,
            0.9,
            1.0
        ],
        "L": [
            0.02105822,
            0.05492264,
            0.09864257,
            0.1522035,
            0.2168992,
            0.2950569,
            0.3902544,
            0.5087783,
            0.6680079,
            1.0
        ]
    },
    "summary": {
        "Z": {
            "high": 2179.79,
            "low": 96.6508
        },
        "poverty_normality": "Normal",
        "sse_fitted": 3.71038e-06,
        "mean_month_ppp": 541.152,
        "lorenz_validity": "Valid",
        "sse_up_to_hcindex": 1.53376e-07
    },
    "quadratic": {
        "reg": {
            "ymean": 0.1531084,
            "R2": 0.9998996,
            "SST": 0.05707736,
            "RMSE": 0.0009773264,
            "MSE": 9.55167e-07,
            "params": {
                "C": {
                    "se": 0.015398,
                    "t": 15.4147,
                    "coef": 0.237352
                },
                "A": {
                    "se": 0.0067831,
                    "t": 124.707,
                    "coef": 0.845896
                },
                "B": {
                    "se": 0.041334,
                    "t": -16.647,
                    "coef": -0.688079
                }
            },
            "SSE": 5.731002e-06
        },
        "inputs": {
            "line_month_ppp": 57.7917
        },
        "dist": {
            "mean_corrected": 0.113623,
            "Gini": 42.9984,
            "polarization": 38.0939,
            "PG": 0.0,
            "elasticity": {
                "FGT2_wrt_Gini": 0.0,
                "HC_wrt_Gini": 0.0,
                "PG_wrt_mean_C": 0.0,
                "FGT2_wrt_mean_C": 0.0,
                "PG_wrt_Gini": 0.0,
                "HC_wrt_mean_C": 0.0
            },
            "median_is_ppp": "(PPP$)",
            "MLD": 0.31475,
            "HC": 0.0,
            "mean_poor50": 0.0864586,
            "deciles": [
                2.23316,
                3.26882,
                4.2969,
                5.36361,
                6.52455,
                7.86175,
                9.52183,
                11.8304,
                15.8064,
                33.2926
            ],
            "mean_corrected_is_ppp": "(PPP$)",
            "median": 0.142617,
            "Watt": "0",
            "median_ppp": 387.178651864746,
            "mean_poor50_is_ppp": "(PPP$)",
            "FGT2": 0.0
        },
        "summary": {
            "Z": {
                "high": 2179.79,
                "low": 96.6508
            },
            "lorenz_validity": "Valid",
            "sse_fitted": 3.71038e-06,
            "mean_month_ppp": 541.152,
            "sse_up_to_hcindex": 1.62139e-06,
            "poverty_normality": "Normal"
        }
    }
}