{
    "distribution": {
        "index": [
            1,
            2,
            3,
            4,
            5,
            6,
            7,
            8,
            9,
            10
        ],
        "L": [
            0.01957157,
            0.0513704,
            0.09338639,
            0.1452897,
            0.2087864,
            0.2861481,
            0.3811085,
            0.5010782,
            0.6633697,
            1.0
        ],
        "p": [
            0.1,
            0.2,
            0.3,
            0.4,
            0.5,
            0.6,
            0.7,
            0.8,
            0.9,
            1.0
        ]
    },
    "deciles": [
        2.06893,
        3.08783,
        4.11757,
        5.20134,
        6.39452,
        7.78185,
        9.51739,
        11.9452,
        16.1408,
        33.7446
    ],
    "elasticity": {
        "HC": {
            "Gini": 47.761,
            "meancons": -4.97138
        },
        "PG": {
            "Gini": 48.7618,
            "meancons": -3.97147
        },
        "FGT2": {
            "Gini": 49.3316,
            "meancons": -2.92669
        }
    },
    "dist": {
        "MLD": 0.333272,
        "mean_corrected": -0.000199945,
        "Gini": 44.0956,
        "mean_corrected_is_ppp": "(PPP$)",
        "uses_commentary": "(Both are valid, but GQ fits better)",
        "mean_poor50": 0.0511604,
        "polarization": 40.2023,
        "median_ppp": 431.946543974385,
        "median": 0.0863658,
        "uses": "GQ",
        "median_is_ppp": "(PPP$)",
        "mean_poor50_is_ppp": "(PPP$)"
    },
    "dataset": {
        "country": "Iran, Islamic Republic of",
        "timespan": "UnDefined",
        "year": 1998,
        "measure": "Consumption",
        "cc3": "IRN",
        "format": "Grouped",
        "coverage": "National",
        "source": "IRN_N1998X"
    },
    "beta": {
        "reg": {
            "RMSE": 0.006494687,
            "SST": 1.633156,
            "SSE": 0.0002530858,
            "params": {
                "A": {
                    "coef": 0.483068,
                    "se": 0.0059529,
                    "t": 81.1479
                }
            },
            "R2": 0.999845,
            "MSE": 4.218096e-05,
            "ymean": -1.506165
        },
        "deciles": [
            2.00042,
            3.09398,
            4.11366,
            5.20678,
            6.43073,
            7.85881,
            9.61937,
            11.9939,
            15.8478,
            33.8346
        ],
        "elasticity": {
            "HC": {
                "Gini": 47.761,
                "meancons": -4.97138
            },
            "PG": {
                "Gini": 48.7618,
                "meancons": -3.97147
            },
            "FGT2": {
                "Gini": 49.3316,
                "meancons": -2.92669
            }
        },
        "dist": {
            "MLD": 0.34077,
            "median": 0.160381,
            "mean_corrected": 0.125888,
            "Gini": 44.2482,
            "mean_corrected_is_ppp": "(PPP$)",
            "median_is_ppp": "(PPP$)",
            "mean_poor50_is_ppp": "(PPP$)",
            "polarization": -117.853,
            "mean_poor50": 0.0941386,
            "median_ppp": 435.40506021233
        },
        "poverty": {
            "HC": 0.0901664,
            "line_month_ppp": 57.7917,
            "FGT2": 0.00736267,
            "Watt": "0.000191617",
            "PG": 0.0181368
        },
        "implied": {
            "theta": 0.8037394,
            "delta": 0.4830684,
            "gamma": 0.9799442
        },
        "summary": {
            "Z": {
                "low": 62.9873,
                "high": 2298.98
            },
            "normality": "Normal",
            "mean_ppp": 613.007,
            "validity": "Valid",
            "sse": {
                "tohc": 1.87182e-07,
                "fitted": 1.6165e-05
            }
        }
    },
    "poverty": {
        "PG": 0.0181368,
        "FGT2": 0.00736267,
        "uses": "GQ",
        "uses_commentary": "(Both are valid and normal, but GQ fits better.)",
        "HC": 0.0901664,
        "line_month_ppp": 57.7917,
        "Watt": "0.000191617"
    },
    "summary": {
        "Z": {
            "low": 99.8424,
            "high": 2543.75
        },
        "sse": {
            "tohc": 1.87182e-07,
            "fitted": 3.14439e-06
        },
        "normality": "Normal",
        "mean_ppp": 613.007,
        "validity": "Valid"
    },
    "quadratic": {
        "reg": {
            "RMSE": 0.0009895177,
            "SST": 0.05822173,
            "SSE": 5.874872e-06,
            "params": {
                "B": {
                    "se": 0.043159,
                    "coef": -0.563045,
                    "t": -13.046
                },
                "C": {
                    "coef": 0.241194,
                    "se": 0.014943,
                    "t": 16.1407
                },
                "A": {
                    "coef": 0.874904,
                    "se": 0.0066698,
                    "t": 131.175
                }
            },
            "R2": 0.9998991,
            "MSE": 9.791453e-07,
            "ymean": 0.1506002
        },
        "deciles": [
            2.06893,
            3.08783,
            4.11757,
            5.20134,
            6.39452,
            7.78185,
            9.51739,
            11.9452,
            16.1408,
            33.7446
        ],
        "elasticity": {
            "HC": {
                "Gini": 0.0,
                "meancons": 0.0
            },
            "PG": {
                "Gini": 0.0,
                "meancons": 0.0
            },
            "FGT2": {
                "Gini": 0.0,
                "meancons": 0.0
            }
        },
        "dist": {
            "MLD": 0.333272,
            "median": 0.159107,
            "mean_corrected": 0.126232,
            "Gini": 44.0956,
            "mean_corrected_is_ppp": "(PPP$)",
            "median_is_ppp": "(PPP$)",
            "mean_poor50_is_ppp": "(PPP$)",
            "polarization": 40.2023,
            "mean_poor50": 0.0942498,
            "median_ppp": 431.946543974385
        },
        "poverty": {
            "HC": 0.0,
            "line_month_ppp": 57.7917,
            "Watt": "0",
            "FGT2": 0.0,
            "PG": 0.0
        },
        "summary": {
            "Z": {
                "low": 99.8424,
                "high": 2543.75
            },
            "sse": {
                "tohc": 1.2493e-06,
                "fitted": 3.14439e-06
            },
            "normality": "Normal",
            "mean_ppp": 613.007,
            "validity": "Valid"
        }
    }
}