{
    "beta": {
        "implied": {
            "theta": 0.7711623,
            "gamma": 0.9702859,
            "delta": 0.4745218
        },
        "reg": {
            "RMSE": 0.00569115,
            "R2": 0.9998794,
            "MSE": 3.238918e-05,
            "params": {
                "A": {
                    "se": 0.0052164,
                    "coef": 0.474522,
                    "t": 90.9668
                }
            },
            "SST": 1.611801,
            "ymean": -1.531518,
            "SSE": 0.0001943351
        },
        "elasticity": {
            "PG": {
                "meancons": -4.16219,
                "Gini": 22.0764
            },
            "HC": {
                "meancons": -3.94055,
                "Gini": 16.0887
            },
            "FGT2": {
                "meancons": -3.94314,
                "Gini": 26.2649
            }
        },
        "dist": {
            "polarization": -121.494,
            "median_ppp": 0.0778095,
            "mean_poor50_ppp": 0.0468987,
            "MLD": 0.322223,
            "Gini": 43.128,
            "mean_corrected_ppp": 0.061536
        },
        "poverty": {
            "PG": 0.615927,
            "Watt": 0.00791631,
            "HC": 3.17953,
            "FGT2": 0.207273,
            "line_month_ppp": 57.7917
        },
        "deciles": [
            2.14499,
            3.30179,
            4.30907,
            5.36943,
            6.54675,
            7.91506,
            9.60024,
            11.8766,
            15.5893,
            33.3467
        ],
        "summary": {
            "mean_ppp": 293.746,
            "sse": {
                "fitted": 1.13964e-05,
                "tohc": 1.53376e-07
            },
            "normality": "Normal",
            "validity": "Valid",
            "Z": {
                "low": 28.1329,
                "high": 1078.83
            }
        }
    },
    "quadratic": {
        "reg": {
            "ymean": 0.1531084,
            "R2": 0.9998996,
            "MSE": 9.55167e-07,
            "params": {
                "C": {
                    "se": 0.015398,
                    "coef": 0.237352,
                    "t": 15.4147
                },
                "A": {
                    "se": 0.0067831,
                    "coef": 0.845896,
                    "t": 124.707
                },
                "B": {
                    "se": 0.041334,
                    "coef": -0.688079,
                    "t": -16.647
                }
            },
            "SST": 0.05707736,
            "RMSE": 0.0009773264,
            "SSE": 5.731002e-06
        },
        "elasticity": {
            "PG": {
                "meancons": -13.8259,
                "Gini": 61.5318
            },
            "HC": {
                "meancons": -7.45335,
                "Gini": 30.4309
            },
            "FGT2": {
                "meancons": -20.2077,
                "Gini": 92.6709
            }
        },
        "dist": {
            "polarization": 38.0939,
            "median_ppp": 0.0774146,
            "MLD": 0.31475,
            "mean_poor50_ppp": 0.0469312,
            "Gini": 42.9984,
            "mean_corrected_ppp": 0.0616763
        },
        "poverty": {
            "PG": 0.166712,
            "Watt": 0.00218531,
            "HC": 2.47165,
            "FGT2": 0.0150138,
            "line_month_ppp": 57.7917
        },
        "deciles": [
            2.23316,
            3.26882,
            4.2969,
            5.36361,
            6.52455,
            7.86175,
            9.52183,
            11.8304,
            15.8064,
            33.2926
        ],
        "summary": {
            "mean_ppp": 293.746,
            "sse": {
                "fitted": 3.71038e-06,
                "tohc": 1.62139e-06
            },
            "normality": "Normal",
            "validity": "Valid",
            "Z": {
                "low": 54.2924,
                "high": 1181.4
            }
        }
    },
    "elasticity": {
        "PG": {
            "meancons": -4.16219,
            "Gini": 22.0764
        },
        "HC": {
            "meancons": -3.94055,
            "Gini": 16.0887
        },
        "FGT2": {
            "meancons": -3.94314,
            "Gini": 26.2649
        }
    },
    "dist": {
        "polarization": 38.0939,
        "uses_commentary": "(Both are valid and normal, but GQ fits better.)",
        "mean_poor50_ppp": 0.0469312,
        "MLD": 0.31475,
        "uses": "GQ",
        "Gini": 42.9984,
        "median_ppp": 0.0774146,
        "mean_corrected_ppp": -0.000368348
    },
    "poverty": {
        "PG": 0.615927,
        "line_month_ppp": 57.7917,
        "HC": 3.17953,
        "FGT2": 0.207273,
        "Watt": 0.00791631
    },
    "deciles": [
        2.23316,
        3.26882,
        4.2969,
        5.36361,
        6.52455,
        7.86175,
        9.52183,
        11.8304,
        15.8064,
        33.2926
    ],
    "summary": {
        "mean_ppp": 293.746,
        "sse": {
            "fitted": 3.71038e-06,
            "tohc": 1.53376e-07
        },
        "normality": "Normal",
        "validity": "Valid",
        "Z": {
            "low": 54.2924,
            "high": 1181.4
        }
    },
    "dataset": {
        "country": "Iran, Islamic Republic of",
        "source": "IRN_N1994X",
        "timespan": "UnDefined",
        "coverage": "National",
        "year": 1994,
        "format": "Grouped",
        "measure": "Consumption",
        "cc3": "IRN"
    },
    "distribution": {
        "L": [
            0.02105822,
            0.05492264,
            0.09864257,
            0.1522035,
            0.2168992,
            0.2950569,
            0.3902544,
            0.5087783,
            0.6680079,
            1.0
        ],
        "index": [
            1,
            2,
            3,
            4,
            5,
            6,
            7,
            8,
            9,
            10
        ],
        "p": [
            0.1,
            0.2,
            0.3,
            0.4,
            0.5,
            0.6,
            0.7,
            0.8,
            0.9,
            1.0
        ]
    }
}