{
    "beta": {
        "implied": {
            "theta": 0.8037394,
            "gamma": 0.9799442,
            "delta": 0.4830684
        },
        "reg": {
            "RMSE": 0.006494687,
            "R2": 0.999845,
            "MSE": 4.218096e-05,
            "params": {
                "A": {
                    "se": 0.0059529,
                    "coef": 0.483068,
                    "t": 81.1479
                }
            },
            "SST": 1.633156,
            "ymean": -1.506165,
            "SSE": 0.0002530858
        },
        "elasticity": {
            "PG": {
                "meancons": -5.20947,
                "Gini": 30.5432
            },
            "HC": {
                "meancons": -4.54951,
                "Gini": 21.6455
            },
            "FGT2": {
                "meancons": -5.35519,
                "Gini": 36.9942
            }
        },
        "dist": {
            "polarization": -118.24,
            "median_ppp": 0.0870573,
            "mean_poor50_ppp": 0.0511,
            "MLD": 0.34077,
            "Gini": 44.2482,
            "mean_corrected_ppp": 0.0683339
        },
        "poverty": {
            "PG": 0.412061,
            "Watt": 0.00489189,
            "HC": 2.55868,
            "FGT2": 0.112046,
            "line_month_ppp": 57.7917
        },
        "deciles": [
            2.00042,
            3.09398,
            4.11366,
            5.20678,
            6.43073,
            7.85881,
            9.61937,
            11.9939,
            15.8478,
            33.8346
        ],
        "summary": {
            "mean_ppp": 332.75,
            "sse": {
                "fitted": 1.6165e-05,
                "tohc": 1.87182e-07
            },
            "normality": "Normal",
            "validity": "Valid",
            "Z": {
                "low": 36.0193,
                "high": 1246.1
            }
        }
    },
    "quadratic": {
        "reg": {
            "ymean": 0.1506002,
            "R2": 0.9998991,
            "MSE": 9.791453e-07,
            "params": {
                "C": {
                    "se": 0.014943,
                    "coef": 0.241194,
                    "t": 16.1407
                },
                "A": {
                    "se": 0.0066698,
                    "coef": 0.874904,
                    "t": 131.175
                },
                "B": {
                    "se": 0.043159,
                    "coef": -0.563045,
                    "t": -13.046
                }
            },
            "SST": 0.05822173,
            "RMSE": 0.0009895177,
            "SSE": 5.874872e-06
        },
        "elasticity": {
            "PG": {
                "meancons": -17.9282,
                "Gini": 91.0559
            },
            "HC": {
                "meancons": -9.4883,
                "Gini": 45.143
            },
            "FGT2": {
                "meancons": -26.3738,
                "Gini": 136.995
            }
        },
        "dist": {
            "polarization": 40.2023,
            "median_ppp": 0.0863658,
            "MLD": 0.333272,
            "mean_poor50_ppp": 0.0511604,
            "Gini": 44.0956,
            "mean_corrected_ppp": 0.0685209
        },
        "poverty": {
            "PG": 0.0932685,
            "Watt": 0.000986959,
            "HC": 1.76541,
            "FGT2": 0.00657428,
            "line_month_ppp": 57.7917
        },
        "deciles": [
            2.06893,
            3.08783,
            4.11757,
            5.20134,
            6.39452,
            7.78185,
            9.51739,
            11.9452,
            16.1408,
            33.7446
        ],
        "summary": {
            "mean_ppp": 332.75,
            "sse": {
                "fitted": 3.14439e-06,
                "tohc": 1.2493e-06
            },
            "normality": "Normal",
            "validity": "Valid",
            "Z": {
                "low": 56.0248,
                "high": 1378.96
            }
        }
    },
    "elasticity": {
        "PG": {
            "meancons": -5.20947,
            "Gini": 30.5432
        },
        "HC": {
            "meancons": -4.54951,
            "Gini": 21.6455
        },
        "FGT2": {
            "meancons": -5.35519,
            "Gini": 36.9942
        }
    },
    "dist": {
        "polarization": 40.2023,
        "uses_commentary": "(Both are valid and normal, but GQ fits better.)",
        "mean_poor50_ppp": 0.0511604,
        "MLD": 0.333272,
        "uses": "GQ",
        "Gini": 44.0956,
        "median_ppp": 0.0863658,
        "mean_corrected_ppp": -0.000368348
    },
    "poverty": {
        "PG": 0.412061,
        "line_month_ppp": 57.7917,
        "HC": 2.55868,
        "FGT2": 0.112046,
        "Watt": 0.00489189
    },
    "deciles": [
        2.06893,
        3.08783,
        4.11757,
        5.20134,
        6.39452,
        7.78185,
        9.51739,
        11.9452,
        16.1408,
        33.7446
    ],
    "summary": {
        "mean_ppp": 332.75,
        "sse": {
            "fitted": 3.14439e-06,
            "tohc": 1.87182e-07
        },
        "normality": "Normal",
        "validity": "Valid",
        "Z": {
            "low": 56.0248,
            "high": 1378.96
        }
    },
    "dataset": {
        "country": "Iran, Islamic Republic of",
        "source": "IRN_N1998X",
        "timespan": "UnDefined",
        "coverage": "National",
        "year": 1998,
        "format": "Grouped",
        "measure": "Consumption",
        "cc3": "IRN"
    },
    "distribution": {
        "L": [
            0.01957157,
            0.0513704,
            0.09338639,
            0.1452897,
            0.2087864,
            0.2861481,
            0.3811085,
            0.5010782,
            0.6633697,
            1.0
        ],
        "index": [
            1,
            2,
            3,
            4,
            5,
            6,
            7,
            8,
            9,
            10
        ],
        "p": [
            0.1,
            0.2,
            0.3,
            0.4,
            0.5,
            0.6,
            0.7,
            0.8,
            0.9,
            1.0
        ]
    }
}