{
    "sample": {
        "effective_pop_wealth_is_ppp": "(PPP$)",
        "month_min_is_ppp": "(PPP$)",
        "effective_pop_N": 99.999,
        "N": 300,
        "effective_pop_wealth": 90549.9,
        "month_max_is_ppp": "(PPP$)",
        "month_min": 10.5329,
        "month_max": 12276.9
    },
    "dataset": {
        "iso3c": "ISR",
        "country": "Israel",
        "timespan": "UnDefined",
        "format": "Unit record",
        "measure": "Income",
        "source": "ISR_N2010Y",
        "coverage": "National",
        "year": 2010
    },
    "dist": {
        "MLD": 0.337911,
        "deciles": [
            1.6908,
            2.9167,
            4.11,
            5.5067,
            6.9439,
            8.543,
            10.32,
            12.568,
            16.13,
            31.271
        ],
        "Gini": 0.427751,
        "median_ppp": 721.218
    },
    "lorenz": {
        "index": [
            0,
            1,
            2,
            3,
            4,
            5,
            6,
            7,
            8,
            9,
            10,
            11,
            12,
            13,
            14,
            15,
            16,
            17,
            18,
            19
        ],
        "L": [
            0.006439,
            0.01715,
            0.030092,
            0.047221,
            0.064822,
            0.087302,
            0.11291,
            0.14229,
            0.17533,
            0.21182,
            0.25231,
            0.29723,
            0.34659,
            0.40456,
            0.4638,
            0.53041,
            0.60559,
            0.68738,
            0.79603,
            1.0
        ],
        "p": [
            0.050281,
            0.10115,
            0.15002,
            0.20358,
            0.25001,
            0.30028,
            0.35009,
            0.40008,
            0.45036,
            0.5002,
            0.55005,
            0.60014,
            0.6503,
            0.70394,
            0.75332,
            0.80332,
            0.85331,
            0.90005,
            0.95005,
            1.0
        ]
    },
    "poverty": {
        "HC": 0.00393004,
        "line_month_ppp": 57.7917,
        "PG": 0.00318899,
        "FGT2": 0.00258767,
        "Watt": 0.00655661,
        "line_day_ppp": 1.9,
        "line_month_lcu": 238.533
    },
    "summary": {
        "mean_month_ppp": 936.831,
        "ppp": 4.27023,
        "mean_month_lcu": 3866.73
    }
}