{
    "dist": {
        "mean_corrected": -0.0157842,
        "Gini": 43.155,
        "polarization": 36.8473,
        "median_is_ppp": "(PPP$)",
        "poverty_uses_commentary": "(Both are valid and normal, but GQ fits better.)",
        "mean_poor50_is_ppp": "(PPP$)",
        "poverty_uses": "GQ",
        "MLD": 0.321432,
        "mean_poor50": 1.61285,
        "uses_commentary": "(Both are valid, but GQ fits better)",
        "deciles": [
            2.14202,
            3.26863,
            4.34644,
            5.43341,
            6.59009,
            7.89848,
            9.49913,
            11.6993,
            15.4587,
            33.6638
        ],
        "HC": 7.22985,
        "mean_corrected_is_ppp": "(PPP$)",
        "median": 2.66957,
        "median_ppp": 169.129327890891,
        "FGT2": 0.905727,
        "Watt": "0.0231732",
        "PG": 1.97272,
        "elasticity": {
            "FGT2_wrt_Gini": 15.3248,
            "HC_wrt_Gini": 8.0613,
            "PG_wrt_mean_C": -2.66491,
            "FGT2_wrt_mean_C": -2.35611,
            "PG_wrt_Gini": 12.2105,
            "HC_wrt_mean_C": -2.63537
        },
        "uses": "GQ"
    },
    "beta": {
        "reg": {
            "ymean": -1.528821,
            "R2": 0.9998717,
            "SST": 1.574785,
            "RMSE": 0.005802469,
            "MSE": 3.366864e-05,
            "params": {
                "C": {
                    "se": 0.0053185,
                    "t": 86.6207,
                    "coef": 0.460689
                },
                "A": {
                    "se": 0.0091955,
                    "t": -30.8482,
                    "coef": -0.283663
                },
                "B": {
                    "se": 0.0053185,
                    "t": 179.376,
                    "coef": 0.954006
                }
            },
            "SSE": 0.0002020119
        },
        "inputs": {
            "line_month_ppp": 57.7917
        },
        "dist": {
            "mean_corrected": 2.10226,
            "Gini": 43.2205,
            "polarization": -121.821,
            "PG": 1.97272,
            "elasticity": {
                "FGT2_wrt_Gini": 15.3248,
                "HC_wrt_Gini": 8.0613,
                "PG_wrt_mean_C": -2.66491,
                "FGT2_wrt_mean_C": -2.35611,
                "PG_wrt_Gini": 12.2105,
                "HC_wrt_mean_C": -2.63537
            },
            "median_is_ppp": "(PPP$)",
            "MLD": 0.326257,
            "HC": 7.22985,
            "mean_poor50": 1.61096,
            "deciles": [
                2.02519,
                3.3416,
                4.37433,
                5.42948,
                6.58443,
                7.91757,
                9.55616,
                11.7747,
                15.4208,
                33.5757
            ],
            "mean_corrected_is_ppp": "(PPP$)",
            "median": 2.67071,
            "Watt": "0.0231732",
            "median_ppp": 169.201130439831,
            "mean_poor50_is_ppp": "(PPP$)",
            "FGT2": 0.905727
        },
        "summary": {
            "Z": {
                "high": 860.999,
                "low": 7.2565
            },
            "lorenz_validity": "Valid",
            "sse_fitted": 1.4663e-05,
            "mean_month_ppp": 234.57,
            "sse_up_to_hcindex": 4.09511e-08,
            "poverty_normality": "Normal"
        },
        "implied": {
            "gamma": 0.9540065,
            "theta": 0.7530204,
            "delta": 0.4606889
        }
    },
    "inputs": {
        "line_month_ppp": 57.7917
    },
    "dataset": {
        "coverage": "National",
        "iso3c": "JAM",
        "format": "Grouped",
        "year": 1988,
        "measure": "Consumption",
        "source": "JAM_N1988X",
        "country": "Jamaica",
        "timespan": "UnDefined"
    },
    "lorenz": {
        "index": [
            1,
            2,
            3,
            4,
            5,
            6,
            7,
            8,
            9,
            10
        ],
        "p": [
            0.1,
            0.2,
            0.3,
            0.4,
            0.5,
            0.6,
            0.7,
            0.8,
            0.9,
            1.0
        ],
        "L": [
            0.02004954,
            0.05360659,
            0.09796117,
            0.1528381,
            0.2186183,
            0.2964876,
            0.3905956,
            0.5075053,
            0.665848,
            1.0
        ]
    },
    "summary": {
        "Z": {
            "high": 914.195,
            "low": 40.5501
        },
        "poverty_normality": "Normal",
        "sse_fitted": 1.31019e-05,
        "mean_month_ppp": 234.57,
        "lorenz_validity": "Valid",
        "sse_up_to_hcindex": 4.09511e-08
    },
    "quadratic": {
        "reg": {
            "ymean": 0.1531222,
            "R2": 0.9998134,
            "SST": 0.05783717,
            "RMSE": 0.001341001,
            "MSE": 1.798283e-06,
            "params": {
                "C": {
                    "se": 0.019106,
                    "t": 9.6864,
                    "coef": 0.185072
                },
                "A": {
                    "se": 0.0092445,
                    "t": 91.5901,
                    "coef": 0.846705
                },
                "B": {
                    "se": 0.051019,
                    "t": -16.3569,
                    "coef": -0.834516
                }
            },
            "SSE": 1.07897e-05
        },
        "inputs": {
            "line_month_ppp": 57.7917
        },
        "dist": {
            "mean_corrected": 2.10468,
            "Gini": 43.155,
            "polarization": 36.8473,
            "PG": 1.42283,
            "elasticity": {
                "FGT2_wrt_Gini": 26.8085,
                "HC_wrt_Gini": 8.53265,
                "PG_wrt_mean_C": -4.44305,
                "FGT2_wrt_mean_C": -6.11032,
                "PG_wrt_Gini": 17.6497,
                "HC_wrt_mean_C": -2.78946
            },
            "median_is_ppp": "(PPP$)",
            "MLD": 0.321432,
            "HC": 7.74451,
            "mean_poor50": 1.61285,
            "deciles": [
                2.14202,
                3.26863,
                4.34644,
                5.43341,
                6.59009,
                7.89848,
                9.49913,
                11.6993,
                15.4587,
                33.6638
            ],
            "mean_corrected_is_ppp": "(PPP$)",
            "median": 2.66957,
            "Watt": "0.0178488",
            "median_ppp": 169.129327890891,
            "mean_poor50_is_ppp": "(PPP$)",
            "FGT2": 0.350868
        },
        "summary": {
            "Z": {
                "high": 914.195,
                "low": 40.5501
            },
            "lorenz_validity": "Valid",
            "sse_fitted": 1.31019e-05,
            "mean_month_ppp": 234.57,
            "sse_up_to_hcindex": 1.87868e-06,
            "poverty_normality": "Normal"
        }
    }
}