{
    "summary": {
        "ppp": 116.103,
        "mean_month_ppp": 1211.9,
        "mean_month_lcu": 144068.0
    },
    "poverty": {
        "line_month_lcu": 6870.17,
        "line_month_ppp": 57.7917,
        "HC": 0.00347934,
        "line_day_ppp": 1.9,
        "PG": 0.0017224,
        "FGT2": 0.000852655,
        "Watt": 0.00237733
    },
    "dist": {
        "MLD": 0.187807,
        "median_ppp": 1045.09,
        "deciles": [
            2.6809,
            4.6867,
            5.9093,
            6.9713,
            8.0791,
            9.2387,
            10.523,
            12.198,
            14.946,
            24.767
        ],
        "Gini": 0.321067
    },
    "lorenz": {
        "L": [
            0.0095645,
            0.026941,
            0.048378,
            0.073799,
            0.10217,
            0.13288,
            0.16651,
            0.2027,
            0.24163,
            0.28335,
            0.32798,
            0.37617,
            0.4268,
            0.48106,
            0.53968,
            0.6032,
            0.67327,
            0.75268,
            0.84665,
            1.0
        ],
        "index": [
            0,
            1,
            2,
            3,
            4,
            5,
            6,
            7,
            8,
            9,
            10,
            11,
            12,
            13,
            14,
            15,
            16,
            17,
            18,
            19
        ],
        "p": [
            0.0501,
            0.10038,
            0.15022,
            0.20024,
            0.25035,
            0.30018,
            0.35028,
            0.4003,
            0.45032,
            0.5001,
            0.5501,
            0.60054,
            0.65031,
            0.70016,
            0.75016,
            0.80026,
            0.8502,
            0.90022,
            0.95015,
            1.0
        ]
    },
    "sample": {
        "month_min_is_ppp": "(PPP$)",
        "effective_pop_wealth": 124110.0,
        "N": 300,
        "effective_pop_wealth_is_ppp": "(PPP$)",
        "month_max": 7864.28,
        "effective_pop_N": 100.019,
        "month_min": 29.8801,
        "month_max_is_ppp": "(PPP$)"
    },
    "dataset": {
        "coverage": "National",
        "country": "Japan",
        "timespan": "UnDefined",
        "source": "JPN_N2008Y",
        "iso3c": "JPN",
        "format": "Unit record",
        "year": 2008,
        "measure": "Income"
    }
}