{
    "distribution": {
        "index": [
            1,
            2,
            3,
            4,
            5,
            6,
            7,
            8,
            9,
            10
        ],
        "L": [
            0.01208828,
            0.03441307,
            0.06397603,
            0.1017231,
            0.1491335,
            0.2083083,
            0.2818985,
            0.378568,
            0.5234761,
            1.0
        ],
        "p": [
            0.1,
            0.2,
            0.3,
            0.4,
            0.5,
            0.6,
            0.7,
            0.8,
            0.9,
            1.0
        ]
    },
    "deciles": [
        1.24306,
        2.14671,
        2.93396,
        3.78521,
        4.76598,
        5.96043,
        7.52137,
        9.80173,
        13.972,
        47.8696
    ],
    "elasticity": {
        "HC": {
            "Gini": 3.94363,
            "meancons": -1.51684
        },
        "PG": {
            "Gini": 8.56561,
            "meancons": -1.90997
        },
        "FGT2": {
            "Gini": 12.7852,
            "meancons": -2.14831
        }
    },
    "dist": {
        "MLD": 0.597021,
        "mean_corrected": -0.028225,
        "Gini": 57.461,
        "mean_corrected_is_ppp": "(PPP$)",
        "uses_commentary": "(GQ lorenz curves is invalid)",
        "mean_poor50": 1.74692,
        "polarization": -113.685,
        "median_ppp": 110.644112596815,
        "median": 3.12293,
        "uses": "Beta",
        "median_is_ppp": "(PPP$)",
        "mean_poor50_is_ppp": "(PPP$)"
    },
    "dataset": {
        "country": "Kenya",
        "timespan": "UnDefined",
        "year": 1992,
        "measure": "Consumption",
        "cc3": "KEN",
        "format": "Grouped",
        "coverage": "National",
        "source": "KEN_N1992X"
    },
    "beta": {
        "reg": {
            "RMSE": 0.004848225,
            "SST": 2.228673,
            "SSE": 0.0001410317,
            "params": {
                "A": {
                    "coef": 0.30978,
                    "se": 0.0044438,
                    "t": 69.7105
                }
            },
            "R2": 0.9999367,
            "MSE": 2.350529e-05,
            "ymean": -1.286752
        },
        "deciles": [
            1.24306,
            2.14671,
            2.93396,
            3.78521,
            4.76598,
            5.96043,
            7.52137,
            9.80173,
            13.972,
            47.8696
        ],
        "dist": {
            "MLD": 0.597021,
            "median": 3.12293,
            "mean_corrected": 2.49791,
            "Gini": 57.461,
            "mean_corrected_is_ppp": "(PPP$)",
            "median_is_ppp": "(PPP$)",
            "mean_poor50_is_ppp": "(PPP$)",
            "polarization": -113.685,
            "mean_poor50": 1.74692,
            "median_ppp": 110.644112596815
        },
        "elasticity": {
            "HC": {
                "Gini": 3.94363,
                "meancons": -1.51684
            },
            "PG": {
                "Gini": 8.56561,
                "meancons": -1.90997
            },
            "FGT2": {
                "Gini": 12.7852,
                "meancons": -2.14831
            }
        },
        "poverty": {
            "HC": 23.0816,
            "line_month_ppp": 57.7917,
            "FGT2": 3.82416,
            "Watt": "0.116912",
            "PG": 7.93191
        },
        "implied": {
            "theta": 0.8565243,
            "delta": 0.3097804,
            "gamma": 0.9762126
        },
        "summary": {
            "Z": {
                "low": 7.15015,
                "high": 957.706
            },
            "normality": "Normal",
            "mean_ppp": 208.044,
            "validity": "Valid",
            "sse": {
                "tohc": 9.28482e-07,
                "fitted": 1.808e-05
            }
        }
    },
    "poverty": {
        "PG": 7.93191,
        "FGT2": 3.82416,
        "uses": "Beta",
        "uses_commentary": "(GQ is invalid.)",
        "HC": 23.0816,
        "line_month_ppp": 57.7917,
        "Watt": "0.116912"
    },
    "summary": {
        "Z": {
            "low": 7.15015,
            "high": 957.706
        },
        "sse": {
            "tohc": 9.28482e-07,
            "fitted": 1.808e-05
        },
        "normality": "Normal",
        "mean_ppp": 208.044,
        "validity": "Valid"
    },
    "quadratic": {
        "reg": {
            "RMSE": 0.002431588,
            "ymean": 0.130597,
            "SSE": 3.547573e-05,
            "params": {
                "B": {
                    "se": 0.11917,
                    "coef": 0.0863936,
                    "t": 0.724946
                },
                "C": {
                    "coef": 0.199195,
                    "se": 0.026965,
                    "t": 7.38722
                },
                "A": {
                    "coef": 0.615312,
                    "se": 0.014556,
                    "t": 42.2713
                }
            },
            "R2": 0.9994234,
            "MSE": 5.912622e-06,
            "SST": 0.06152898
        },
        "summary": {
            "Z": {
                "low": 25.94,
                "high": 773.36
            },
            "normality": "Normal",
            "mean_ppp": 208.044,
            "validity": "Invalid",
            "sse": {
                "tohc": 3.58495e-06,
                "fitted": 2.65057e-05
            }
        },
        "elasticity": {
            "HC": {
                "Gini": 3.77436,
                "meancons": -1.45174
            },
            "PG": {
                "Gini": 9.10602,
                "meancons": -2.11782
            },
            "FGT2": {
                "Gini": 14.3521,
                "meancons": -2.75098
            }
        },
        "poverty": {
            "HC": 23.9031,
            "line_month_ppp": 57.7917,
            "FGT2": 3.22737,
            "Watt": "0.106621",
            "PG": 7.6666
        }
    }
}