{
    "quadratic": {
        "poverty": {
            "FGT2": 14.7031,
            "Watt": "0.430699",
            "HC": 44.3057,
            "PG": 22.3971,
            "elasticity": {
                "HC_wrt_mean_C": -0.85403,
                "PG_wrt_Gini": 2.71196,
                "PG_wrt_mean_C": -0.978189,
                "FGT2_wrt_Gini": 4.63656,
                "FGT2_wrt_mean_C": -1.04657,
                "HC_wrt_Gini": 0.739093
            },
            "line_month_ppp": 57.7917
        },
        "reg": {
            "RMSE": 0.000761173,
            "SST": 0.1417866,
            "R2": 0.9999346,
            "params": {
                "B": {
                    "coef": -0.183835,
                    "t": -10.2275,
                    "se": 0.017975
                },
                "A": {
                    "coef": 1.03625,
                    "se": 0.0033485,
                    "t": 309.472
                },
                "C": {
                    "coef": 0.0304525,
                    "se": 0.0035971,
                    "t": 8.46576
                }
            },
            "ymean": 0.138178,
            "MSE": 5.793843e-07,
            "SSE": 9.270149e-06
        },
        "summary": {
            "lorenz_validity": "Valid",
            "sse_up_to_hcindex": 7.54367e-07,
            "mean_month_ppp": 107.806,
            "Z": {
                "low": 5.86193,
                "high": 517.089
            },
            "poverty_normality": "Normal",
            "sse_fitted": 7.81111e-06
        },
        "dist": {
            "polarization": 52.3157,
            "MLD": 0.583315,
            "median_ppp": 66.9117431412558,
            "Gini": 53.6963,
            "mean_corrected_is_ppp": "(PPP$)",
            "median": 3.81526,
            "mean_poor50_is_ppp": "(PPP$)",
            "median_is_ppp": "(PPP$)",
            "mean_poor50": 1.8483,
            "mean_corrected": 2.84629,
            "deciles": [
                0.707843,
                1.8015,
                2.92681,
                4.12887,
                5.4691,
                7.04478,
                9.03608,
                11.85,
                16.774,
                40.261
            ]
        }
    },
    "beta": {
        "poverty": {
            "FGT2": 15.0255,
            "Watt": "0.421782",
            "HC": 44.2769,
            "PG": 22.7577,
            "elasticity": {
                "HC_wrt_mean_C": -0.809813,
                "PG_wrt_Gini": 2.68374,
                "PG_wrt_mean_C": -0.945575,
                "FGT2_wrt_Gini": 4.62154,
                "FGT2_wrt_mean_C": -1.02922,
                "HC_wrt_Gini": 0.700826
            },
            "line_month_ppp": 57.7917
        },
        "implied": {
            "gamma": 0.9959568,
            "delta": 0.4638526,
            "theta": 0.96669
        },
        "summary": {
            "lorenz_validity": "Valid",
            "sse_up_to_hcindex": 1.54524e-05,
            "mean_month_ppp": 107.806,
            "Z": {
                "low": 5.17187,
                "high": 472.79
            },
            "poverty_normality": "Normal",
            "sse_fitted": 9.0788e-05
        },
        "dist": {
            "polarization": -97.8949,
            "MLD": 0.586339,
            "median_is_ppp": "(PPP$)",
            "Gini": 53.7495,
            "mean_corrected_is_ppp": "(PPP$)",
            "median": 3.84805,
            "mean_poor50_is_ppp": "(PPP$)",
            "median_ppp": 67.4866971504777,
            "mean_poor50": 1.8265,
            "mean_corrected": 2.84302,
            "deciles": [
                0.708075,
                1.74539,
                2.84801,
                4.07529,
                5.48007,
                7.1461,
                9.2291,
                12.0778,
                16.777,
                39.9131
            ]
        },
        "reg": {
            "RMSE": 0.008207535,
            "SST": 4.705049,
            "R2": 0.9997709,
            "params": {
                "B": {
                    "coef": 0.995957,
                    "t": 250.827,
                    "se": 0.0039707
                },
                "A": {
                    "coef": -0.0338774,
                    "se": 0.0066738,
                    "t": -5.07621
                },
                "C": {
                    "coef": 0.463853,
                    "se": 0.0032934,
                    "t": 140.843
                }
            },
            "ymean": -1.348741,
            "MSE": 6.736363e-05,
            "SSE": 0.001077818
        }
    },
    "dist": {
        "polarization": 52.3157,
        "uses": "GQ",
        "median": 3.81526,
        "mean_poor50_is_ppp": "(PPP$)",
        "deciles": [
            0.707843,
            1.8015,
            2.92681,
            4.12887,
            5.4691,
            7.04478,
            9.03608,
            11.85,
            16.774,
            40.261
        ],
        "MLD": 0.583315,
        "mean_poor50": 1.8483,
        "uses_commentary": "(Both are valid, but GQ fits better)",
        "mean_corrected_is_ppp": "(PPP$)",
        "median_ppp": 66.9117431412558,
        "mean_corrected": -0.0570193,
        "median_is_ppp": "(PPP$)",
        "Gini": 53.6963
    },
    "summary": {
        "lorenz_validity": "Valid",
        "sse_up_to_hcindex": 7.54367e-07,
        "mean_month_ppp": 107.806,
        "Z": {
            "low": 5.86193,
            "high": 517.089
        },
        "poverty_normality": "Normal",
        "sse_fitted": 7.81111e-06
    },
    "lorenz": {
        "L": [
            0.002486206,
            0.008969304,
            0.01993184,
            0.03447124,
            0.05093787,
            0.07034183,
            0.09651017,
            0.1256486,
            0.156922,
            0.1923686,
            0.2300402,
            0.2757965,
            0.3211306,
            0.3730766,
            0.4334402,
            0.4937969,
            0.5743276,
            0.6631105,
            0.781801,
            1.0
        ],
        "p": [
            0.05858828,
            0.1179764,
            0.1786643,
            0.2368526,
            0.2893421,
            0.3417317,
            0.4015197,
            0.4577085,
            0.5102979,
            0.5619876,
            0.6109778,
            0.6642671,
            0.710158,
            0.7563487,
            0.8035393,
            0.8431314,
            0.8879224,
            0.9282144,
            0.9680064,
            1.0
        ],
        "index": [
            1,
            2,
            3,
            4,
            5,
            6,
            7,
            8,
            9,
            10,
            11,
            12,
            13,
            14,
            15,
            16,
            17,
            18,
            19,
            20
        ]
    },
    "dataset": {
        "timespan": "UnDefined",
        "coverage": "National",
        "measure": "Consumption",
        "format": "Grouped",
        "source": "KGZ_N1993X",
        "country": "Kyrgyz Republic",
        "year": 1993,
        "iso3c": "KGZ"
    },
    "poverty": {
        "FGT2": 14.7031,
        "uses": "GQ",
        "uses_commentary": "(Both are valid and normal, but GQ fits better.)",
        "HC": 44.3057,
        "PG": 22.3971,
        "Watt": "0.430699",
        "elasticity": {
            "HC_wrt_Gini": 0.739093,
            "HC_wrt_mean_C": -0.85403,
            "PG_wrt_mean_C": -0.978189,
            "FGT2_wrt_Gini": 4.63656,
            "FGT2_wrt_mean_C": -1.04657,
            "PG_wrt_Gini": 2.71196
        },
        "line_month_ppp": 57.7917
    }
}