{
    "quadratic": {
        "poverty": {
            "FGT2": 6.5616,
            "Watt": "0.194346",
            "HC": 35.8256,
            "PG": 13.2381,
            "elasticity": {
                "HC_wrt_mean_C": -1.33738,
                "PG_wrt_Gini": 3.12316,
                "PG_wrt_mean_C": -1.70625,
                "FGT2_wrt_Gini": 5.16563,
                "FGT2_wrt_mean_C": -2.03502,
                "HC_wrt_Gini": 1.04923
            },
            "line_month_ppp": 57.7917
        },
        "reg": {
            "RMSE": 0.00402704,
            "SST": 0.1272597,
            "R2": 0.9979611,
            "params": {
                "B": {
                    "coef": -0.872027,
                    "t": -8.72204,
                    "se": 0.09998
                },
                "A": {
                    "coef": 0.915879,
                    "se": 0.019907,
                    "t": 46.0075
                },
                "C": {
                    "coef": 0.164428,
                    "se": 0.037039,
                    "t": 4.4393
                }
            },
            "ymean": 0.1471745,
            "MSE": 1.621705e-05,
            "SSE": 0.0002594728
        },
        "summary": {
            "lorenz_validity": "Valid",
            "sse_up_to_hcindex": 4.311e-05,
            "mean_month_ppp": 103.132,
            "Z": {
                "low": 18.1737,
                "high": 400.602
            },
            "poverty_normality": "Normal",
            "sse_fitted": 0.000539028
        },
        "dist": {
            "polarization": 37.3861,
            "MLD": 0.315738,
            "median_ppp": 75.9924319789999,
            "Gini": 42.5844,
            "mean_corrected_is_ppp": "(PPP$)",
            "median": 35.5262,
            "mean_poor50_is_ppp": "(PPP$)",
            "median_is_ppp": "(PPP$)",
            "mean_poor50": 21.0412,
            "mean_corrected": 27.6822,
            "deciles": [
                2.00732,
                3.21811,
                4.36395,
                5.50999,
                6.72147,
                8.08418,
                9.74288,
                12.0112,
                15.8607,
                32.4803
            ]
        }
    },
    "beta": {
        "poverty": {
            "FGT2": 7.28905,
            "Watt": "0.215555",
            "HC": 35.7091,
            "PG": 13.8174,
            "elasticity": {
                "HC_wrt_mean_C": -1.26257,
                "PG_wrt_Gini": 3.02754,
                "PG_wrt_mean_C": -1.58437,
                "FGT2_wrt_Gini": 4.9744,
                "FGT2_wrt_mean_C": -1.79127,
                "HC_wrt_Gini": 0.990534
            },
            "line_month_ppp": 57.7917
        },
        "implied": {
            "gamma": 0.9621556,
            "delta": 0.52654,
            "theta": 0.7967126
        },
        "summary": {
            "lorenz_validity": "Valid",
            "sse_up_to_hcindex": 0.000102922,
            "mean_month_ppp": 103.132,
            "Z": {
                "low": 4.56516,
                "high": 359.49
            },
            "poverty_normality": "Normal",
            "sse_fitted": 0.00071598
        },
        "dist": {
            "polarization": -117.424,
            "MLD": 0.323502,
            "median_is_ppp": "(PPP$)",
            "Gini": 42.415,
            "mean_corrected_is_ppp": "(PPP$)",
            "median": 36.2885,
            "mean_poor50_is_ppp": "(PPP$)",
            "median_ppp": 77.6230720964094,
            "mean_poor50": 20.8383,
            "mean_corrected": 27.7638,
            "deciles": [
                1.77657,
                3.16579,
                4.32527,
                5.52025,
                6.82249,
                8.30689,
                10.0949,
                12.4441,
                16.1279,
                31.4159
            ]
        },
        "reg": {
            "RMSE": 0.02932324,
            "SST": 4.80607,
            "R2": 0.9971374,
            "params": {
                "B": {
                    "coef": 0.962156,
                    "t": 69.7387,
                    "se": 0.013797
                },
                "A": {
                    "coef": -0.227261,
                    "se": 0.025034,
                    "t": -9.07801
                },
                "C": {
                    "coef": 0.52654,
                    "se": 0.013797,
                    "t": 38.1645
                }
            },
            "ymean": -1.60462,
            "MSE": 0.0008598523,
            "SSE": 0.01375764
        }
    },
    "dist": {
        "polarization": 37.3861,
        "uses": "GQ",
        "median": 35.5262,
        "mean_poor50_is_ppp": "(PPP$)",
        "deciles": [
            2.00732,
            3.21811,
            4.36395,
            5.50999,
            6.72147,
            8.08418,
            9.74288,
            12.0112,
            15.8607,
            32.4803
        ],
        "MLD": 0.315738,
        "mean_poor50": 21.0412,
        "uses_commentary": "(Both are valid, but GQ fits better)",
        "mean_corrected_is_ppp": "(PPP$)",
        "median_ppp": 75.9924319789999,
        "mean_corrected": -0.467496,
        "median_is_ppp": "(PPP$)",
        "Gini": 42.5844
    },
    "summary": {
        "lorenz_validity": "Valid",
        "sse_up_to_hcindex": 4.311e-05,
        "mean_month_ppp": 103.132,
        "Z": {
            "low": 18.1737,
            "high": 400.602
        },
        "poverty_normality": "Normal",
        "sse_fitted": 0.000539028
    },
    "lorenz": {
        "L": [
            0.005268956,
            0.01707959,
            0.03237675,
            0.05096204,
            0.07255927,
            0.09704471,
            0.1241361,
            0.1543032,
            0.1862669,
            0.2202046,
            0.2569749,
            0.2979832,
            0.3431512,
            0.3933068,
            0.4468806,
            0.5118314,
            0.5896142,
            0.6844337,
            0.8032651,
            1.0
        ],
        "p": [
            0.05,
            0.1,
            0.15,
            0.2,
            0.25,
            0.3,
            0.35,
            0.4,
            0.45,
            0.5,
            0.55,
            0.6,
            0.65,
            0.7,
            0.75,
            0.8,
            0.85,
            0.9,
            0.95,
            1.0
        ],
        "index": [
            1,
            2,
            3,
            4,
            5,
            6,
            7,
            8,
            9,
            10,
            11,
            12,
            13,
            14,
            15,
            16,
            17,
            18,
            19,
            20
        ]
    },
    "dataset": {
        "timespan": "UnDefined",
        "coverage": "National",
        "measure": "Income",
        "format": "Grouped",
        "source": "LCA_N1995Y",
        "country": "St. Lucia",
        "year": 1995,
        "iso3c": "LCA"
    },
    "poverty": {
        "FGT2": 6.5616,
        "uses": "GQ",
        "uses_commentary": "(Both are valid and normal, but GQ fits better.)",
        "HC": 35.8256,
        "PG": 13.2381,
        "Watt": "0.194346",
        "elasticity": {
            "HC_wrt_Gini": 1.04923,
            "HC_wrt_mean_C": -1.33738,
            "PG_wrt_mean_C": -1.70625,
            "FGT2_wrt_Gini": 5.16563,
            "FGT2_wrt_mean_C": -2.03502,
            "PG_wrt_Gini": 3.12316
        },
        "line_month_ppp": 57.7917
    }
}