{
    "beta": {
        "implied": {
            "theta": 0.4678405,
            "gamma": 0.9006302,
            "delta": 0.6762897
        },
        "reg": {
            "RMSE": 0.002506349,
            "R2": 0.9999973,
            "MSE": 6.281788e-06,
            "params": {
                "A": {
                    "se": 0.0048113,
                    "coef": 0.67629,
                    "t": 140.562
                }
            },
            "SST": 2.326011,
            "ymean": -2.555972,
            "SSE": 6.281788e-06
        },
        "elasticity": {
            "PG": {
                "meancons": -0.534121,
                "Gini": 9.99283
            },
            "HC": {
                "meancons": -1.69683,
                "Gini": 9.94662
            },
            "FGT2": {
                "meancons": -0.0389047,
                "Gini": 13.9518
            }
        },
        "dist": {
            "polarization": -148.205,
            "median_ppp": 206.431,
            "mean_poor50_ppp": 152.411,
            "MLD": 0.0854401,
            "Gini": 22.4795,
            "mean_corrected_ppp": 172.139
        },
        "poverty": {
            "PG": 0.0524077,
            "Watt": 5.35222e-05,
            "HC": 0.0803997,
            "FGT2": 0.0514077,
            "line_month_ppp": 57.7917
        },
        "deciles": [
            4.52326,
            6.03515,
            7.01309,
            7.91852,
            8.82812,
            9.79012,
            10.8613,
            12.1446,
            13.9198,
            18.966
        ],
        "summary": {
            "mean_ppp": 396.559,
            "sse": {
                "fitted": 8.33411e-08,
                "tohc": 2.6447e-10
            },
            "normality": "Normal",
            "validity": "Valid",
            "Z": {
                "low": 69.0914,
                "high": 817.809
            }
        }
    },
    "quadratic": {
        "reg": {
            "ymean": 0.133868,
            "R2": 0.9999818,
            "MSE": 6.796211e-07,
            "params": {
                "C": {
                    "se": 0.048066,
                    "coef": 0.189578,
                    "t": 3.94412
                },
                "A": {
                    "se": 0.026005,
                    "coef": 1.03547,
                    "t": 39.8188
                },
                "B": {
                    "se": 0.040614,
                    "coef": -1.70285,
                    "t": -41.9281
                }
            },
            "SST": 0.03742825,
            "RMSE": 0.0008243914,
            "SSE": 6.796211e-07
        },
        "elasticity": {
            "PG": {
                "meancons": 0.0,
                "Gini": 0.0
            },
            "HC": {
                "meancons": 0.0,
                "Gini": 0.0
            },
            "FGT2": {
                "meancons": 0.0,
                "Gini": 0.0
            }
        },
        "dist": {
            "polarization": 19.2298,
            "median_ppp": 207.002,
            "MLD": 0.0823884,
            "mean_poor50_ppp": 152.429,
            "Gini": 22.3923,
            "mean_corrected_ppp": 172.332
        },
        "poverty": {
            "PG": 0.0,
            "Watt": 0.0,
            "HC": 0.0,
            "FGT2": 0.0,
            "line_month_ppp": 57.7917
        },
        "deciles": [
            4.5292,
            5.93542,
            7.02172,
            7.96762,
            8.86834,
            9.79797,
            10.8438,
            12.158,
            14.1308,
            18.7471
        ],
        "summary": {
            "mean_ppp": 396.559,
            "sse": {
                "fitted": 2.04104e-06,
                "tohc": 1.50343e-06
            },
            "normality": "Normal",
            "validity": "Valid",
            "Z": {
                "low": 148.798,
                "high": 831.212
            }
        }
    },
    "elasticity": {
        "PG": {
            "meancons": -0.534121,
            "Gini": 9.99283
        },
        "HC": {
            "meancons": -1.69683,
            "Gini": 9.94662
        },
        "FGT2": {
            "meancons": -0.0389047,
            "Gini": 13.9518
        }
    },
    "dist": {
        "polarization": -148.205,
        "uses_commentary": "(Both are valid and normal, but Beta fits better.)",
        "mean_poor50_ppp": 152.411,
        "MLD": 0.0854401,
        "uses": "Beta",
        "Gini": 22.4795,
        "median_ppp": 206.431,
        "mean_corrected_ppp": -0.559955
    },
    "poverty": {
        "PG": 0.0524077,
        "line_month_ppp": 57.7917,
        "HC": 0.0803997,
        "FGT2": 0.0514077,
        "Watt": 5.35222e-05
    },
    "deciles": [
        4.52326,
        6.03515,
        7.01309,
        7.91852,
        8.82812,
        9.79012,
        10.8613,
        12.1446,
        13.9198,
        18.966
    ],
    "summary": {
        "mean_ppp": 396.559,
        "sse": {
            "fitted": 8.33411e-08,
            "tohc": 2.6447e-10
        },
        "normality": "Normal",
        "validity": "Valid",
        "Z": {
            "low": 69.0914,
            "high": 817.809
        }
    },
    "dataset": {
        "country": "Lithuania",
        "source": "LTU_N1988Y",
        "timespan": "UnDefined",
        "coverage": "National",
        "year": 1988,
        "format": "Grouped",
        "measure": "Income",
        "cc3": "LTU"
    },
    "distribution": {
        "L": [
            0.01312292,
            0.0700041,
            0.3327663,
            0.6208934,
            1.0
        ],
        "index": [
            1,
            2,
            3,
            4,
            5
        ],
        "p": [
            0.036,
            0.143,
            0.489,
            0.76,
            1.0
        ]
    }
}