{
    "dist": {
        "mean_corrected": -0.183441,
        "Gini": 34.3228,
        "polarization": 30.4203,
        "median_is_ppp": "(PPP$)",
        "poverty_uses_commentary": "(Beta is invalid.)",
        "mean_poor50_is_ppp": "(PPP$)",
        "poverty_uses": "GQ",
        "MLD": 0.200892,
        "mean_poor50": 14.2978,
        "uses_commentary": "(Beta lorenz curves is invalid)",
        "deciles": [
            2.71865,
            4.12955,
            5.36861,
            6.54191,
            7.73009,
            9.01925,
            10.5373,
            12.5412,
            15.7738,
            25.6397
        ],
        "HC": 13.4121,
        "mean_corrected_is_ppp": "(PPP$)",
        "median": 22.5336,
        "median_ppp": 122.838284116798,
        "FGT2": 1.09254,
        "Watt": "0.0424833",
        "PG": 3.27878,
        "elasticity": {
            "FGT2_wrt_Gini": 11.2777,
            "HC_wrt_Gini": 3.4155,
            "PG_wrt_mean_C": -3.09059,
            "FGT2_wrt_mean_C": -4.00213,
            "PG_wrt_Gini": 7.32296,
            "HC_wrt_mean_C": -2.20963
        },
        "uses": "GQ"
    },
    "beta": {
        "reg": {
            "ymean": -2.939779,
            "R2": 0.9995498,
            "SST": 51.95052,
            "RMSE": 0.02418043,
            "MSE": 0.0005846934,
            "params": {
                "C": {
                    "se": 0.0023053,
                    "t": 293.419,
                    "coef": 0.676415
                },
                "A": {
                    "se": 0.01031,
                    "t": -23.0853,
                    "coef": -0.238006
                },
                "B": {
                    "se": 0.0068644,
                    "t": 146.078,
                    "coef": 1.00273
                }
            },
            "SSE": 0.02338774
        },
        "inputs": {
            "line_month_ppp": 57.7917
        },
        "dist": {
            "PG": 3.65918,
            "FGT2": 1.08917,
            "Watt": "0.044306",
            "elasticity": {
                "FGT2_wrt_Gini": 12.3861,
                "HC_wrt_mean_C": -2.11339,
                "PG_wrt_mean_C": -3.41844,
                "FGT2_wrt_mean_C": -4.71918,
                "PG_wrt_Gini": 7.82973,
                "HC_wrt_Gini": 3.26674
            },
            "HC": 16.1678
        },
        "summary": {
            "Z": {
                "high": 407.453,
                "low": 37.1739
            },
            "poverty_normality": "Normal",
            "lorenz_validity": "Invalid",
            "sse_fitted": 0.000534027,
            "mean_month_ppp": 147.122,
            "sse_up_to_hcindex": 2.25259e-05
        },
        "implied": {
            "gamma": 1.002735,
            "theta": 0.7881982,
            "delta": 0.6764152
        }
    },
    "inputs": {
        "line_month_ppp": 57.7917
    },
    "dataset": {
        "coverage": "National",
        "iso3c": "MDA",
        "format": "Grouped",
        "year": 1992,
        "measure": "Income",
        "source": "MDA_N1992Y",
        "country": "Moldova",
        "timespan": "UnDefined"
    },
    "lorenz": {
        "index": [
            1,
            2,
            3,
            4,
            5,
            6,
            7,
            8,
            9,
            10,
            11,
            12,
            13,
            14,
            15,
            16,
            17,
            18,
            19,
            20,
            21,
            22,
            23,
            24,
            25,
            26,
            27,
            28,
            29,
            30,
            31,
            32,
            33,
            34,
            35,
            36,
            37,
            38,
            39,
            40,
            41,
            42,
            43,
            44
        ],
        "p": [
            0.02607823,
            0.09628887,
            0.1975928,
            0.3089268,
            0.4162487,
            0.5125376,
            0.5957874,
            0.665998,
            0.7241725,
            0.772317,
            0.8114343,
            0.8435306,
            0.8696088,
            0.891675,
            0.9097292,
            0.9247743,
            0.9368104,
            0.9468405,
            0.9618857,
            0.9679037,
            0.9729188,
            0.9769308,
            0.9799398,
            0.9829488,
            0.9849549,
            0.9869609,
            0.9889669,
            0.9909729,
            0.9919759,
            0.9929789,
            0.9939819,
            0.994985,
            0.995988,
            0.996991,
            0.997994,
            0.997994,
            0.997994,
            0.997994,
            0.997994,
            0.997994,
            0.997994,
            0.997994,
            0.997994,
            1.0
        ],
        "L": [
            0.005006318,
            0.02606655,
            0.06860822,
            0.1287201,
            0.1995427,
            0.2746375,
            0.3495517,
            0.4211565,
            0.4874662,
            0.5481196,
            0.602094,
            0.6502317,
            0.6924725,
            0.7308623,
            0.7644383,
            0.7942235,
            0.8194958,
            0.8417594,
            0.8769601,
            0.8917624,
            0.9046994,
            0.9155304,
            0.9240147,
            0.93286,
            0.9389975,
            0.9453758,
            0.9519947,
            0.9588543,
            0.9624045,
            0.966075,
            0.9698658,
            0.973777,
            0.9778085,
            0.9819604,
            0.9862326,
            0.9862326,
            0.9862326,
            0.9862326,
            0.9862326,
            0.9862326,
            0.9862326,
            0.9862326,
            0.9862326,
            1.0
        ]
    },
    "summary": {
        "Z": {
            "high": 450.533,
            "low": 32.4485
        },
        "poverty_normality": "Normal",
        "sse_fitted": 0.000447272,
        "mean_month_ppp": 147.122,
        "lorenz_validity": "Valid",
        "sse_up_to_hcindex": 1.96197e-06
    },
    "quadratic": {
        "reg": {
            "ymean": 0.09338495,
            "R2": 0.9998394,
            "SST": 0.2935055,
            "RMSE": 0.0010857,
            "MSE": 1.178745e-06,
            "params": {
                "C": {
                    "se": 0.013074,
                    "t": 13.8665,
                    "coef": 0.181287
                },
                "A": {
                    "se": 0.0067947,
                    "t": 151.413,
                    "coef": 1.0288
                },
                "B": {
                    "se": 0.023815,
                    "t": -53.0781,
                    "coef": -1.26405
                }
            },
            "SSE": 4.71498e-05
        },
        "inputs": {
            "line_month_ppp": 57.7917
        },
        "dist": {
            "mean_corrected": 17.7252,
            "Gini": 34.3228,
            "polarization": 30.4203,
            "PG": 3.27878,
            "elasticity": {
                "FGT2_wrt_Gini": 11.2777,
                "HC_wrt_Gini": 3.4155,
                "PG_wrt_mean_C": -3.09059,
                "FGT2_wrt_mean_C": -4.00213,
                "PG_wrt_Gini": 7.32296,
                "HC_wrt_mean_C": -2.20963
            },
            "median_is_ppp": "(PPP$)",
            "MLD": 0.200892,
            "HC": 13.4121,
            "mean_poor50": 14.2978,
            "deciles": [
                2.71865,
                4.12955,
                5.36861,
                6.54191,
                7.73009,
                9.01925,
                10.5373,
                12.5412,
                15.7738,
                25.6397
            ],
            "mean_corrected_is_ppp": "(PPP$)",
            "median": 22.5336,
            "Watt": "0.0424833",