{
    "distribution": {
        "index": [
            1,
            2,
            3,
            4,
            5
        ],
        "L": [
            0.05845981,
            0.188308,
            0.5377553,
            0.7856474,
            1.0
        ],
        "p": [
            0.13,
            0.328,
            0.701,
            0.89,
            1.0
        ]
    },
    "deciles": [
        4.26709,
        5.68829,
        6.797,
        7.7693,
        8.70106,
        9.66923,
        10.7677,
        12.1655,
        14.3152,
        19.8597
    ],
    "elasticity": {
        "HC": {
            "Gini": 0.0,
            "meancons": 0.0
        },
        "PG": {
            "Gini": 0.0,
            "meancons": 0.0
        },
        "FGT2": {
            "Gini": 0.0,
            "meancons": 0.0
        }
    },
    "dist": {
        "MLD": 0.0959767,
        "mean_corrected": -0.183441,
        "Gini": 24.1387,
        "mean_corrected_is_ppp": "(PPP$)",
        "uses_commentary": "(Both are valid, but GQ fits better)",
        "mean_poor50": 54.8395,
        "polarization": 20.5306,
        "median_ppp": 412.682081408958,
        "median": 75.703,
        "uses": "GQ",
        "median_is_ppp": "(PPP$)",
        "mean_poor50_is_ppp": "(PPP$)"
    },
    "dataset": {
        "country": "Moldova",
        "timespan": "UnDefined",
        "year": 1988,
        "measure": "Income",
        "cc3": "MDA",
        "format": "Grouped",
        "coverage": "National",
        "source": "MDA_N1988Y"
    },
    "beta": {
        "reg": {
            "RMSE": 0.001542195,
            "SST": 0.3951273,
            "SSE": 2.378365e-06,
            "params": {
                "A": {
                    "coef": 0.663244,
                    "se": 0.0021418,
                    "t": 309.661
                }
            },
            "R2": 0.999994,
            "MSE": 2.378365e-06,
            "ymean": -2.169574
        },
        "deciles": [
            4.23911,
            5.75169,
            6.7621,
            7.70996,
            8.67121,
            9.69619,
            10.8468,
            12.2378,
            14.1851,
            19.9
        ],
        "elasticity": {
            "HC": {
                "Gini": 10.9373,
                "meancons": -1.61196
            },
            "PG": {
                "Gini": 10.9742,
                "meancons": -0.470013
            },
            "FGT2": {
                "Gini": 15.836,
                "meancons": -0.0391744
            }
        },
        "dist": {
            "MLD": 0.0993593,
            "median": 75.6727,
            "mean_corrected": 62.5275,
            "Gini": 24.2395,
            "mean_corrected_is_ppp": "(PPP$)",
            "median_is_ppp": "(PPP$)",
            "mean_poor50_is_ppp": "(PPP$)",
            "polarization": -145.037,
            "mean_poor50": 54.6931,
            "median_ppp": 412.516929994627
        },
        "poverty": {
            "HC": 0.0765198,
            "line_month_ppp": 57.7917,
            "FGT2": 0.0510538,
            "Watt": "5.79045E-06",
            "PG": 0.0520538
        },
        "implied": {
            "theta": 0.501768,
            "delta": 0.6632435,
            "gamma": 0.9096649
        },
        "summary": {
            "Z": {
                "low": 71.1654,
                "high": 979.415
            },
            "normality": "Normal",
            "mean_ppp": 449.915,
            "validity": "Valid",
            "sse": {
                "tohc": 8.33386e-10,
                "fitted": 4.99999e-08
            }
        }
    },
    "poverty": {
        "PG": 0.0,
        "FGT2": 0.0,
        "uses": "GQ",
        "uses_commentary": "(Both are valid and normal, but GQ fits better.)",
        "HC": 0.0,
        "line_month_ppp": 57.7917,
        "Watt": "0"
    },
    "summary": {
        "Z": {
            "low": 156.406,
            "high": 1019.17
        },
        "sse": {
            "tohc": 5.98754e-10,
            "fitted": 1.78142e-09
        },
        "normality": "Normal",
        "mean_ppp": 449.915,
        "validity": "Valid"
    },
    "quadratic": {
        "reg": {
            "RMSE": 2.634298e-05,
            "SST": 0.01892615,
            "SSE": 6.939527e-10,
            "params": {
                "B": {
                    "se": 0.0012768,
                    "coef": -1.65189,
                    "t": -1293.8
                },
                "C": {
                    "coef": 0.183219,
                    "se": 0.0011798,
                    "t": 155.297
                },
                "A": {
                    "coef": 1.01291,
                    "se": 0.00046262,
                    "t": 2189.49
                }
            },
            "R2": 1.0,
            "MSE": 6.939527e-10,
            "ymean": 0.1562176
        },
        "deciles": [
            4.26709,
            5.68829,
            6.797,
            7.7693,
            8.70106,
            9.66923,
            10.7677,
            12.1655,
            14.3152,
            19.8597
        ],
        "elasticity": {
            "HC": {
                "Gini": 0.0,
                "meancons": 0.0
            },
            "PG": {
                "Gini": 0.0,
                "meancons": 0.0
            },
            "FGT2": {
                "Gini": 0.0,
                "meancons": 0.0
            }
        },
        "dist": {
            "MLD": 0.0959767,
            "median": 75.703,
            "mean_corrected": 62.6106,
            "Gini": 24.1387,
            "mean_corrected_is_ppp": "(PPP$)",
            "median_is_ppp": "(PPP$)",
            "mean_poor50_is_ppp": "(PPP$)",
            "polarization": 20.5306,
            "mean_poor50": 54.8395,
            "median_ppp": 412.682081408958
        },
        "poverty": {
            "HC": 0.0,
            "line_month_ppp": 57.7917,
            "Watt": "0",
            "FGT2": 0.0,
            "PG": 0.0
        },
        "summary": {
            "Z": {
                "low": 156.406,
                "high": 1019.17
            },
            "sse": {
                "tohc": 5.98754e-10,
                "fitted": 1.78142e-09
            },
            "normality": "Normal",
            "mean_ppp": 449.915,
            "validity": "Valid"
        }
    }
}