{
    "beta": {
        "implied": {
            "theta": 0.6916732,
            "gamma": 0.9650973,
            "delta": 0.6253164
        },
        "reg": {
            "RMSE": 0.0183335,
            "R2": 0.9983981,
            "MSE": 0.0003361173,
            "params": {
                "A": {
                    "se": 0.016804,
                    "coef": 0.625316,
                    "t": 37.2119
                }
            },
            "SST": 1.25892,
            "ymean": -1.76846,
            "SSE": 0.002016704
        },
        "elasticity": {
            "PG": {
                "meancons": -3.55259,
                "Gini": 7.38128
            },
            "HC": {
                "meancons": -2.6372,
                "Gini": 3.69651
            },
            "FGT2": {
                "meancons": -4.2265,
                "Gini": 10.7276
            }
        },
        "dist": {
            "polarization": -129.831,
            "median_ppp": 0.198419,
            "mean_poor50_ppp": 0.12711,
            "MLD": 0.187461,
            "Gini": 33.2526,
            "mean_corrected_ppp": 0.156935
        },
        "poverty": {
            "PG": 3.04341,
            "Watt": 0.0366622,
            "HC": 13.8554,
            "FGT2": 0.977567,
            "line_month_ppp": 57.7917
        },
        "deciles": [
            2.98237,
            4.29059,
            5.41257,
            6.55939,
            7.78626,
            9.14799,
            10.7299,
            12.7066,
            15.5788,
            24.8055
        ],
        "summary": {
            "mean_ppp": 138.797,
            "sse": {
                "fitted": 7.47975e-05,
                "tohc": 9.08113e-07
            },
            "normality": "Normal",
            "validity": "Valid",
            "Z": {
                "low": 25.0346,
                "high": 381.737
            }
        }
    },
    "quadratic": {
        "reg": {
            "ymean": 0.1632868,
            "R2": 0.9995227,
            "MSE": 3.953304e-06,
            "params": {
                "C": {
                    "se": 0.046017,
                    "coef": 0.256961,
                    "t": 5.584
                },
                "A": {
                    "se": 0.019591,
                    "coef": 1.00805,
                    "t": 51.4556
                },
                "B": {
                    "se": 0.080718,
                    "coef": -1.18294,
                    "t": -14.6552
                }
            },
            "SST": 0.04969358,
            "RMSE": 0.001988292,
            "SSE": 2.371982e-05
        },
        "elasticity": {
            "PG": {
                "meancons": -3.80948,
                "Gini": 7.74137
            },
            "HC": {
                "meancons": -2.53674,
                "Gini": 3.5557
            },
            "FGT2": {
                "meancons": -5.10441,
                "Gini": 11.9581
            }
        },
        "dist": {
            "polarization": 30.0271,
            "median_ppp": 0.196276,
            "MLD": 0.183458,
            "mean_poor50_ppp": 0.127602,
            "Gini": 33.1953,
            "mean_corrected_ppp": 0.15707
        },
        "poverty": {
            "PG": 2.85863,
            "Watt": 0.0357461,
            "HC": 13.7485,
            "FGT2": 0.804747,
            "line_month_ppp": 57.7917
        },
        "deciles": [
            3.05839,
            4.30824,
            5.45594,
            6.57658,
            7.73655,
            9.01504,
            10.5365,
            12.5552,
            15.7959,
            24.9618
        ],
        "summary": {
            "mean_ppp": 138.797,
            "sse": {
                "fitted": 3.59381e-05,
                "tohc": 2.6459e-06
            },
            "normality": "Normal",
            "validity": "Valid",
            "Z": {
                "low": 37.1611,
                "high": 410.035
            }
        }
    },
    "elasticity": {
        "PG": {
            "meancons": -3.55259,
            "Gini": 7.38128
        },
        "HC": {
            "meancons": -2.6372,
            "Gini": 3.69651
        },
        "FGT2": {
            "meancons": -4.2265,
            "Gini": 10.7276
        }
    },
    "dist": {
        "polarization": 30.0271,
        "uses_commentary": "(Both are valid and normal, but GQ fits better.)",
        "mean_poor50_ppp": 0.127602,
        "MLD": 0.183458,
        "uses": "GQ",
        "Gini": 33.1953,
        "median_ppp": 0.196276,
        "mean_corrected_ppp": -0.00169397
    },
    "poverty": {
        "PG": 3.04341,
        "line_month_ppp": 57.7917,
        "HC": 13.8554,
        "FGT2": 0.977567,
        "Watt": 0.0366622
    },
    "deciles": [
        3.05839,
        4.30824,
        5.45594,
        6.57658,
        7.73655,
        9.01504,
        10.5365,
        12.5552,
        15.7959,
        24.9618
    ],
    "summary": {
        "mean_ppp": 138.797,
        "sse": {
            "fitted": 3.59381e-05,
            "tohc": 9.08113e-07
        },
        "normality": "Normal",
        "validity": "Valid",
        "Z": {
            "low": 37.1611,
            "high": 410.035
        }
    },
    "dataset": {
        "country": "Mongolia",
        "source": "MNG_N1995X",
        "timespan": "UnDefined",
        "coverage": "National",
        "year": 1995,
        "format": "Grouped",
        "measure": "Consumption",
        "cc3": "MNG"
    },
    "distribution": {
        "L": [
            0.02901561,
            0.07323473,
            0.1287613,
            0.1952011,
            0.2723262,
            0.3612137,
            0.4643499,
            0.5910776,
            0.7551092,
            1.0
        ],
        "index": [
            1,
            2,
            3,
            4,
            5,
            6,
            7,
            8,
            9,
            10
        ],
        "p": [
            0.1,
            0.2,
            0.3,
            0.4,
            0.5,
            0.6,
            0.7,
            0.8,
            0.9,
            1.0
        ]
    }
}