{
    "quadratic": {
        "poverty": {
            "FGT2": 13.3951,
            "Watt": "0.401803",
            "HC": 74.7724,
            "PG": 28.3571,
            "elasticity": {
                "HC_wrt_mean_C": -0.796108,
                "PG_wrt_Gini": 0.624557,
                "PG_wrt_mean_C": -1.63681,
                "FGT2_wrt_Gini": 1.39714,
                "FGT2_wrt_mean_C": -2.23397,
                "HC_wrt_Gini": -0.113354
            },
            "line_month_ppp": 57.7917
        },
        "reg": {
            "RMSE": 0.0001832911,
            "SST": 0.1672546,
            "R2": 0.999992,
            "params": {
                "B": {
                    "coef": -1.28404,
                    "t": -342.901,
                    "se": 0.0037446
                },
                "A": {
                    "coef": 0.813829,
                    "se": 0.0010756,
                    "t": 756.632
                },
                "C": {
                    "coef": 0.282964,
                    "se": 0.0024784,
                    "t": 114.17
                }
            },
            "ymean": 0.1788617,
            "MSE": 3.359562e-08,
            "SSE": 1.343825e-06
        },
        "summary": {
            "lorenz_validity": "Valid",
            "sse_up_to_hcindex": 1.09349e-06,
            "mean_month_ppp": 49.563,
            "Z": {
                "low": 21.3151,
                "high": 144.909
            },
            "poverty_normality": "Normal",
            "sse_fitted": 5.47328e-06
        },
        "dist": {
            "polarization": 24.7464,
            "MLD": 0.147177,
            "median_ppp": 41.2218648065149,
            "Gini": 30.0575,
            "mean_corrected_is_ppp": "(PPP$)",
            "median": 1.60027,
            "mean_poor50_is_ppp": "(PPP$)",
            "median_is_ppp": "(PPP$)",
            "mean_poor50": 1.14775,
            "mean_corrected": 1.34575,
            "deciles": [
                4.04514,
                5.06581,
                5.99379,
                6.89498,
                7.82607,
                8.85406,
                10.0854,
                11.7437,
                14.5076,
                24.9834
            ]
        }
    },
    "beta": {
        "poverty": {
            "FGT2": 13.4445,
            "Watt": "0.392561",
            "HC": 73.8463,
            "PG": 28.2646,
            "elasticity": {
                "HC_wrt_mean_C": -0.830091,
                "PG_wrt_Gini": 0.627993,
                "PG_wrt_mean_C": -1.61268,
                "FGT2_wrt_Gini": 1.40132,
                "FGT2_wrt_mean_C": -2.20464,
                "HC_wrt_Gini": -0.118193
            },
            "line_month_ppp": 57.7917
        },
        "implied": {
            "gamma": 0.9651381,
            "delta": 0.5516162,
            "theta": 0.5811437
        },
        "summary": {
            "lorenz_validity": "Valid",
            "sse_up_to_hcindex": 3.06939e-05,
            "mean_month_ppp": 49.563,
            "Z": {
                "low": 18.2343,
                "high": 132.381
            },
            "poverty_normality": "Normal",
            "sse_fitted": 9.1636e-05
        },
        "dist": {
            "polarization": -147.588,
            "MLD": 0.14914,
            "median_is_ppp": "(PPP$)",
            "Gini": 30.0853,
            "mean_corrected_is_ppp": "(PPP$)",
            "median": 1.6009,
            "mean_poor50_is_ppp": "(PPP$)",
            "median_ppp": 41.2380439776595,
            "mean_poor50": 1.14255,
            "mean_corrected": 1.34522,
            "deciles": [
                4.05838,
                5.07176,
                5.93549,
                6.82759,
                7.79747,
                8.89723,
                10.2112,
                11.9172,
                14.5434,
                24.7403
            ]
        },
        "reg": {
            "RMSE": 0.01069462,
            "SST": 4.054362,
            "R2": 0.9988716,
            "params": {
                "B": {
                    "coef": 0.965138,
                    "t": 187.426,
                    "se": 0.0051494
                },
                "A": {
                    "coef": -0.542757,
                    "se": 0.007489,
                    "t": -72.4737
                },
                "C": {
                    "coef": 0.551616,
                    "se": 0.0037893,
                    "t": 145.571
                }
            },
            "ymean": -1.819769,
            "MSE": 0.0001143749,
            "SSE": 0.004574998
        }
    },
    "dist": {
        "polarization": 24.7464,
        "uses": "GQ",
        "median": 1.60027,
        "mean_poor50_is_ppp": "(PPP$)",
        "deciles": [
            4.04514,
            5.06581,
            5.99379,
            6.89498,
            7.82607,
            8.85406,
            10.0854,
            11.7437,
            14.5076,
            24.9834
        ],
        "MLD": 0.147177,
        "mean_poor50": 1.14775,
        "uses_commentary": "(Both are valid, but GQ fits better)",
        "mean_corrected_is_ppp": "(PPP$)",
        "median_ppp": 41.2218648065149,
        "mean_corrected": -0.038821,
        "median_is_ppp": "(PPP$)",
        "Gini": 30.0575
    },
    "summary": {
        "lorenz_validity": "Valid",
        "sse_up_to_hcindex": 1.09349e-06,
        "mean_month_ppp": 49.563,
        "Z": {
            "low": 21.3151,
            "high": 144.909
        },
        "poverty_normality": "Normal",
        "sse_fitted": 5.47328e-06
    },
    "lorenz": {
        "L": [
            0.04268442,
            0.06094394,
            0.07099179,
            0.08138915,
            0.0921302,
            0.1032103,
            0.114626,
            0.1263746,
            0.1384549,
            0.1508661,
            0.1636087,
            0.176684,
            0.1900943,
            0.2038429,
            0.2179342,
            0.2323733,
            0.247167,
            0.2623229,
            0.2778503,
            0.2937596,
            0.3100633,
            0.3267757,
            0.3439129,
            0.3614939,
            0.3795405,
            0.3980778,
            0.4171351,
            0.4367465,
            0.4569519,
            0.4777986,
            0.499343,
            0.5216531,
            0.5448117,
            0.5689216,
            0.5941121,
            0.6205491,
            0.648452,
            0.6781191,
            0.7099725,
            0.7446418,
            0.7831354,
            0.8272477,
            0.8807799,
            1.0
        ],
        "p": [
            0.1058,
            0.1434785,
            0.163067,
            0.1826304,
            0.2021718,
            0.2216942,
            0.2412002,
            0.2606926,
            0.2801737,
            0.2996459,
            0.3191114,
            0.3385726,
            0.3580314,
            0.3774902,
            0.3969511,
            0.4164163,
            0.4358882,
            0.4553691,
            0.4748614,
            0.4943679,
            0.5138913,
            0.5334347,
            0.5530013,
            0.5725951,
            0.5922198,
            0.61188,
            0.6315809,
            0.6513284,
            0.6711292,
            0.6909912,
            0.7109237,
            0.7309375,
            0.7510461,
            0.7712655,
            0.7916161,
            0.8121228,
            0.8328183,
            0.8537453,
            0.8749618,
            0.8965484,
            0.9186235,
            0.9413694,
            0.9650935,
            1.0
        ],