{
    "distribution": {
        "index": [
            1,
            2,
            3,
            4,
            5,
            6,
            7,
            8,
            9,
            10
        ],
        "L": [
            0.01349948,
            0.03865236,
            0.07349717,
            0.1184954,
            0.175724,
            0.2481828,
            0.3416407,
            0.4662513,
            0.6408215,
            1.0
        ],
        "p": [
            0.1,
            0.2,
            0.3,
            0.4,
            0.5,
            0.6,
            0.7,
            0.8,
            0.9,
            1.0
        ]
    },
    "deciles": [
        1.4879,
        2.39786,
        3.38767,
        4.49586,
        5.78157,
        7.34451,
        9.37404,
        12.2981,
        17.4359,
        35.9965
    ],
    "dist": {
        "MLD": 0.424823,
        "mean_corrected": -1.80698,
        "Gini": 48.7401,
        "mean_corrected_is_ppp": "(PPP$)",
        "uses_commentary": "(Beta lorenz curves is invalid)",
        "mean_poor50": 196.264,
        "polarization": 49.6765,
        "median_ppp": 201.293473646183,
        "median": 363.734,
        "uses": "GQ",
        "median_is_ppp": "(PPP$)",
        "mean_poor50_is_ppp": "(PPP$)"
    },
    "elasticity": {
        "HC": {
            "Gini": 9.69306,
            "meancons": -2.22615
        },
        "PG": {
            "Gini": 20.77,
            "meancons": -3.54045
        },
        "FGT2": {
            "Gini": 31.7928,
            "meancons": -4.84233
        }
    },
    "dataset": {
        "country": "Panama",
        "timespan": "UnDefined",
        "year": 1979,
        "measure": "Income",
        "cc3": "PAN",
        "format": "Grouped",
        "coverage": "National",
        "source": "PAN_N1979Y"
    },
    "beta": {
        "reg": {
            "RMSE": 0.01266345,
            "SST": 1.736681,
            "MSE": 0.0001603629,
            "params": {
                "A": {
                    "coef": 0.501911,
                    "se": 0.011607,
                    "t": 43.2416
                }
            },
            "R2": 0.999446,
            "SSE": 0.0009621774,
            "ymean": -1.40767
        },
        "poverty": {
            "HC": 10.5549,
            "line_month_ppp": 57.7917,
            "FGT2": 0.599352,
            "Watt": "0.026724",
            "PG": 2.24548
        },
        "summary": {
            "Z": {
                "low": 47.2069,
                "high": 1255.75
            },
            "normality": "Normal",
            "mean_ppp": 309.427,
            "validity": "Invalid",
            "sse": {
                "tohc": 2.58586e-06,
                "fitted": 7.26123e-05
            }
        },
        "elasticity": {
            "HC": {
                "Gini": 8.61806,
                "meancons": -1.97926
            },
            "PG": {
                "Gini": 21.467,
                "meancons": -3.70053
            },
            "FGT2": {
                "Gini": 34.626,
                "meancons": -5.49303
            }
        },
        "implied": {
            "theta": 0.9280966,
            "delta": 0.5019106,
            "gamma": 1.012645
        }
    },
    "poverty": {
        "PG": 2.04575,
        "FGT2": 0.59797,
        "uses": "GQ",
        "uses_commentary": "(Beta is invalid.)",
        "HC": 9.28862,
        "line_month_ppp": 57.7917,
        "Watt": "0.0264348"
    },
    "summary": {
        "Z": {
            "low": 36.8279,
            "high": 1412.89
        },
        "sse": {
            "tohc": 1.90312e-06,
            "fitted": 5.87237e-06
        },
        "normality": "Normal",
        "mean_ppp": 309.427,
        "validity": "Valid"
    },
    "quadratic": {
        "reg": {
            "RMSE": 0.002002097,
            "SST": 0.06244538,
            "SSE": 2.405036e-05,
            "params": {
                "B": {
                    "se": 0.10601,
                    "coef": 0.18525,
                    "t": 1.74741
                },
                "C": {
                    "coef": 0.260222,
                    "se": 0.025963,
                    "t": 10.0228
                },
                "A": {
                    "coef": 1.02726,
                    "se": 0.015437,
                    "t": 66.5452
                }
            },
            "R2": 0.9996149,
            "MSE": 4.008394e-06,
            "ymean": 0.1398234
        },
        "deciles": [
            1.4879,
            2.39786,
            3.38767,
            4.49586,
            5.78157,
            7.34451,
            9.37404,
            12.2981,
            17.4359,
            35.9965
        ],
        "elasticity": {
            "HC": {
                "Gini": 9.69306,
                "meancons": -2.22615
            },
            "PG": {
                "Gini": 20.77,
                "meancons": -3.54045
            },
            "FGT2": {
                "Gini": 31.7928,
                "meancons": -4.84233
            }
        },
        "dist": {
            "MLD": 0.424823,
            "median": 363.734,
            "mean_corrected": 286.61,
            "Gini": 48.7401,
            "mean_corrected_is_ppp": "(PPP$)",
            "median_is_ppp": "(PPP$)",
            "mean_poor50_is_ppp": "(PPP$)",
            "polarization": 49.6765,
            "mean_poor50": 196.264,
            "median_ppp": 201.293473646183
        },
        "poverty": {
            "HC": 9.28862,
            "line_month_ppp": 57.7917,
            "Watt": "0.0264348",
            "FGT2": 0.59797,
            "PG": 2.04575
        },
        "summary": {
            "Z": {
                "low": 36.8279,
                "high": 1412.89
            },
            "sse": {
                "tohc": 1.90312e-06,
                "fitted": 5.87237e-06
            },
            "normality": "Normal",
            "mean_ppp": 309.427,
            "validity": "Valid"
        }
    }
}