{
    "quadratic": {
        "poverty": {
            "FGT2": 2.57886,
            "Watt": "0.0938682",
            "HC": 28.0827,
            "PG": 7.38844,
            "elasticity": {
                "HC_wrt_mean_C": -1.83434,
                "PG_wrt_Gini": 5.01756,
                "PG_wrt_mean_C": -2.80089,
                "FGT2_wrt_Gini": 8.05664,
                "FGT2_wrt_mean_C": -3.73,
                "HC_wrt_Gini": 1.93891
            },
            "line_month_ppp": 57.7917
        },
        "reg": {
            "RMSE": 0.001140182,
            "SST": 0.1047796,
            "R2": 0.9998015,
            "params": {
                "B": {
                    "coef": -0.666824,
                    "t": -19.7775,
                    "se": 0.033716
                },
                "A": {
                    "coef": 0.740753,
                    "se": 0.0073205,
                    "t": 101.189
                },
                "C": {
                    "coef": 0.323715,
                    "se": 0.014555,
                    "t": 22.2416
                }
            },
            "ymean": 0.1642151,
            "MSE": 1.300016e-06,
            "SSE": 2.080025e-05
        },
        "summary": {
            "lorenz_validity": "Valid",
            "sse_up_to_hcindex": 6.07185e-06,
            "mean_month_ppp": 118.878,
            "Z": {
                "low": 31.6427,
                "high": 462.351
            },
            "poverty_normality": "Normal",
            "sse_fitted": 2.09208e-05
        },
        "dist": {
            "polarization": 35.333,
            "MLD": 0.279968,
            "median_ppp": 85.3141727421141,
            "Gini": 41.0374,
            "mean_corrected_is_ppp": "(PPP$)",
            "median": 4.52036,
            "mean_poor50_is_ppp": "(PPP$)",
            "median_is_ppp": "(PPP$)",
            "mean_poor50": 2.9153,
            "mean_corrected": 3.71389,
            "deciles": [
                2.7689,
                3.66565,
                4.57534,
                5.53583,
                6.59628,
                7.83263,
                9.38368,
                11.561,
                15.3458,
                32.7349
            ]
        }
    },
    "beta": {
        "poverty": {
            "FGT2": 2.83791,
            "Watt": "0.0980984",
            "HC": 28.533,
            "PG": 7.78825,
            "elasticity": {
                "HC_wrt_mean_C": -1.74429,
                "PG_wrt_Gini": 4.87244,
                "PG_wrt_mean_C": -2.66359,
                "FGT2_wrt_Gini": 7.80162,
                "FGT2_wrt_mean_C": -3.48873,
                "HC_wrt_Gini": 1.84372
            },
            "line_month_ppp": 57.7917
        },
        "implied": {
            "gamma": 0.9862604,
            "delta": 0.4796438,
            "theta": 0.7466167
        },
        "summary": {
            "lorenz_validity": "Valid",
            "sse_up_to_hcindex": 1.30709e-05,
            "mean_month_ppp": 118.878,
            "Z": {
                "low": 26.719,
                "high": 421.014
            },
            "poverty_normality": "Normal",
            "sse_fitted": 0.0001532
        },
        "dist": {
            "polarization": -128.859,
            "MLD": 0.283759,
            "median_is_ppp": "(PPP$)",
            "Gini": 41.0779,
            "mean_corrected_is_ppp": "(PPP$)",
            "median": 4.57377,
            "mean_poor50_is_ppp": "(PPP$)",
            "median_ppp": 86.322113266409,
            "mean_poor50": 2.89387,
            "mean_corrected": 3.71134,
            "deciles": [
                2.67361,
                3.60971,
                4.52534,
                5.52033,
                6.64285,
                7.95933,
                9.58877,
                11.7939,
                15.3851,
                32.301
            ]
        },
        "reg": {
            "RMSE": 0.01537135,
            "SST": 3.820448,
            "R2": 0.9990105,
            "params": {
                "B": {
                    "coef": 0.98626,
                    "t": 123.524,
                    "se": 0.0079844
                },
                "A": {
                    "coef": -0.292203,
                    "se": 0.012821,
                    "t": -22.7915
                },
                "C": {
                    "coef": 0.479644,
                    "se": 0.0062134,
                    "t": 77.1947
                }
            },
            "ymean": -1.588657,
            "MSE": 0.0002362783,
            "SSE": 0.003780452
        }
    },
    "dist": {
        "polarization": 35.333,
        "uses": "GQ",
        "median": 4.52036,
        "mean_poor50_is_ppp": "(PPP$)",
        "deciles": [
            2.7689,
            3.66565,
            4.57534,
            5.53583,
            6.59628,
            7.83263,
            9.38368,
            11.561,
            15.3458,
            32.7349
        ],
        "MLD": 0.279968,
        "mean_poor50": 2.9153,
        "uses_commentary": "(Both are valid, but GQ fits better)",
        "mean_corrected_is_ppp": "(PPP$)",
        "median_ppp": 85.3141727421141,
        "mean_corrected": -0.0529849,
        "median_is_ppp": "(PPP$)",
        "Gini": 41.0374
    },
    "summary": {
        "lorenz_validity": "Valid",
        "sse_up_to_hcindex": 6.07185e-06,
        "mean_month_ppp": 118.878,
        "Z": {
            "low": 31.6427,
            "high": 462.351
        },
        "poverty_normality": "Normal",
        "sse_fitted": 2.09208e-05
    },
    "lorenz": {
        "L": [
            0.01619363,
            0.03752703,
            0.06196524,
            0.0886361,
            0.116383,
            0.1464714,
            0.1776117,
            0.2121391,
            0.2490607,
            0.2886157,
            0.3291485,
            0.3744026,
            0.4201888,
            0.4720784,
            0.5287031,
            0.590243,
            0.6569345,
            0.7350309,
            0.8366348,
            1.0
        ],
        "p": [
            0.06906907,
            0.1331331,
            0.1951952,
            0.2552553,
            0.3113113,
            0.3663664,
            0.4184184,
            0.4714715,
            0.5235235,
            0.5745746,
            0.6226226,
            0.6716717,
            0.7167167,
            0.7627628,
            0.8078078,
            0.8508509,
            0.8908909,
            0.9299299,
            0.968969,
            1.0
        ],
        "index": [
            1,
            2,
            3,
            4,
            5,
            6,
            7,
            8,
            9,
            10,
            11,
            12,
            13,
            14,
            15,
            16,
            17,
            18,
            19,
            20
        ]
    },
    "dataset": {
        "timespan": "UnDefined",
        "coverage": "National",
        "measure": "Consumption",
        "format": "Grouped",
        "source": "PHL_N1985X",
        "country": "Philippines",
        "year": 1985,
        "iso3c": "PHL"
    },
    "poverty": {
        "FGT2": 2.57886,
        "uses": "GQ",
        "uses_commentary": "(Both are valid and normal, but GQ fits better.)",
        "HC": 28.0827,
        "PG": 7.38844,
        "Watt": "0.0938682",
        "elasticity": {
            "HC_wrt_Gini": 1.93891,
            "HC_wrt_mean_C": -1.83434,
            "PG_wrt_mean_C": -2.80089,
            "FGT2_wrt_Gini": 8.05664,
            "FGT2_wrt_mean_C": -3.73,
            "PG_wrt_Gini": 5.01756
        },
        "line_month_ppp": 57.7917
    }
}