{
    "summary": {
        "poverty_normality": "Normal",
        "sse_fitted": 1.38911e-05,
        "sse_up_to_hcindex": 5.44104e-06,
        "Z": {
            "high": 565.573,
            "low": 32.9897
        },
        "mean_month_ppp": 133.662,
        "lorenz_validity": "Valid"
    },
    "poverty": {
        "uses": "GQ",
        "elasticity": {
            "HC_wrt_Gini": 2.38029,
            "FGT2_wrt_Gini": 9.78042,
            "FGT2_wrt_mean_C": -3.92648,
            "PG_wrt_mean_C": -2.89234,
            "HC_wrt_mean_C": -1.81311,
            "PG_wrt_Gini": 6.10996
        },
        "HC": 26.5897,
        "uses_commentary": "(Both are valid and normal, but GQ fits better.)",
        "line_month_ppp": 57.7917,
        "PG": 6.83128,
        "FGT2": 2.30534,
        "Watt": "0.0859026"
    },
    "dist": {
        "MLD": 0.319433,
        "median_ppp": 90.7523903174807,
        "median": 4.80851,
        "mean_corrected": -0.0529849,
        "Gini": 43.8236,
        "median_is_ppp": "(PPP$)",
        "uses": "GQ",
        "mean_poor50": 3.02852,
        "polarization": 39.5103,
        "deciles": [
            2.54584,
            3.33861,
            4.18584,
            5.12031,
            6.19104,
            7.47983,
            9.14191,
            11.5315,
            15.77,
            34.695
        ],
        "uses_commentary": "(Both are valid, but GQ fits better)",
        "mean_corrected_is_ppp": "(PPP$)",
        "mean_poor50_is_ppp": "(PPP$)"
    },
    "lorenz": {
        "L": [
            0.0102692,
            0.02411518,
            0.04028284,
            0.05852928,
            0.07892312,
            0.1014251,
            0.1259532,
            0.1527212,
            0.1820578,
            0.2141955,
            0.2493445,
            0.2880524,
            0.3309608,
            0.3790136,
            0.433205,
            0.4952796,
            0.5672996,
            0.6544446,
            0.7681031,
            1.0
        ],
        "index": [
            1,
            2,
            3,
            4,
            5,
            6,
            7,
            8,
            9,
            10,
            11,
            12,
            13,
            14,
            15,
            16,
            17,
            18,
            19,
            20
        ],
        "p": [
            0.05,
            0.1,
            0.15,
            0.2,
            0.25,
            0.3,
            0.35,
            0.4,
            0.45,
            0.5,
            0.55,
            0.6,
            0.65,
            0.7,
            0.75,
            0.8,
            0.85,
            0.9,
            0.95,
            1.0
        ]
    },
    "dataset": {
        "coverage": "National",
        "country": "Philippines",
        "timespan": "UnDefined",
        "source": "PHL_N1991X",
        "iso3c": "PHL",
        "format": "Grouped",
        "year": 1991,
        "measure": "Consumption"
    },
    "beta": {
        "summary": {
            "poverty_normality": "Normal",
            "sse_fitted": 0.000165161,
            "sse_up_to_hcindex": 1.60752e-05,
            "Z": {
                "high": 503.525,
                "low": 30.1607
            },
            "mean_month_ppp": 133.662,
            "lorenz_validity": "Valid"
        },
        "poverty": {
            "elasticity": {
                "HC_wrt_Gini": 2.22159,
                "FGT2_wrt_Gini": 9.31704,
                "FGT2_wrt_mean_C": -3.57352,
                "HC_wrt_mean_C": -1.69223,
                "PG_wrt_Gini": 5.80677,
                "PG_wrt_mean_C": -2.6614
            },
            "HC": 26.7234,
            "line_month_ppp": 57.7917,
            "PG": 7.2987,
            "FGT2": 2.61906,
            "Watt": "0.0902616"
        },
        "dist": {
            "mean_poor50": 3.02151,
            "MLD": 0.325632,
            "median_ppp": 92.7287752268168,
            "median": 4.91323,
            "mean_corrected": 3.97486,
            "Gini": 43.8743,
            "deciles": [
                2.43227,
                3.27037,
                4.16473,
                5.16144,
                6.30328,
                7.65849,
                9.3542,
                11.6753,
                15.5091,
                34.4708
            ],
            "mean_corrected_is_ppp": "(PPP$)",
            "median_is_ppp": "(PPP$)",
            "polarization": -125.152,
            "mean_poor50_is_ppp": "(PPP$)"
        },
        "implied": {
            "gamma": 0.9963628,
            "delta": 0.4622398,
            "theta": 0.7879145
        },
        "reg": {
            "RMSE": 0.01425796,
            "params": {
                "A": {
                    "coef": 0.46224,
                    "se": 0.0067084,
                    "t": 68.905
                }
            },
            "R2": 0.9994277,
            "SST": 5.683497,
            "ymean": -1.587882,
            "SSE": 0.003252629,
            "MSE": 0.0002032893
        }
    },
    "quadratic": {
        "summary": {
            "poverty_normality": "Normal",
            "sse_fitted": 1.38911e-05,
            "sse_up_to_hcindex": 5.44104e-06,
            "Z": {
                "high": 565.573,
                "low": 32.9897
            },
            "mean_month_ppp": 133.662,
            "lorenz_validity": "Valid"
        },
        "reg": {
            "RMSE": 0.001358748,
            "params": {
                "C": {
                    "coef": 0.394573,
                    "t": 22.0508,
                    "se": 0.017894
                },
                "A": {
                    "coef": 0.707687,
                    "se": 0.0079582,
                    "t": 88.9255
                },
                "B": {
                    "coef": -0.27661,
                    "se": 0.04739,
                    "t": -5.83692
                }
            },
            "R2": 0.9997546,
            "SST": 0.1203722,
            "ymean": 0.1495948,
            "SSE": 2.953915e-05,
            "MSE": 1.846197e-06
        },
        "dist": {
            "mean_poor50": 3.02852,
            "MLD": 0.319433,
            "median_ppp": 90.7523903174807,
            "median": 4.80851,
            "mean_corrected": 3.97845,
            "Gini": 43.8236,
            "mean_corrected_is_ppp": "(PPP$)",
            "median_is_ppp": "(PPP$)",
            "mean_poor50_is_ppp": "(PPP$)",
            "deciles": [
                2.54584,
                3.33861,
                4.18584,
                5.12031,
                6.19104,
                7.47983,
                9.14191,
                11.5315,
                15.77,
                34.695
            ],
            "polarization": 39.5103
        },
        "poverty": {
            "elasticity": {
                "HC_wrt_Gini": 2.38029,
                "FGT2_wrt_Gini": 9.78042,
                "FGT2_wrt_mean_C": -3.92648,
                "HC_wrt_mean_C": -1.81311,
                "PG_wrt_Gini": 6.10996,
                "PG_wrt_mean_C": -2.89234
            },
            "HC": 26.5897,
            "line_month_ppp": 57.7917,
            "PG": 6.83128,
            "FGT2": 2.30534,
            "Watt": "0.0859026"
        }
    }
}