{
    "quadratic": {
        "poverty": {
            "FGT2": 0.0,
            "Watt": "0",
            "HC": 0.0,
            "PG": 0.0,
            "elasticity": {
                "HC_wrt_mean_C": 0.0,
                "PG_wrt_Gini": 0.0,
                "PG_wrt_mean_C": 0.0,
                "FGT2_wrt_Gini": 0.0,
                "FGT2_wrt_mean_C": 0.0,
                "HC_wrt_Gini": 0.0
            },
            "line_month_ppp": 57.7917
        },
        "reg": {
            "RMSE": 0.0005028027,
            "SST": 0.1042487,
            "R2": 0.9999612,
            "params": {
                "B": {
                    "coef": -1.48953,
                    "t": -112.981,
                    "se": 0.013184
                },
                "A": {
                    "coef": 1.0275,
                    "se": 0.0042833,
                    "t": 239.884
                },
                "C": {
                    "coef": 0.251849,
                    "se": 0.010806,
                    "t": 23.3071
                }
            },
            "ymean": 0.163147,
            "MSE": 2.528106e-07,
            "SSE": 4.044969e-06
        },
        "summary": {
            "lorenz_validity": "Valid",
            "sse_up_to_hcindex": 1.8749e-06,
            "mean_month_ppp": 264.601,
            "Z": {
                "low": 88.8103,
                "high": 633.098
            },
            "poverty_normality": "Normal",
            "sse_fitted": 6.56969e-06
        },
        "dist": {
            "polarization": 23.6923,
            "MLD": 0.116729,
            "median_ppp": 236.844421347742,
            "Gini": 26.6989,
            "mean_corrected_is_ppp": "(PPP$)",
            "median": 122.316,
            "mean_poor50_is_ppp": "(PPP$)",
            "median_is_ppp": "(PPP$)",
            "mean_poor50": 85.677,
            "mean_corrected": 100.167,
            "deciles": [
                3.94285,
                5.24197,
                6.35504,
                7.38933,
                8.41963,
                9.51924,
                10.7895,
                12.4218,
                14.9255,
                20.9952
            ]
        }
    },
    "beta": {
        "poverty": {
            "FGT2": 0.012959,
            "Watt": "0.000322654",
            "HC": 0.141445,
            "PG": 0.0295311,
            "elasticity": {
                "HC_wrt_mean_C": -4.97644,
                "PG_wrt_Gini": 18.1401,
                "PG_wrt_mean_C": -3.78969,
                "FGT2_wrt_Gini": 18.3096,
                "FGT2_wrt_mean_C": -2.55761,
                "HC_wrt_Gini": 17.8084
            },
            "line_month_ppp": 57.7917
        },
        "implied": {
            "gamma": 0.9458432,
            "delta": 0.6842619,
            "theta": 0.5803774
        },
        "summary": {
            "lorenz_validity": "Valid",
            "sse_up_to_hcindex": 2.53261e-07,
            "mean_month_ppp": 264.601,
            "Z": {
                "low": 57.7481,
                "high": 605.132
            },
            "poverty_normality": "Normal",
            "sse_fitted": 4.02296e-05
        },
        "dist": {
            "polarization": -139.433,
            "MLD": 0.119021,
            "median_is_ppp": "(PPP$)",
            "Gini": 26.7371,
            "mean_corrected_is_ppp": "(PPP$)",
            "median": 123.247,
            "mean_poor50_is_ppp": "(PPP$)",
            "median_ppp": 238.645767258846,
            "mean_poor50": 85.4071,
            "mean_corrected": 100.115,
            "deciles": [
                3.88274,
                5.24593,
                6.31152,
                7.36018,
                8.44968,
                9.62584,
                10.9517,
                12.5492,
                14.7547,
                20.8685
            ]
        },
        "reg": {
            "RMSE": 0.01240911,
            "SST": 4.082613,
            "R2": 0.9993965,
            "params": {
                "B": {
                    "coef": 0.945843,
                    "t": 162.002,
                    "se": 0.0058385
                },
                "A": {
                    "coef": -0.544077,
                    "se": 0.010594,
                    "t": -51.3566
                },
                "C": {
                    "coef": 0.684262,
                    "se": 0.0058385,
                    "t": 117.199
                }
            },
            "ymean": -2.052269,
            "MSE": 0.000153986,
            "SSE": 0.002463775
        }
    },
    "dist": {
        "polarization": 23.6923,
        "uses": "GQ",
        "median": 122.316,
        "mean_poor50_is_ppp": "(PPP$)",
        "deciles": [
            3.94285,
            5.24197,
            6.35504,
            7.38933,
            8.41963,
            9.51924,
            10.7895,
            12.4218,
            14.9255,
            20.9952
        ],
        "MLD": 0.116729,
        "mean_poor50": 85.677,
        "uses_commentary": "(Both are valid, but GQ fits better)",
        "mean_corrected_is_ppp": "(PPP$)",
        "median_ppp": 236.844421347742,
        "mean_corrected": -0.516442,
        "median_is_ppp": "(PPP$)",
        "Gini": 26.6989
    },
    "summary": {
        "lorenz_validity": "Valid",
        "sse_up_to_hcindex": 2.53261e-07,
        "mean_month_ppp": 264.601,
        "Z": {
            "low": 88.8103,
            "high": 633.098
        },
        "poverty_normality": "Normal",
        "sse_fitted": 6.56969e-06
    },
    "lorenz": {
        "L": [
            0.01654357,
            0.03863014,
            0.06388764,
            0.09200195,
            0.1227443,
            0.1559649,
            0.191604,
            0.2296699,
            0.2702044,
            0.3133062,
            0.3591852,
            0.4081095,
            0.4603548,
            0.5161728,
            0.5762816,
            0.6412627,
            0.712171,
            0.7907415,
            0.8807915,
            1.0
        ],
        "p": [
            0.05,
            0.1,
            0.15,
            0.2,
            0.25,
            0.3,
            0.35,
            0.4,
            0.45,
            0.5,
            0.55,
            0.6,
            0.65,
            0.7,
            0.75,
            0.8,
            0.85,
            0.9,
            0.95,
            1.0
        ],
        "index": [
            1,
            2,
            3,
            4,
            5,
            6,
            7,
            8,
            9,
            10,
            11,
            12,
            13,
            14,
            15,
            16,
            17,
            18,
            19,
            20
        ]
    },
    "dataset": {
        "timespan": "UnDefined",
        "coverage": "National",
        "measure": "Consumption",
        "format": "Grouped",
        "source": "POL_N1993X",
        "country": "Poland",
        "year": 1993,
        "iso3c": "POL"
    },
    "poverty": {
        "FGT2": 0.012959,
        "uses": "GQ",
        "uses_commentary": "(Both are valid and normal, but GQ fits better.)",
        "HC": 0.141445,
        "PG": 0.0295311,
        "Watt": "0.000322654",
        "elasticity": {
            "HC_wrt_Gini": 17.8084,
            "HC_wrt_mean_C": -4.97644,
            "PG_wrt_mean_C": -3.78969,
            "FGT2_wrt_Gini": 18.3096,
            "FGT2_wrt_mean_C": -2.55761,
            "PG_wrt_Gini": 18.1401
        },
        "line_month_ppp": 57.7917
    }
}