{
    "beta": {
        "summary": {
            "mean_month_ppp": 426.283,
            "Z": {
                "low": 4.92248,
                "high": 891.318
            },
            "poverty_normality": "Normal",
            "sse_up_to_hcindex": 1.18634e-11,
            "lorenz_validity": "Valid",
            "sse_fitted": 3.65113e-06
        },
        "reg": {
            "params": {
                "A": {
                    "se": 0.0053085,
                    "t": 126.465,
                    "coef": 0.671337
                }
            },
            "RMSE": 0.005791605,
            "SSE": 0.0002012561,
            "MSE": 3.354268e-05,
            "ymean": -2.105688,
            "R2": 0.9997819,
            "SST": 0.9229212
        },
        "dist": {
            "MLD": 0.0955003,
            "mean_poor50": 143.831,
            "deciles": [
                4.07553,
                5.90495,
                6.97315,
                7.92786,
                8.86789,
                9.84974,
                10.9349,
                12.2306,
                14.0255,
                19.2099
            ],
            "Gini": 23.3779,
            "median_is_ppp": "(PPP$)",
            "median": 199.18,
            "mean_corrected_is_ppp": "(PPP$)",
            "polarization": -144.925,
            "mean_poor50_is_ppp": "(PPP$)",
            "median_ppp": 398.463067751112,
            "mean_corrected": 163.271
        },
        "poverty": {
            "HC": 0.300339,
            "line_month_ppp": 57.7917,
            "PG": 0.285875,
            "elasticity": {
                "FGT2_wrt_mean_C": -0.00702063,
                "FGT2_wrt_Gini": 14.7972,
                "PG_wrt_mean_C": -0.0505974,
                "HC_wrt_mean_C": -1.18614,
                "HC_wrt_Gini": 7.56308,
                "PG_wrt_Gini": 7.69881
            },
            "Watt": "Invalid",
            "FGT2": 0.284875
        },
        "implied": {
            "theta": 0.4736968,
            "delta": 0.6713374,
            "gamma": 0.8721324
        }
    },
    "quadratic": {
        "reg": {
            "params": {
                "C": {
                    "se": 0.0049541,
                    "t": 24.8969,
                    "coef": 0.123341
                },
                "A": {
                    "se": 0.0026706,
                    "t": 392.982,
                    "coef": 1.04949
                },
                "B": {
                    "se": 0.0047637,
                    "coef": -1.75303,
                    "t": -367.996
                }
            },
            "RMSE": 0.0001797379,
            "SSE": 1.938344e-07,
            "MSE": 3.230573e-08,
            "SST": 0.04240663,
            "R2": 0.9999954,
            "ymean": 0.1723958
        },
        "dist": {
            "MLD": 0.0920676,
            "mean_poor50": 144.137,
            "deciles": [
                4.12157,
                5.80959,
                7.00046,
                7.98814,
                8.90146,
                9.82726,
                10.8588,
                12.154,
                14.1269,
                19.2118
            ],
            "median": 199.351,
            "Gini": 23.3073,
            "median_is_ppp": "(PPP$)",
            "mean_corrected": 163.422,
            "mean_corrected_is_ppp": "(PPP$)",
            "polarization": 19.3476,
            "mean_poor50_is_ppp": "(PPP$)",
            "median_ppp": 398.80504519791
        },
        "poverty": {
            "HC": 0.0,
            "line_month_ppp": 57.7917,
            "PG": 0.0,
            "elasticity": {
                "FGT2_wrt_mean_C": 0.0,
                "FGT2_wrt_Gini": 0.0,
                "PG_wrt_mean_C": 0.0,
                "HC_wrt_mean_C": 0.0,
                "HC_wrt_Gini": 0.0,
                "PG_wrt_Gini": 0.0
            },
            "Watt": "0",
            "FGT2": 0.0
        },
        "summary": {
            "mean_month_ppp": 426.283,
            "Z": {
                "low": 130.5,
                "high": 927.652
            },
            "poverty_normality": "Normal",
            "sse_up_to_hcindex": 2.08787e-07,
            "lorenz_validity": "Valid",
            "sse_fitted": 8.33368e-07
        }
    },
    "dataset": {
        "iso3c": "ROU",
        "country": "Romania",
        "source": "ROU_N1989Y",
        "format": "Grouped",
        "measure": "Income",
        "timespan": "UnDefined",
        "coverage": "National",
        "year": 1989
    },
    "dist": {
        "Gini": 23.3073,
        "median_is_ppp": "(PPP$)",
        "polarization": 19.3476,
        "mean_corrected_is_ppp": "(PPP$)",
        "median": 199.351,
        "median_ppp": 398.80504519791,
        "MLD": 0.0920676,
        "mean_poor50": 144.137,
        "deciles": [
            4.12157,
            5.80959,
            7.00046,
            7.98814,
            8.90146,
            9.82726,
            10.8588,
            12.154,
            14.1269,
            19.2118
        ],
        "uses": "GQ",
        "mean_poor50_is_ppp": "(PPP$)",
        "mean_corrected": -0.499871,
        "uses_commentary": "(Both are valid, but GQ fits better)"
    },
    "lorenz": {
        "index": [
            1,
            2,
            3,
            4,
            5,
            6,
            7,
            8,
            9,
            10
        ],
        "L": [
            0.04075877,
            0.09965712,
            0.1692844,
            0.2491428,
            0.3382369,
            0.4366774,
            0.5449065,
            0.6662427,
            0.8084283,
            1.0
        ],
        "p": [
            0.1,
            0.2,
            0.3,
            0.4,
            0.5,
            0.6,
            0.7,
            0.8,
            0.9,
            1.0
        ]
    },
    "poverty": {
        "HC": 0.300339,
        "line_month_ppp": 57.7917,
        "PG": 0.285875,
        "Watt": "0",
        "FGT2": 0.284875,
        "elasticity": {
            "HC_wrt_mean_C": -1.18614,
            "FGT2_wrt_Gini": 14.7972,
            "PG_wrt_mean_C": -0.0505974,
            "FGT2_wrt_mean_C": -0.00702063,
            "HC_wrt_Gini": 7.56308,
            "PG_wrt_Gini": 7.69881
        },
        "uses": "GQ",
        "uses_commentary": "(Both are valid and normal, but GQ fits better.)"
    },
    "summary": {
        "mean_month_ppp": 426.283,
        "Z": {
            "low": 130.5,
            "high": 927.652
        },
        "poverty_normality": "Normal",
        "sse_up_to_hcindex": 1.18634e-11,
        "lorenz_validity": "Valid",
        "sse_fitted": 8.33368e-07
    }
}