{
    "distribution": {
        "index": [
            1,
            2,
            3,
            4,
            5,
            6,
            7,
            8,
            9,
            10
        ],
        "L": [
            0.03569028,
            0.0885173,
            0.1521888,
            0.2251039,
            0.307772,
            0.4005184,
            0.5056502,
            0.6272082,
            0.7741962,
            1.0
        ],
        "p": [
            0.1,
            0.2,
            0.3,
            0.4,
            0.5,
            0.6,
            0.7,
            0.8,
            0.9,
            1.0
        ]
    },
    "deciles": [
        3.70466,
        5.14814,
        6.29497,
        7.31386,
        8.30135,
        9.33948,
        10.5343,
        12.0875,
        14.5793,
        22.6965
    ],
    "elasticity": {
        "HC": {
            "Gini": 3.74914,
            "meancons": -3.39201
        },
        "PG": {
            "Gini": 5.84631,
            "meancons": -3.38466
        },
        "FGT2": {
            "Gini": 7.39997,
            "meancons": -2.88559
        }
    },
    "dist": {
        "MLD": 0.132421,
        "mean_corrected": -0.499871,
        "Gini": 28.2006,
        "mean_corrected_is_ppp": "(PPP$)",
        "uses_commentary": "(Both are valid, but GQ fits better)",
        "mean_poor50": 37.419,
        "polarization": 23.3365,
        "median_ppp": 107.124563508677,
        "median": 53.5485,
        "uses": "GQ",
        "median_is_ppp": "(PPP$)",
        "mean_poor50_is_ppp": "(PPP$)"
    },
    "dataset": {
        "country": "Romania",
        "timespan": "UnDefined",
        "year": 1994,
        "measure": "Income",
        "cc3": "ROU",
        "format": "Grouped",
        "coverage": "National",
        "source": "ROU_N1994Y"
    },
    "beta": {
        "reg": {
            "RMSE": 0.005937826,
            "SST": 1.08321,
            "SSE": 0.0002115466,
            "params": {
                "A": {
                    "coef": 0.589601,
                    "se": 0.0054425,
                    "t": 108.332
                }
            },
            "R2": 0.9998047,
            "MSE": 3.525777e-05,
            "ymean": -1.924579
        },
        "deciles": [
            3.59186,
            5.25421,
            6.30566,
            7.28445,
            8.28282,
            9.36347,
            10.6064,
            12.1651,
            14.4782,
            22.6678
        ],
        "elasticity": {
            "HC": {
                "Gini": 3.74914,
                "meancons": -3.39201
            },
            "PG": {
                "Gini": 5.84631,
                "meancons": -3.38466
            },
            "FGT2": {
                "Gini": 7.39997,
                "meancons": -2.88559
            }
        },
        "dist": {
            "MLD": 0.136313,
            "median": 53.5442,
            "mean_corrected": 43.6142,
            "Gini": 28.2877,
            "mean_corrected_is_ppp": "(PPP$)",
            "median_is_ppp": "(PPP$)",
            "mean_poor50_is_ppp": "(PPP$)",
            "polarization": -141.436,
            "mean_poor50": 37.3655,
            "median_ppp": 107.115983816284
        },
        "poverty": {
            "HC": 10.7221,
            "line_month_ppp": 57.7917,
            "FGT2": 1.00105,
            "Watt": "0.0295155",
            "PG": 2.44536
        },
        "implied": {
            "theta": 0.5413432,
            "delta": 0.5896013,
            "gamma": 0.8997618
        },
        "summary": {
            "Z": {
                "low": 7.37746,
                "high": 301.672
            },
            "normality": "Normal",
            "mean_ppp": 121.668,
            "validity": "Valid",
            "sse": {
                "tohc": 5.5317e-08,
                "fitted": 5.56088e-06
            }
        }
    },
    "poverty": {
        "PG": 2.44536,
        "FGT2": 1.00105,
        "uses": "GQ",
        "uses_commentary": "(Both are valid and normal, but GQ fits better.)",
        "HC": 10.7221,
        "line_month_ppp": 57.7917,
        "Watt": "0.0295155"
    },
    "summary": {
        "Z": {
            "low": 38.3751,
            "high": 323.783
        },
        "sse": {
            "tohc": 5.5317e-08,
            "fitted": 4.72434e-06
        },
        "normality": "Normal",
        "mean_ppp": 121.668,
        "validity": "Valid"
    },
    "quadratic": {
        "reg": {
            "RMSE": 0.0005543323,
            "SST": 0.04531748,
            "SSE": 1.843706e-06,
            "params": {
                "B": {
                    "se": 0.017988,
                    "coef": -1.53896,
                    "t": -85.5539
                },
                "C": {
                    "coef": 0.164844,
                    "se": 0.013322,
                    "t": 12.3739
                },
                "A": {
                    "coef": 0.961868,
                    "se": 0.0057948,
                    "t": 165.987
                }
            },
            "R2": 0.9999593,
            "MSE": 3.072843e-07,
            "ymean": 0.1700347
        },
        "deciles": [
            3.70466,
            5.14814,
            6.29497,
            7.31386,
            8.30135,
            9.33948,
            10.5343,
            12.0875,
            14.5793,
            22.6965
        ],
        "elasticity": {
            "HC": {
                "Gini": 3.29851,
                "meancons": -2.98431
            },
            "PG": {
                "Gini": 6.81584,
                "meancons": -4.26184
            },
            "FGT2": {
                "Gini": 10.4153,
                "meancons": -5.61367
            }
        },
        "dist": {
            "MLD": 0.132421,
            "median": 53.5485,
            "mean_corrected": 43.6672,
            "Gini": 28.2006,
            "mean_corrected_is_ppp": "(PPP$)",
            "median_is_ppp": "(PPP$)",
            "mean_poor50_is_ppp": "(PPP$)",
            "polarization": 23.3365,
            "mean_poor50": 37.419,
            "median_ppp": 107.124563508677
        },
        "poverty": {
            "HC": 11.8342,
            "line_month_ppp": 57.7917,
            "Watt": "0.02685",
            "FGT2": 0.590795,
            "PG": 2.24906
        },
        "summary": {
            "Z": {
                "low": 38.3751,
                "high": 323.783
            },
            "sse": {
                "tohc": 1.83958e-06,
                "fitted": 4.72434e-06
            },
            "normality": "Normal",
            "mean_ppp": 121.668,
            "validity": "Valid"
        }
    }
}