{
    "quadratic": {
        "poverty": {
            "FGT2": 0.0,
            "Watt": "0",
            "HC": 0.0,
            "PG": 0.0,
            "elasticity": {
                "HC_wrt_mean_C": 0.0,
                "PG_wrt_Gini": 0.0,
                "PG_wrt_mean_C": 0.0,
                "FGT2_wrt_Gini": 0.0,
                "FGT2_wrt_mean_C": 0.0,
                "HC_wrt_Gini": 0.0
            },
            "line_month_ppp": 57.7917
        },
        "reg": {
            "RMSE": 0.0008994928,
            "SST": 0.03307426,
            "R2": 0.9999755,
            "params": {
                "B": {
                    "coef": -1.66377,
                    "t": -39.6593,
                    "se": 0.041952
                },
                "A": {
                    "coef": 1.06059,
                    "se": 0.027526,
                    "t": 38.5302
                },
                "C": {
                    "coef": 0.201763,
                    "se": 0.046326,
                    "t": 4.35531
                }
            },
            "ymean": 0.1433481,
            "MSE": 8.090873e-07,
            "SSE": 8.090873e-07
        },
        "summary": {
            "lorenz_validity": "Valid",
            "sse_up_to_hcindex": 1.0292e-06,
            "mean_month_ppp": 172.0,
            "Z": {
                "low": 62.3276,
                "high": 366.924
            },
            "poverty_normality": "Normal",
            "sse_fitted": 1.72741e-06
        },
        "dist": {
            "polarization": 20.6505,
            "MLD": 0.0925813,
            "median_ppp": 159.398603123291,
            "Gini": 23.6814,
            "mean_corrected_is_ppp": "(PPP$)",
            "median": 9.50548,
            "mean_poor50_is_ppp": "(PPP$)",
            "median_is_ppp": "(PPP$)",
            "mean_poor50": 6.8465,
            "mean_corrected": 7.82796,
            "deciles": [
                4.26143,
                5.68973,
                6.8213,
                7.82097,
                8.78149,
                9.77832,
                10.9029,
                12.3156,
                14.424,
                19.2042
            ]
        }
    },
    "beta": {
        "poverty": {
            "FGT2": 0.149276,
            "Watt": "0.00339314",
            "HC": 1.37118,
            "PG": 0.310765,
            "elasticity": {
                "HC_wrt_mean_C": -4.45392,
                "PG_wrt_Gini": 9.71962,
                "PG_wrt_mean_C": -3.41229,
                "FGT2_wrt_Gini": 10.2282,
                "FGT2_wrt_mean_C": -2.16362,
                "HC_wrt_Gini": 8.80189
            },
            "line_month_ppp": 57.7917
        },
        "implied": {
            "gamma": 0.9066069,
            "delta": 0.6827301,
            "theta": 0.5005331
        },
        "summary": {
            "lorenz_validity": "Valid",
            "sse_up_to_hcindex": 6.54914e-10,
            "mean_month_ppp": 172.0,
            "Z": {
                "low": 27.4286,
                "high": 362.248
            },
            "poverty_normality": "Normal",
            "sse_fitted": 9.32231e-08
        },
        "dist": {
            "polarization": -145.461,
            "MLD": 0.0963437,
            "median_is_ppp": "(PPP$)",
            "Gini": 23.7955,
            "mean_corrected_is_ppp": "(PPP$)",
            "median": 9.49303,
            "mean_poor50_is_ppp": "(PPP$)",
            "median_ppp": 159.189810656749,
            "mean_poor50": 6.84469,
            "mean_corrected": 7.81626,
            "deciles": [
                4.22455,
                5.78515,
                6.81892,
                7.78293,
                8.75452,
                9.78324,
                10.9281,
                12.2966,
                14.1806,
                19.4454
            ]
        },
        "reg": {
            "RMSE": 0.002335972,
            "SST": 1.277095,
            "R2": 0.9999957,
            "params": {
                "B": {
                    "coef": 0.906607,
                    "t": 336.506,
                    "se": 0.0026942
                },
                "A": {
                    "coef": -0.692082,
                    "se": 0.0064572,
                    "t": -107.179
                },
                "C": {
                    "coef": 0.68273,
                    "se": 0.0046346,
                    "t": 147.312
                }
            },
            "ymean": -2.325561,
            "MSE": 5.456766e-06,
            "SSE": 5.456766e-06
        }
    },
    "dist": {
        "polarization": -145.461,
        "uses": "Beta",
        "median": 9.49303,
        "mean_poor50_is_ppp": "(PPP$)",
        "deciles": [
            4.22455,
            5.78515,
            6.81892,
            7.78293,
            8.75452,
            9.78324,
            10.9281,
            12.2966,
            14.1806,
            19.4454
        ],
        "MLD": 0.0963437,
        "mean_poor50": 6.84469,
        "uses_commentary": "(Both are valid, but Beta fits better)",
        "mean_corrected_is_ppp": "(PPP$)",
        "median_ppp": 159.189810656749,
        "mean_corrected": -0.0596334,
        "median_is_ppp": "(PPP$)",
        "Gini": 23.7955
    },
    "summary": {
        "lorenz_validity": "Valid",
        "sse_up_to_hcindex": 6.54914e-10,
        "mean_month_ppp": 172.0,
        "Z": {
            "low": 27.4286,
            "high": 362.248
        },
        "poverty_normality": "Normal",
        "sse_fitted": 9.32231e-08
    },
    "lorenz": {
        "L": [
            0.02392519,
            0.0964761,
            0.3654762,
            0.6379575,
            1.0
        ],
        "p": [
            0.063,
            0.194,
            0.534,
            0.78,
            1.0
        ],
        "index": [
            1,
            2,
            3,
            4,
            5
        ]
    },
    "dataset": {
        "timespan": "UnDefined",
        "coverage": "National",
        "measure": "Income",
        "format": "Grouped",
        "source": "RUS_N1988Y",
        "country": "Russian Federation",
        "year": 1988,
        "iso3c": "RUS"
    },
    "poverty": {
        "FGT2": 0.149276,
        "uses": "Beta",
        "uses_commentary": "(Both are valid and normal, but Beta fits better.)",
        "HC": 1.37118,
        "PG": 0.310765,
        "Watt": "0.00339314",
        "elasticity": {
            "HC_wrt_Gini": 8.80189,
            "HC_wrt_mean_C": -4.45392,
            "PG_wrt_mean_C": -3.41229,
            "FGT2_wrt_Gini": 10.2282,
            "FGT2_wrt_mean_C": -2.16362,
            "PG_wrt_Gini": 9.71962
        },
        "line_month_ppp": 57.7917
    }
}