{
    "distribution": {
        "index": [
            1,
            2,
            3,
            4,
            5,
            6,
            7,
            8,
            9,
            10
        ],
        "L": [
            0.04184772,
            0.09699379,
            0.1591887,
            0.2289474,
            0.3068385,
            0.3935112,
            0.4932516,
            0.6094982,
            0.757706,
            1.0
        ],
        "p": [
            0.1,
            0.2,
            0.3,
            0.4,
            0.5,
            0.6,
            0.7,
            0.8,
            0.9,
            1.0
        ]
    },
    "deciles": [
        4.40494,
        5.2933,
        6.12907,
        6.96107,
        7.83695,
        8.81827,
        10.0076,
        11.6246,
        14.3396,
        24.5846
    ],
    "elasticity": {
        "HC": {
            "Gini": 0.0432939,
            "meancons": -1.24125
        },
        "PG": {
            "Gini": 1.11335,
            "meancons": -2.24975
        },
        "FGT2": {
            "Gini": 2.17632,
            "meancons": -3.05514
        }
    },
    "dist": {
        "MLD": 0.135376,
        "mean_corrected": -0.0040513,
        "Gini": 28.8986,
        "mean_corrected_is_ppp": "(PPP$)",
        "uses_commentary": "(Both are valid, but GQ fits better)",
        "mean_poor50": 0.148409,
        "polarization": 23.7266,
        "median_ppp": 49.6613094785605,
        "median": 0.201193,
        "uses": "GQ",
        "median_is_ppp": "(PPP$)",
        "mean_poor50_is_ppp": "(PPP$)"
    },
    "dataset": {
        "country": "Rwanda",
        "timespan": "UnDefined",
        "year": 1984,
        "measure": "Consumption",
        "cc3": "RWA",
        "format": "Grouped",
        "coverage": "National",
        "source": "RWA_N1984X"
    },
    "beta": {
        "reg": {
            "RMSE": 0.01601521,
            "SST": 1.385943,
            "SSE": 0.001538921,
            "params": {
                "A": {
                    "coef": 0.52801,
                    "se": 0.014679,
                    "t": 35.9697
                }
            },
            "R2": 0.9988896,
            "MSE": 0.0002564868,
            "ymean": -1.916635
        },
        "deciles": [
            4.26616,
            5.32497,
            6.15071,
            6.9838,
            7.88094,
            8.89577,
            10.1116,
            11.7031,
            14.1922,
            24.4907
        ],
        "elasticity": {
            "HC": {
                "Gini": 0.0438309,
                "meancons": -1.25665
            },
            "PG": {
                "Gini": 1.11237,
                "meancons": -2.22166
            },
            "FGT2": {
                "Gini": 2.17358,
                "meancons": -2.97659
            }
        },
        "dist": {
            "MLD": 0.139673,
            "median": 0.202643,
            "mean_corrected": 0.17212,
            "Gini": 28.9635,
            "mean_corrected_is_ppp": "(PPP$)",
            "median_is_ppp": "(PPP$)",
            "mean_poor50_is_ppp": "(PPP$)",
            "polarization": -150.382,
            "mean_poor50": 0.148318,
            "median_ppp": 50.0191904142432
        },
        "poverty": {
            "HC": 61.6538,
            "line_month_ppp": 57.7917,
            "FGT2": 7.69092,
            "Watt": "0.248688",
            "PG": 19.1373
        },
        "implied": {
            "theta": 0.5402172,
            "delta": 0.5280097,
            "gamma": 0.9499621
        },
        "summary": {
            "Z": {
                "low": 20.489,
                "high": 157.968
            },
            "normality": "Normal",
            "mean_ppp": 59.8074,
            "validity": "Valid",
            "sse": {
                "tohc": 1.90542e-05,
                "fitted": 3.93727e-05
            }
        }
    },
    "poverty": {
        "PG": 19.2188,
        "FGT2": 7.60365,
        "uses": "GQ",
        "uses_commentary": "(Both are valid and normal, but GQ fits better.)",
        "HC": 62.456,
        "line_month_ppp": 57.7917,
        "Watt": "0.253645"
    },
    "summary": {
        "Z": {
            "low": 27.5543,
            "high": 173.035
        },
        "sse": {
            "tohc": 9.60297e-06,
            "fitted": 2.3807e-05
        },
        "normality": "Normal",
        "mean_ppp": 59.8074,
        "validity": "Valid"
    },
    "quadratic": {
        "reg": {
            "RMSE": 0.001329655,
            "SST": 0.04264937,
            "SSE": 1.060789e-05,
            "params": {
                "B": {
                    "se": 0.069369,
                    "coef": -1.23941,
                    "t": -17.867
                },
                "C": {
                    "coef": 0.338407,
                    "se": 0.047897,
                    "t": 7.06535
                },
                "A": {
                    "coef": 0.762447,
                    "se": 0.021001,
                    "t": 36.3051
                }
            },
            "R2": 0.9997513,
            "MSE": 1.767981e-06,
            "ymean": 0.1734402
        },
        "deciles": [
            4.40494,
            5.2933,
            6.12907,
            6.96107,
            7.83695,
            8.81827,
            10.0076,
            11.6246,
            14.3396,
            24.5846
        ],
        "elasticity": {
            "HC": {
                "Gini": 0.0432939,
                "meancons": -1.24125
            },
            "PG": {
                "Gini": 1.11335,
                "meancons": -2.24975
            },
            "FGT2": {
                "Gini": 2.17632,
                "meancons": -3.05514
            }
        },
        "dist": {
            "MLD": 0.135376,
            "median": 0.201193,
            "mean_corrected": 0.172277,
            "Gini": 28.8986,
            "mean_corrected_is_ppp": "(PPP$)",
            "median_is_ppp": "(PPP$)",
            "mean_poor50_is_ppp": "(PPP$)",
            "polarization": 23.7266,
            "mean_poor50": 0.148409,
            "median_ppp": 49.6613094785605
        },
        "poverty": {
            "HC": 62.456,
            "line_month_ppp": 57.7917,
            "Watt": "0.253645",
            "FGT2": 7.60365,
            "PG": 19.2188
        },
        "summary": {
            "Z": {
                "low": 27.5543,
                "high": 173.035
            },
            "sse": {
                "tohc": 9.60297e-06,
                "fitted": 2.3807e-05
            },
            "normality": "Normal",
            "mean_ppp": 59.8074,
            "validity": "Valid"
        }
    }
}