{
    "dist": {
        "Gini": 41.4407,
        "uses": "Beta",
        "mean_corrected_ppp": -0.00406327,
        "mean_poor50_ppp": 0.136227,
        "median_ppp": 0.20801,
        "polarization": -134.888,
        "MLD": 0.295703,
        "uses_commentary": "(Both are valid and normal, but Beta fits better.)"
    },
    "deciles": [
        2.62446,
        3.83546,
        4.72939,
        5.63149,
        6.61873,
        7.76635,
        9.19593,
        11.1724,
        14.5314,
        33.8943
    ],
    "distribution": {
        "L": [
            0.02624518,
            0.06518117,
            0.1127203,
            0.1692796,
            0.2352514,
            0.3121208,
            0.4019024,
            0.5130861,
            0.6630209,
            1.0
        ],
        "index": [
            1,
            2,
            3,
            4,
            5,
            6,
            7,
            8,
            9,
            10
        ],
        "p": [
            0.1012,
            0.2002,
            0.3,
            0.4004,
            0.5001,
            0.6002,
            0.7002,
            0.8,
            0.9,
            1.0
        ]
    },
    "elasticity": {
        "FGT2": {
            "meancons": -2.11364,
            "Gini": 2.97697
        },
        "HC": {
            "meancons": -1.05802,
            "Gini": 0.251274
        },
        "PG": {
            "Gini": 1.63737,
            "meancons": -1.68373
        }
    },
    "dataset": {
        "format": "Grouped",
        "measure": "Consumption",
        "year": 1994,
        "source": "SEN_N1994X",
        "cc3": "SEN",
        "timespan": "UnDefined",
        "coverage": "National",
        "country": "Senegal"
    },
    "beta": {
        "dist": {
            "Gini": 41.4407,
            "mean_corrected_ppp": 0.170169,
            "mean_poor50_ppp": 0.136227,
            "median_ppp": 0.20801,
            "polarization": -134.888,
            "MLD": 0.295703
        },
        "deciles": [
            2.62446,
            3.83546,
            4.72939,
            5.63149,
            6.61873,
            7.76635,
            9.19593,
            11.1724,
            14.5314,
            33.8943
        ],
        "implied": {
            "delta": 0.411331,
            "theta": 0.6806549,
            "gamma": 0.946312
        },
        "elasticity": {
            "FGT2": {
                "meancons": -2.11364,
                "Gini": 2.97697
            },
            "HC": {
                "Gini": 0.251274,
                "meancons": -1.05802
            },
            "PG": {
                "Gini": 1.63737,
                "meancons": -1.68373
            }
        },
        "poverty": {
            "Watt": 0.305007,
            "FGT2": 10.4211,
            "HC": 57.5237,
            "PG": 21.4343,
            "line_month_ppp": 57.7917
        },
        "summary": {
            "normality": "Normal",
            "sse": {
                "tohc": 2.40408e-06,
                "fitted": 1.86873e-05
            },
            "mean_ppp": 71.5169,
            "Z": {
                "high": 254.788,
                "low": 8.82602
            },
            "validity": "Valid"
        },
        "reg": {
            "ymean": -1.578257,
            "SSE": 0.0002990742,
            "RMSE": 0.007060148,
            "SST": 1.664927,
            "R2": 0.9998204,
            "params": {
                "A": {
                    "coef": 0.411331,
                    "t": 63.362,
                    "se": 0.0064918
                }
            },
            "MSE": 4.984569e-05
        }
    },
    "poverty": {
        "Watt": 0.305007,
        "FGT2": 10.4211,
        "HC": 57.5237,
        "PG": 21.4343,
        "line_month_ppp": 57.7917
    },
    "summary": {
        "normality": "Normal",
        "sse": {
            "tohc": 2.40408e-06,
            "fitted": 1.86873e-05
        },
        "mean_ppp": 71.5169,
        "Z": {
            "high": 254.788,
            "low": 8.82602
        },
        "validity": "Valid"
    },
    "quadratic": {
        "dist": {
            "Gini": 41.4719,
            "mean_corrected_ppp": 0.170078,
            "mean_poor50_ppp": 0.136141,
            "median_ppp": 0.207965,
            "polarization": 32.6372,
            "MLD": 0.294616
        },
        "deciles": [
            2.7949,
            3.74462,
            4.66613,
            5.60551,
            6.61362,
            7.76173,
            9.17416,
            11.1245,
            14.4695,
            34.0453
        ],
        "elasticity": {
            "FGT2": {
                "meancons": -2.16351,
                "Gini": 2.98881
            },
            "HC": {
                "Gini": 0.253399,
                "meancons": -1.06696
            },
            "PG": {
                "Gini": 1.63731,
                "meancons": -1.68347
            }
        },
        "poverty": {
            "Watt": 0.308802,
            "FGT2": 10.3065,
            "HC": 57.5754,
            "PG": 21.4556,
            "line_month_ppp": 57.7917
        },
        "summary": {
            "normality": "Normal",
            "sse": {
                "tohc": 6.661e-06,
                "fitted": 2.54772e-05
            },
            "mean_ppp": 71.5169,
            "Z": {
                "high": 250.18,
                "low": 20.5083
            },
            "validity": "Valid"
        },
        "reg": {
            "ymean": 0.1594852,
            "SSE": 1.68534e-05,
            "RMSE": 0.001675977,
            "SST": 0.0538016,
            "R2": 0.9996867,
            "params": {
                "B": {
                    "coef": -0.861428,
                    "t": -12.0391,
                    "se": 0.071553
                },
                "A": {
                    "coef": 0.710121,
                    "t": 45.1652,
                    "se": 0.015723
                },
                "C": {
                    "coef": 0.253229,
                    "t": 8.15408,
                    "se": 0.031055
                }
            },
            "MSE": 2.8089e-06
        }
    }
}