{
    "sample": {
        "N": 265,
        "effective_pop_wealth": 309305000.0,
        "month_max_is_ppp": "(PPP$)",
        "effective_pop_N": 9196.0,
        "month_max": 583611.0,
        "month_min": 0.0,
        "effective_pop_wealth_is_ppp": "(PPP$)",
        "month_min_is_ppp": "(PPP$)"
    },
    "dist": {
        "Gini": 0.576097,
        "MLD": 1.61226,
        "median_ppp": 139.108,
        "deciles": [
            0.0,
            1.0093,
            2.6861,
            3.6262,
            5.1908,
            7.3674,
            8.7283,
            11.155,
            17.513,
            42.724
        ]
    },
    "summary": {
        "mean_month_ppp": 217.413,
        "ppp": 1.88482,
        "mean_month_lcu": 63395.3
    },
    "poverty": {
        "FGT2": 0.145721,
        "line_month_lcu": 16851.5,
        "Watt": 0.10056,
        "line_day_ppp": 1.9,
        "HC": 0.233797,
        "PG": 0.165567,
        "line_month_ppp": 57.7917
    },
    "dataset": {
        "timespan": "UnDefined",
        "coverage": "National",
        "measure": "Income",
        "format": "Unit record",
        "source": "SUR_N1999Y",
        "country": "Suriname",
        "year": 1999,
        "iso3c": "SUR"
    },
    "lorenz": {
        "L": [
            0.0,
            0.0,
            0.0022988,
            0.010627,
            0.024759,
            0.037849,
            0.061932,
            0.073407,
            0.10071,
            0.12883,
            0.16007,
            0.208,
            0.24407,
            0.28745,
            0.3412,
            0.3991,
            0.48369,
            0.57441,
            0.71838,
            1.0
        ],
        "p": [
            0.1132,
            0.1132,
            0.15115,
            0.20335,
            0.25826,
            0.30307,
            0.3706,
            0.4005,
            0.45846,
            0.50631,
            0.55133,
            0.61157,
            0.65398,
            0.7015,
            0.75337,
            0.80122,
            0.85537,
            0.90083,
            0.95313,
            1.0
        ],
        "index": [
            0,
            1,
            2,
            3,
            4,
            5,
            6,
            7,
            8,
            9,
            10,
            11,
            12,
            13,
            14,
            15,
            16,
            17,
            18,
            19
        ]
    }
}