{
    "summary": {
        "poverty_normality": "Normal",
        "sse_fitted": 4.52328e-05,
        "sse_up_to_hcindex": 5.94305e-07,
        "Z": {
            "high": 1950.17,
            "low": 235.848
        },
        "mean_month_ppp": 711.533,
        "lorenz_validity": "Valid"
    },
    "poverty": {
        "uses": "GQ",
        "elasticity": {
            "HC_wrt_Gini": 14.5638,
            "FGT2_wrt_Gini": 25.6789,
            "FGT2_wrt_mean_C": -0.093251,
            "PG_wrt_mean_C": -0.0268471,
            "HC_wrt_mean_C": -1.28746,
            "PG_wrt_Gini": 12.6157
        },
        "HC": 0.0230501,
        "uses_commentary": "(Both are valid and normal, but GQ fits better.)",
        "line_month_ppp": 57.7917,
        "PG": 0.0224475,
        "FGT2": 0.0214475,
        "Watt": "0"
    },
    "dist": {
        "MLD": 0.131607,
        "median_ppp": 615.410859202975,
        "median": 903.29,
        "mean_corrected": -1.46778,
        "Gini": 28.4067,
        "median_is_ppp": "(PPP$)",
        "uses": "GQ",
        "mean_poor50": 639.204,
        "polarization": 24.0233,
        "deciles": [
            3.94381,
            5.15366,
            6.19464,
            7.16717,
            8.14289,
            9.19465,
            10.4279,
            12.053,
            14.6816,
            23.0407
        ],
        "uses_commentary": "(Both are valid, but GQ fits better)",
        "mean_corrected_is_ppp": "(PPP$)",
        "mean_poor50_is_ppp": "(PPP$)"
    },
    "lorenz": {
        "L": [
            0.01559097,
            0.03741359,
            0.06269136,
            0.09091714,
            0.1212787,
            0.1539508,
            0.1889507,
            0.2259048,
            0.2650059,
            0.3063092,
            0.3502187,
            0.3968422,
            0.4468288,
            0.5007655,
            0.5590365,
            0.62237,
            0.692846,
            0.772308,
            0.8660874,
            1.0
        ],
        "index": [
            1,
            2,
            3,
            4,
            5,
            6,
            7,
            8,
            9,
            10,
            11,
            12,
            13,
            14,
            15,
            16,
            17,
            18,
            19,
            20
        ],
        "p": [
            0.05,
            0.1,
            0.15,
            0.2,
            0.25,
            0.3,
            0.35,
            0.4,
            0.45,
            0.5,
            0.55,
            0.6,
            0.65,
            0.7,
            0.75,
            0.8,
            0.85,
            0.9,
            0.95,
            1.0
        ]
    },
    "dataset": {
        "coverage": "National",
        "country": "Slovenia",
        "timespan": "UnDefined",
        "source": "SVN_N1998X",
        "iso3c": "SVN",
        "format": "Grouped",
        "year": 1998,
        "measure": "Consumption"
    },
    "beta": {
        "summary": {
            "poverty_normality": "Normal",
            "sse_fitted": 0.000119636,
            "sse_up_to_hcindex": 5.94305e-07,
            "Z": {
                "high": 1789.3,
                "low": 116.578
            },
            "mean_month_ppp": 711.533,
            "lorenz_validity": "Valid"
        },
        "poverty": {
            "elasticity": {
                "HC_wrt_Gini": 14.5638,
                "FGT2_wrt_Gini": 25.6789,
                "FGT2_wrt_mean_C": -0.093251,
                "HC_wrt_mean_C": -1.28746,
                "PG_wrt_Gini": 12.6157,
                "PG_wrt_mean_C": -0.0268471
            },
            "HC": 0.0230501,
            "line_month_ppp": 57.7917,
            "PG": 0.0224475,
            "FGT2": 0.0214475,
            "Watt": "Invalid"
        },
        "dist": {
            "mean_poor50": 637.13,
            "MLD": 0.1354,
            "median_ppp": 621.364024635394,
            "median": 912.028,
            "mean_corrected": 747.644,
            "Gini": 28.4124,
            "deciles": [
                3.78742,
                5.17429,
                6.18326,
                7.1659,
                8.192,
                9.31658,
                10.6165,
                12.2436,
                14.6328,
                22.6877
            ],
            "mean_corrected_is_ppp": "(PPP$)",
            "median_is_ppp": "(PPP$)",
            "polarization": -140.039,
            "mean_poor50_is_ppp": "(PPP$)"
        },
        "implied": {
            "gamma": 0.9324816,
            "delta": 0.607499,
            "theta": 0.5669582
        },
        "reg": {
            "RMSE": 0.01935917,
            "params": {
                "A": {
                    "coef": 0.607499,
                    "se": 0.0091085,
                    "t": 66.6959
                }
            },
            "R2": 0.9985424,
            "SST": 4.11387,
            "ymean": -1.992278,
            "SSE": 0.005996437,
            "MSE": 0.0003747773
        }
    },
    "quadratic": {
        "summary": {
            "poverty_normality": "Normal",
            "sse_fitted": 4.52328e-05,
            "sse_up_to_hcindex": 6.01904e-06,
            "Z": {
                "high": 1950.17,
                "low": 235.848
            },
            "mean_month_ppp": 711.533,
            "lorenz_validity": "Valid"
        },
        "reg": {
            "RMSE": 0.001080561,
            "params": {
                "C": {
                    "coef": 0.235555,
                    "t": 11.3012,
                    "se": 0.020843
                },
                "A": {
                    "coef": 0.915187,
                    "se": 0.0080579,
                    "t": 113.577
                },
                "B": {
                    "coef": -1.42441,
                    "se": 0.028919,
                    "t": -49.2544
                }
            },
            "R2": 0.9998218,
            "SST": 0.1048549,
            "ymean": 0.1639606,
            "SSE": 1.868178e-05,
            "MSE": 1.167611e-06
        },
        "dist": {
            "mean_poor50": 639.204,
            "MLD": 0.131607,
            "median_ppp": 615.410859202975,
            "median": 903.29,
            "mean_corrected": 747.704,
            "Gini": 28.4067,
            "mean_corrected_is_ppp": "(PPP$)",
            "median_is_ppp": "(PPP$)",
            "mean_poor50_is_ppp": "(PPP$)",
            "deciles": [
                3.94381,
                5.15366,
                6.19464,
                7.16717,
                8.14289,
                9.19465,
                10.4279,
                12.053,
                14.6816,
                23.0407
            ],
            "polarization": 24.0233
        },
        "poverty": {
            "elasticity": {
                "HC_wrt_Gini": 0.0,
                "FGT2_wrt_Gini": 0.0,
                "FGT2_wrt_mean_C": 0.0,
                "HC_wrt_mean_C": 0.0,
                "PG_wrt_Gini": 0.0,
                "PG_wrt_mean_C": 0.0
            },
            "HC": 0.0,
            "line_month_ppp": 57.7917,
            "PG": 0.0,
            "FGT2": 0.0,
            "Watt": "0"
        }
    }
}