{
    "sample": {
        "N": 813,
        "effective_pop_wealth": 262.187,
        "month_max_is_ppp": "(PPP$)",
        "effective_pop_N": 0.999983,
        "month_max": 7505.87,
        "month_min": 6.99799,
        "effective_pop_wealth_is_ppp": "(PPP$)",
        "month_min_is_ppp": "(PPP$)"
    },
    "dist": {
        "Gini": 0.427767,
        "MLD": 0.319693,
        "median_ppp": 422.06,
        "deciles": [
            2.1248,
            3.5755,
            4.5154,
            5.5851,
            6.5999,
            7.8561,
            9.3993,
            11.493,
            14.846,
            34.006
        ]
    },
    "summary": {
        "mean_month_ppp": 584.29,
        "ppp": 7.89513,
        "mean_month_lcu": 2070.03
    },
    "poverty": {
        "FGT2": 0.000305956,
        "line_month_lcu": 204.745,
        "Watt": 0.0013159,
        "line_day_ppp": 1.9,
        "HC": 0.0057629,
        "PG": 0.00105637,
        "line_month_ppp": 57.7917
    },
    "dataset": {
        "timespan": "UnDefined",
        "coverage": "National",
        "measure": "Consumption",
        "format": "Unit record",
        "source": "SYC_N1999X",
        "country": "Seychelles",
        "year": 1999,
        "iso3c": "SYC"
    },
    "lorenz": {
        "L": [
            0.0079351,
            0.021434,
            0.038184,
            0.057424,
            0.078522,
            0.10287,
            0.12943,
            0.1584,
            0.19009,
            0.22411,
            0.26189,
            0.30277,
            0.34805,
            0.39659,
            0.45089,
            0.512,
            0.58101,
            0.66028,
            0.75837,
            1.0
        ],
        "p": [
            0.050046,
            0.1007,
            0.15105,
            0.20109,
            0.25053,
            0.30149,
            0.35093,
            0.40067,
            0.45102,
            0.50015,
            0.5505,
            0.60024,
            0.6509,
            0.70003,
            0.75008,
            0.80042,
            0.85017,
            0.90021,
            0.95026,
            1.0
        ],
        "index": [
            0,
            1,
            2,
            3,
            4,
            5,
            6,
            7,
            8,
            9,
            10,
            11,
            12,
            13,
            14,
            15,
            16,
            17,
            18,
            19
        ]
    }
}