{
    "beta": {
        "summary": {
            "mean_month_ppp": 128.201,
            "Z": {
                "low": 19.6982,
                "high": 447.736
            },
            "poverty_normality": "Normal",
            "sse_up_to_hcindex": 3.26563e-06,
            "lorenz_validity": "Valid",
            "sse_fitted": 3.13019e-05
        },
        "reg": {
            "params": {
                "A": {
                    "se": 0.0088054,
                    "t": 55.5886,
                    "coef": 0.48948
                }
            },
            "RMSE": 0.009606735,
            "SSE": 0.0005537362,
            "MSE": 9.228936e-05,
            "ymean": -1.582177,
            "R2": 0.9996489,
            "SST": 1.57725
        },
        "dist": {
            "MLD": 0.285127,
            "mean_poor50": 38.5847,
            "deciles": [
                2.46179,
                3.58227,
                4.56978,
                5.61047,
                6.76418,
                8.10081,
                9.73913,
                11.937,
                15.4835,
                31.7511
            ],
            "Gini": 40.8945,
            "median_is_ppp": "(PPP$)",
            "median": 62.0566,
            "mean_corrected_is_ppp": "(PPP$)",
            "polarization": -126.463,
            "mean_poor50_is_ppp": "(PPP$)",
            "median_ppp": 94.7991121164897,
            "mean_corrected": 49.6024
        },
        "poverty": {
            "HC": 24.4042,
            "line_month_ppp": 57.7917,
            "PG": 6.80537,
            "elasticity": {
                "FGT2_wrt_mean_C": -3.17163,
                "FGT2_wrt_Gini": 8.30074,
                "PG_wrt_mean_C": -2.58602,
                "HC_wrt_mean_C": -1.85228,
                "HC_wrt_Gini": 2.25668,
                "PG_wrt_Gini": 5.36896
            },
            "Watt": "0.0868448",
            "FGT2": 2.63181
        },
        "implied": {
            "theta": 0.7437486,
            "delta": 0.48948,
            "gamma": 0.9717606
        }
    },
    "quadratic": {
        "reg": {
            "params": {
                "C": {
                    "se": 0.030244,
                    "t": 9.46805,
                    "coef": 0.286355
                },
                "A": {
                    "se": 0.012265,
                    "t": 67.2138,
                    "coef": 0.824368
                },
                "B": {
                    "se": 0.072951,
                    "coef": -0.724868,
                    "t": -9.93643
                }
            },
            "RMSE": 0.001622161,
            "SSE": 1.578845e-05,
            "MSE": 2.631408e-06,
            "SST": 0.05455736,
            "R2": 0.9997106,
            "ymean": 0.156816
        },
        "dist": {
            "MLD": 0.27781,
            "mean_poor50": 38.6122,
            "deciles": [
                2.57429,
                3.56733,
                4.55794,
                5.58963,
                6.7157,
                8.01551,
                9.63143,
                11.8794,
                15.7437,
                31.7251
            ],
            "median": 61.4967,
            "Gini": 40.7654,
            "median_is_ppp": "(PPP$)",
            "mean_corrected": 49.7108,
            "mean_corrected_is_ppp": "(PPP$)",
            "polarization": 36.0948,
            "mean_poor50_is_ppp": "(PPP$)",
            "median_ppp": 93.9437723677643
        },
        "poverty": {
            "HC": 24.5166,
            "line_month_ppp": 57.7917,
            "PG": 6.60095,
            "elasticity": {
                "FGT2_wrt_mean_C": -3.56684,
                "FGT2_wrt_Gini": 8.78224,
                "PG_wrt_mean_C": -2.7141,
                "HC_wrt_mean_C": -1.83925,
                "HC_wrt_Gini": 2.24081,
                "PG_wrt_Gini": 5.525
            },
            "Watt": "0.0865746",
            "FGT2": 2.37152
        },
        "summary": {
            "mean_month_ppp": 128.201,
            "Z": {
                "low": 30.6224,
                "high": 494.95
            },
            "poverty_normality": "Normal",
            "sse_up_to_hcindex": 3.69065e-06,
            "lorenz_validity": "Valid",
            "sse_fitted": 1.2298e-05
        }
    },
    "dataset": {
        "iso3c": "TKM",
        "country": "Turkmenistan",
        "source": "TKM_N1998X",
        "format": "Grouped",
        "measure": "Consumption",
        "timespan": "UnDefined",
        "coverage": "National",
        "year": 1993
    },
    "dist": {
        "Gini": 40.7654,
        "median_is_ppp": "(PPP$)",
        "polarization": 36.0948,
        "mean_corrected_is_ppp": "(PPP$)",
        "median": 61.4967,
        "median_ppp": 93.9437723677643,
        "MLD": 0.27781,
        "mean_poor50": 38.6122,
        "deciles": [
            2.57429,
            3.56733,
            4.55794,
            5.58963,
            6.7157,
            8.01551,
            9.63143,
            11.8794,
            15.7437,
            31.7251
        ],
        "uses": "GQ",
        "mean_poor50_is_ppp": "(PPP$)",
        "mean_corrected": -0.654611,
        "uses_commentary": "(Both are valid, but GQ fits better)"
    },
    "lorenz": {
        "index": [
            1,
            2,
            3,
            4,
            5,
            6,
            7,
            8,
            9,
            10
        ],
        "L": [
            0.02403163,
            0.06098935,
            0.1077573,
            0.1640405,
            0.2306953,
            0.3093216,
            0.40506,
            0.5251552,
            0.684734,
            1.0
        ],
        "p": [
            0.1,
            0.2,
            0.3,
            0.4,
            0.5,
            0.6,
            0.7,
            0.8,
            0.9,
            1.0
        ]
    },
    "poverty": {
        "HC": 24.4042,
        "line_month_ppp": 57.7917,
        "PG": 6.80537,
        "Watt": "0.0868448",
        "FGT2": 2.63181,
        "elasticity": {
            "HC_wrt_mean_C": -1.85228,
            "FGT2_wrt_Gini": 8.30074,
            "PG_wrt_mean_C": -2.58602,
            "FGT2_wrt_mean_C": -3.17163,
            "HC_wrt_Gini": 2.25668,
            "PG_wrt_Gini": 5.36896
        },
        "uses": "GQ",
        "uses_commentary": "(Both are valid and normal, but GQ fits better.)"
    },
    "summary": {
        "mean_month_ppp": 128.201,
        "Z": {
            "low": 30.6224,
            "high": 494.95
        },
        "poverty_normality": "Normal",
        "sse_up_to_hcindex": 3.26563e-06,
        "lorenz_validity": "Valid",
        "sse_fitted": 1.2298e-05
    }
}