{
    "dist": {
        "Gini": 40.7654,
        "uses": "GQ",
        "mean_corrected_ppp": -0.654611,
        "mean_poor50_ppp": 27.2496,
        "median_ppp": 43.3997,
        "polarization": 36.0948,
        "MLD": 0.27781,
        "uses_commentary": "(Both are valid and normal, but GQ fits better.)"
    },
    "deciles": [
        2.57429,
        3.56733,
        4.55794,
        5.58963,
        6.7157,
        8.01551,
        9.63143,
        11.8794,
        15.7437,
        31.7251
    ],
    "distribution": {
        "L": [
            0.02403163,
            0.06098935,
            0.1077573,
            0.1640405,
            0.2306953,
            0.3093216,
            0.40506,
            0.5251552,
            0.684734,
            1.0
        ],
        "index": [
            1,
            2,
            3,
            4,
            5,
            6,
            7,
            8,
            9,
            10
        ],
        "p": [
            0.1,
            0.2,
            0.3,
            0.4,
            0.5,
            0.6,
            0.7,
            0.8,
            0.9,
            1.0
        ]
    },
    "elasticity": {
        "FGT2": {
            "meancons": -2.42377,
            "Gini": 4.50177
        },
        "HC": {
            "meancons": -1.31455,
            "Gini": 0.743415
        },
        "PG": {
            "Gini": 2.64309,
            "meancons": -1.9054
        }
    },
    "dataset": {
        "format": "Grouped",
        "measure": "Consumption",
        "year": 1998,
        "source": "TKM_N1998X",
        "cc3": "TKM",
        "timespan": "UnDefined",
        "coverage": "National",
        "country": "Turkmenistan"
    },
    "beta": {
        "dist": {
            "Gini": 40.8945,
            "mean_corrected_ppp": 35.0056,
            "mean_poor50_ppp": 27.2302,
            "median_ppp": 43.7949,
            "polarization": -127.343,
            "MLD": 0.285127
        },
        "deciles": [
            2.46179,
            3.58227,
            4.56978,
            5.61047,
            6.76418,
            8.10081,
            9.73913,
            11.937,
            15.4835,
            31.7511
        ],
        "implied": {
            "delta": 0.48948,
            "theta": 0.7437486,
            "gamma": 0.9717606
        },
        "elasticity": {
            "FGT2": {
                "meancons": -2.31858,
                "Gini": 4.44228
            },
            "HC": {
                "Gini": 0.732177,
                "meancons": -1.29468
            },
            "PG": {
                "Gini": 2.62026,
                "meancons": -1.86503
            }
        },
        "poverty": {
            "Watt": 0.201484,
            "FGT2": 6.77738,
            "HC": 41.9278,
            "PG": 14.6343,
            "line_month_ppp": 57.7917
        },
        "summary": {
            "normality": "Normal",
            "sse": {
                "tohc": 7.15338e-06,
                "fitted": 3.13019e-05
            },
            "mean_ppp": 90.4745,
            "Z": {
                "high": 314.801,
                "low": 15.0786
            },
            "validity": "Valid"
        },
        "reg": {
            "ymean": -1.582177,
            "SSE": 0.0005537362,
            "RMSE": 0.009606735,
            "SST": 1.57725,
            "R2": 0.9996489,
            "params": {
                "A": {
                    "coef": 0.48948,
                    "t": 55.5886,
                    "se": 0.0088054
                }
            },
            "MSE": 9.228936e-05
        }
    },
    "poverty": {
        "Watt": 0.204631,
        "FGT2": 6.57548,
        "HC": 42.2568,
        "PG": 14.5442,
        "line_month_ppp": 57.7917
    },
    "summary": {
        "normality": "Normal",
        "sse": {
            "tohc": 5.42778e-06,
            "fitted": 1.2298e-05
        },
        "mean_ppp": 90.4745,
        "Z": {
            "high": 348.121,
            "low": 22.7881
        },
        "validity": "Valid"
    },
    "quadratic": {
        "dist": {
            "Gini": 40.7654,
            "mean_corrected_ppp": 35.0821,
            "mean_poor50_ppp": 27.2496,
            "median_ppp": 43.3997,
            "polarization": 36.0948,
            "MLD": 0.27781
        },
        "deciles": [
            2.57429,
            3.56733,
            4.55794,
            5.58963,
            6.7157,
            8.01551,
            9.63143,
            11.8794,
            15.7437,
            31.7251
        ],
        "elasticity": {
            "FGT2": {
                "meancons": -2.42377,
                "Gini": 4.50177
            },
            "HC": {
                "Gini": 0.743415,
                "meancons": -1.31455
            },
            "PG": {
                "Gini": 2.64309,
                "meancons": -1.9054
            }
        },
        "poverty": {
            "Watt": 0.204631,
            "FGT2": 6.57548,
            "HC": 42.2568,
            "PG": 14.5442,
            "line_month_ppp": 57.7917
        },
        "summary": {
            "normality": "Normal",
            "sse": {
                "tohc": 5.42778e-06,
                "fitted": 1.2298e-05
            },
            "mean_ppp": 90.4745,
            "Z": {
                "high": 348.121,
                "low": 22.7881
            },
            "validity": "Valid"
        },
        "reg": {
            "ymean": 0.156816,
            "SSE": 1.578845e-05,
            "RMSE": 0.001622161,
            "SST": 0.05455736,
            "R2": 0.9997106,
            "params": {
                "B": {
                    "coef": -0.724868,
                    "t": -9.93643,
                    "se": 0.072951
                },
                "A": {
                    "coef": 0.824368,
                    "t": 67.2138,
                    "se": 0.012265
                },
                "C": {
                    "coef": 0.286355,
                    "t": 9.46805,
                    "se": 0.030244
                }
            },
            "MSE": 2.631408e-06
        }
    }
}