{
    "dist": {
        "Gini": 43.4338,
        "uses": "GQ",
        "mean_corrected_ppp": -1.43568,
        "mean_poor50_ppp": 110.871,
        "median_ppp": 181.471,
        "polarization": 37.4939,
        "MLD": 0.32182,
        "uses_commentary": "(Both are valid and normal, but GQ fits better.)"
    },
    "deciles": [
        2.25757,
        3.28225,
        4.29349,
        5.33805,
        6.47092,
        7.77235,
        9.38505,
        11.6259,
        15.4902,
        34.0843
    ],
    "distribution": {
        "L": [
            0.00678502,
            0.03137796,
            0.1230846,
            0.2407911,
            0.4029767,
            0.6168865,
            1.0
        ],
        "index": [
            1,
            2,
            3,
            4,
            5,
            6,
            7
        ],
        "p": [
            0.03990399,
            0.1310131,
            0.3478348,
            0.5330533,
            0.7151715,
            0.8756876,
            1.0
        ]
    },
    "elasticity": {
        "FGT2": {
            "meancons": -3.39866,
            "Gini": 13.268
        },
        "HC": {
            "meancons": -2.37174,
            "Gini": 4.95027
        },
        "PG": {
            "Gini": 9.38074,
            "meancons": -3.01533
        }
    },
    "dataset": {
        "format": "Grouped",
        "measure": "Consumption",
        "year": 1985,
        "source": "TUN_N1985X",
        "cc3": "TUN",
        "timespan": "UnDefined",
        "coverage": "National",
        "country": "Tunisia"
    },
    "beta": {
        "dist": {
            "Gini": 43.5232,
            "mean_corrected_ppp": 144.662,
            "mean_poor50_ppp": 110.89,
            "median_ppp": 181.532,
            "polarization": -123.753,
            "MLD": 0.327349
        },
        "deciles": [
            2.192,
            3.34073,
            4.31385,
            5.33343,
            6.466,
            7.78686,
            9.4236,
            11.6554,
            15.3498,
            34.1383
        ],
        "implied": {
            "delta": 0.4530871,
            "theta": 0.7586304,
            "gamma": 0.9667581
        },
        "elasticity": {
            "FGT2": {
                "meancons": -3.39866,
                "Gini": 13.268
            },
            "HC": {
                "Gini": 4.95027,
                "meancons": -2.37174
            },
            "PG": {
                "Gini": 9.38074,
                "meancons": -3.01533
            }
        },
        "poverty": {
            "Watt": 0.0438618,
            "FGT2": 1.28566,
            "HC": 13.9348,
            "PG": 3.47041,
            "line_month_ppp": 57.7917
        },
        "summary": {
            "normality": "Normal",
            "sse": {
                "tohc": 2.11241e-07,
                "fitted": 3.288e-06
            },
            "mean_ppp": 178.414,
            "Z": {
                "high": 663.078,
                "low": 17.9381
            },
            "validity": "Valid"
        },
        "reg": {
            "ymean": -1.82543,
            "SSE": 4.106297e-05,
            "RMSE": 0.003699684,
            "SST": 3.861419,
            "R2": 0.9999894,
            "params": {
                "A": {
                    "coef": 0.453087,
                    "t": 121.214,
                    "se": 0.0037379
                }
            },
            "MSE": 1.368766e-05
        }
    },
    "poverty": {
        "Watt": 0.0438618,
        "FGT2": 1.28566,
        "HC": 13.9348,
        "PG": 3.47041,
        "line_month_ppp": 57.7917
    },
    "summary": {
        "normality": "Normal",
        "sse": {
            "tohc": 2.11241e-07,
            "fitted": 3.02746e-06
        },
        "mean_ppp": 178.414,
        "Z": {
            "high": 709.744,
            "low": 35.0376
        },
        "validity": "Valid"
    },
    "quadratic": {
        "dist": {
            "Gini": 43.4338,
            "mean_corrected_ppp": 144.892,
            "mean_poor50_ppp": 110.871,
            "median_ppp": 181.471,
            "polarization": 37.4939,
            "MLD": 0.32182
        },
        "deciles": [
            2.25757,
            3.28225,
            4.29349,
            5.33805,
            6.47092,
            7.77235,
            9.38505,
            11.6259,
            15.4902,
            34.0843
        ],
        "elasticity": {
            "FGT2": {
                "meancons": -4.47733,
                "Gini": 15.5194
            },
            "HC": {
                "Gini": 4.59958,
                "meancons": -2.20372
            },
            "PG": {
                "Gini": 10.059,
                "meancons": -3.3403
            }
        },
        "poverty": {
            "Watt": 0.0413472,
            "FGT2": 1.03635,
            "HC": 14.5678,
            "PG": 3.3564,
            "line_month_ppp": 57.7917
        },
        "summary": {
            "normality": "Normal",
            "sse": {
                "tohc": 1.33588e-06,
                "fitted": 3.02746e-06
            },
            "mean_ppp": 178.414,
            "Z": {
                "high": 709.744,
                "low": 35.0376
            },
            "validity": "Valid"
        },
        "reg": {
            "ymean": 0.1341336,
            "SSE": 3.849751e-06,
            "RMSE": 0.001132806,
            "SST": 0.05182512,
            "R2": 0.9999257,
            "params": {
                "B": {
                    "coef": -0.715091,
                    "t": -11.5134,
                    "se": 0.06211
                },
                "A": {
                    "coef": 0.811156,
                    "t": 76.4077,
                    "se": 0.010616
                },
                "C": {
                    "coef": 0.229097,
                    "t": 9.82565,
                    "se": 0.023316
                }
            },
            "MSE": 1.28325e-06
        }
    }
}