{
    "pop": {
        "min": 28.6844,
        "pop": 9988.64,
        "N": 541,
        "wealth": 2327980.0,
        "max": 3009.07
    },
    "dist": {
        "Gini": 0.410976,
        "median": {
            "lcu": 180.34
        },
        "MLD": 0.278666
    },
    "distribution": {
        "L": [
            0.011026,
            0.026451,
            0.044653,
            0.063224,
            0.084893,
            0.11001,
            0.13469,
            0.16321,
            0.19402,
            0.22796,
            0.26749,
            0.30618,
            0.35064,
            0.40057,
            0.45778,
            0.51946,
            0.59509,
            0.68693,
            0.79917,
            1.0
        ],
        "p": [
            0.050946,
            0.1028,
            0.15494,
            0.2011,
            0.25054,
            0.30282,
            0.35006,
            0.4007,
            0.45084,
            0.50048,
            0.55281,
            0.60052,
            0.65027,
            0.7004,
            0.7512,
            0.80081,
            0.85183,
            0.9018,
            0.95129,
            1.0
        ],
        "index": [
            0,
            1,
            2,
            3,
            4,
            5,
            6,
            7,
            8,
            9,
            10,
            11,
            12,
            13,
            14,
            15,
            16,
            17,
            18,
            19
        ]
    },
    "estimation": {
        "min_is_ppp": "",
        "max_is_ppp": "",
        "wealth_is_ppp": ""
    },
    "dataset": {
        "measure": "Consumption",
        "country": "Tuvalu",
        "format": "Unit record",
        "year": 2010,
        "source": "TUV_N2010X",
        "cc3": "TUV",
        "timespan": "UnDefined",
        "coverage": "National"
    },
    "poverty": {
        "line_day_ppp": 1.9,
        "Watt": 0.0069609,
        "line_month_lcu": 63.5501,
        "PG": 0.00578856,
        "line_month_ppp": 57.7917,
        "FGT2": 0.00178664,
        "HC": 0.0265786
    },
    "summary": {
        "mean_ppp": 248.562,
        "mean_lcu": 273.329,
        "ppp": 1.17277
    },
    "deciles": [
        2.5618,
        3.7164,
        4.5876,
        5.4154,
        6.4821,
        7.8121,
        9.4417,
        11.828,
        16.517,
        31.638
    ]
}