{
    "distribution": {
        "index": [
            0,
            1,
            2,
            3,
            4,
            5,
            6,
            7,
            8,
            9,
            10,
            11,
            12,
            13,
            14,
            15,
            16,
            17,
            18,
            19
        ],
        "L": [
            0.0077742,
            0.022836,
            0.04062,
            0.063139,
            0.088779,
            0.11746,
            0.1491,
            0.18364,
            0.22108,
            0.26161,
            0.30548,
            0.35282,
            0.40414,
            0.45982,
            0.52053,
            0.58729,
            0.66676,
            0.74612,
            0.85442,
            1.0
        ],
        "p": [
            0.053314,
            0.10335,
            0.15001,
            0.20003,
            0.25003,
            0.30001,
            0.35004,
            0.40007,
            0.45006,
            0.50003,
            0.55002,
            0.60002,
            0.65001,
            0.70002,
            0.75004,
            0.80004,
            0.85332,
            0.9,
            0.95334,
            1.0
        ]
    },
    "deciles": [
        2.1828,
        4.1295,
        5.4333,
        6.6137,
        7.7994,
        9.1215,
        10.699,
        12.744,
        15.888,
        25.388
    ],
    "pop": {
        "N": 300,
        "max": 2920.79,
        "wealth": 47734.6,
        "pop": 99.993,
        "min": -69.733
    },
    "dist": {
        "MLD": 0.23702,
        "Gini": 0.348253,
        "median_ppp": 1243.92
    },
    "dataset": {
        "country": "United States",
        "timespan": "UnDefined",
        "year": 1979,
        "measure": "Income",
        "format": "Unit record",
        "cc3": "USA",
        "coverage": "National",
        "source": "USA_N1979Y"
    },
    "estimation": {
        "min_is_ppp": "",
        "max_is_ppp": "",
        "wealth_is_ppp": ""
    },
    "poverty": {
        "PG": 0.0198511,
        "line_month_lcu": 18.6507,
        "line_day_ppp": 1.9,
        "HC": 0.00669047,
        "line_month_ppp": 57.7917,
        "FGT2": 0.085367,
        "Watt": 0.00392372
    },
    "summary": {
        "ppp": 1.0,
        "mean_ppp": 1479.22,
        "mean_lcu": 477.379
    }
}