{
    "distribution": {
        "index": [
            0,
            1,
            2,
            3,
            4,
            5,
            6,
            7,
            8,
            9,
            10,
            11,
            12,
            13,
            14,
            15,
            16,
            17,
            18,
            19
        ],
        "L": [
            0.0055336,
            0.017412,
            0.033084,
            0.052057,
            0.074074,
            0.099081,
            0.12707,
            0.15806,
            0.19215,
            0.23221,
            0.27055,
            0.31837,
            0.36747,
            0.41743,
            0.47631,
            0.54205,
            0.61627,
            0.70845,
            0.80703,
            1.0
        ],
        "p": [
            0.05006,
            0.10005,
            0.15001,
            0.2,
            0.25001,
            0.30001,
            0.35,
            0.40001,
            0.45,
            0.50333,
            0.55,
            0.60332,
            0.65333,
            0.70001,
            0.75,
            0.80001,
            0.85,
            0.90331,
            0.95001,
            1.0
        ]
    },
    "deciles": [
        1.74,
        3.4656,
        4.702,
        5.8979,
        7.165,
        8.5683,
        10.203,
        12.462,
        16.069,
        29.727
    ],
    "pop": {
        "N": 300,
        "max": 13696.8,
        "wealth": 110675.0,
        "pop": 100.0,
        "min": -91.67
    },
    "dist": {
        "MLD": 0.317195,
        "Gini": 0.403456,
        "median_ppp": 1319.83
    },
    "dataset": {
        "country": "United States",
        "timespan": "UnDefined",
        "year": 1994,
        "measure": "Income",
        "format": "Unit record",
        "cc3": "USA",
        "coverage": "National",
        "source": "USA_N1994Y"
    },
    "estimation": {
        "min_is_ppp": "",
        "max_is_ppp": "",
        "wealth_is_ppp": ""
    },
    "poverty": {
        "PG": 0.014643,
        "line_month_lcu": 38.0822,
        "line_day_ppp": 1.9,
        "HC": 0.00671,
        "line_month_ppp": 57.7917,
        "FGT2": 0.0440359,
        "Watt": 0.0038007
    },
    "summary": {
        "ppp": 1.0,
        "mean_ppp": 1679.55,
        "mean_lcu": 1106.75
    }
}