{
    "quadratic": {
        "poverty": {
            "FGT2": 3.9143,
            "Watt": "0.130838",
            "HC": 29.2872,
            "PG": 9.51796,
            "elasticity": {
                "HC_wrt_mean_C": -1.22271,
                "PG_wrt_Gini": 10.029,
                "PG_wrt_mean_C": -2.07705,
                "FGT2_wrt_Gini": 16.27,
                "FGT2_wrt_mean_C": -2.86317,
                "HC_wrt_Gini": 3.58781
            },
            "line_month_ppp": 57.7917
        },
        "reg": {
            "RMSE": 0.009740589,
            "SST": 0.1285175,
            "R2": 0.9881879,
            "params": {
                "B": {
                    "coef": 4.58135,
                    "t": 5.87567,
                    "se": 0.77972
                },
                "A": {
                    "coef": 0.785855,
                    "se": 0.034916,
                    "t": 22.5073
                },
                "C": {
                    "coef": 0.752567,
                    "se": 0.12328,
                    "t": 6.10475
                }
            },
            "ymean": 0.1183699,
            "MSE": 9.487907e-05,
            "SSE": 0.001518065
        },
        "summary": {
            "lorenz_validity": "Valid",
            "sse_up_to_hcindex": 7.97962e-06,
            "mean_month_ppp": 227.37,
            "Z": {
                "low": 28.1151,
                "high": 1417.32
            },
            "poverty_normality": "Normal",
            "sse_fitted": 0.000291381
        },
        "dist": {
            "polarization": 71.4714,
            "MLD": 0.641387,
            "median_ppp": 103.91478058118,
            "Gini": 59.3339,
            "mean_corrected_is_ppp": "(PPP$)",
            "median": 20.506,
            "mean_poor50_is_ppp": "(PPP$)",
            "median_is_ppp": "(PPP$)",
            "mean_poor50": 10.9181,
            "mean_corrected": 18.246,
            "deciles": [
                1.25002,
                1.69697,
                2.26085,
                2.99089,
                3.96816,
                5.33696,
                7.38365,
                10.7806,
                17.6722,
                46.6597
            ]
        }
    },
    "beta": {
        "poverty": {
            "FGT2": 6.44936,
            "Watt": "0.181669",
            "HC": 30.5599,
            "PG": 12.7362,
            "elasticity": {
                "HC_wrt_mean_C": -0.776714,
                "PG_wrt_Gini": 8.04069,
                "PG_wrt_mean_C": -1.39945,
                "FGT2_wrt_Gini": 13.5893,
                "FGT2_wrt_mean_C": -1.9496,
                "HC_wrt_Gini": 2.27911
            },
            "line_month_ppp": 57.7917
        },
        "implied": {
            "gamma": 1.066801,
            "delta": 0.4343846,
            "theta": 1.080213
        },
        "summary": {
            "lorenz_validity": "Invalid",
            "sse_up_to_hcindex": 0.000251793,
            "mean_month_ppp": 227.37,
            "Z": {
                "low": 66.3418,
                "high": 1129.91
            },
            "poverty_normality": "Normal",
            "sse_fitted": 0.00293464
        },
        "reg": {
            "RMSE": 0.04195345,
            "R2": 0.9960159,
            "SST": 7.06852,
            "params": {
                "B": {
                    "coef": 1.0668,
                    "se": 0.019739,
                    "t": 54.0451
                },
                "A": {
                    "coef": 0.0771578,
                    "se": 0.035817,
                    "t": 2.15422
                },
                "C": {
                    "coef": 0.434385,
                    "se": 0.019739,
                    "t": 22.0063
                }
            },
            "ymean": -1.311757,
            "MSE": 0.001760092,
            "SSE": 0.02816148
        }
    },
    "dist": {
        "polarization": 71.4714,
        "uses": "GQ",
        "median": 20.506,
        "mean_poor50_is_ppp": "(PPP$)",
        "deciles": [
            1.25002,
            1.69697,
            2.26085,
            2.99089,
            3.96816,
            5.33696,
            7.38365,
            10.7806,
            17.6722,
            46.6597
        ],
        "MLD": 0.641387,
        "mean_poor50": 10.9181,
        "uses_commentary": "(Beta lorenz curves is invalid)",
        "mean_corrected_is_ppp": "(PPP$)",
        "median_ppp": 103.91478058118,
        "mean_corrected": -0.197335,
        "median_is_ppp": "(PPP$)",
        "Gini": 59.3339
    },
    "summary": {
        "lorenz_validity": "Valid",
        "sse_up_to_hcindex": 7.97962e-06,
        "mean_month_ppp": 227.37,
        "Z": {
            "low": 28.1151,
            "high": 1417.32
        },
        "poverty_normality": "Normal",
        "sse_fitted": 0.000291381
    },
    "lorenz": {
        "L": [
            0.004198737,
            0.01082302,
            0.01903201,
            0.02868881,
            0.03988584,
            0.05268673,
            0.06714253,
            0.08351328,
            0.1019658,
            0.123072,
            0.1472771,
            0.1753244,
            0.2079176,
            0.2463726,
            0.2929754,
            0.3520435,
            0.4308279,
            0.5406505,
            0.6965017,
            1.0
        ],
        "p": [
            0.05,
            0.1,
            0.15,
            0.2,
            0.25,
            0.3,
            0.35,
            0.4,
            0.45,
            0.5,
            0.55,
            0.6,
            0.65,
            0.7,
            0.75,
            0.8,
            0.85,
            0.9,
            0.95,
            1.0
        ],
        "index": [
            1,
            2,
            3,
            4,
            5,
            6,
            7,
            8,
            9,
            10,
            11,
            12,
            13,
            14,
            15,
            16,
            17,
            18,
            19,
            20
        ]
    },
    "dataset": {
        "timespan": "UnDefined",
        "coverage": "National",
        "measure": "Consumption",
        "format": "Grouped",
        "source": "ZAF_N1993X",
        "country": "South Africa",
        "year": 1993,
        "iso3c": "ZAF"
    },
    "poverty": {
        "FGT2": 3.9143,
        "uses": "GQ",
        "uses_commentary": "(Beta is invalid.)",
        "HC": 29.2872,
        "PG": 9.51796,
        "Watt": "0.130838",
        "elasticity": {
            "HC_wrt_Gini": 3.58781,
            "HC_wrt_mean_C": -1.22271,
            "PG_wrt_mean_C": -2.07705,
            "FGT2_wrt_Gini": 16.27,
            "FGT2_wrt_mean_C": -2.86317,
            "PG_wrt_Gini": 10.029
        },
        "line_month_ppp": 57.7917
    }
}