{
    "dist": {
        "Gini": 43.1536,
        "uses": "GQ",
        "mean_corrected_ppp": -1.86575,
        "mean_poor50_ppp": 119.166,
        "median_ppp": 191.326,
        "polarization": 38.8356,
        "MLD": 0.311153,
        "uses_commentary": "(Both are valid and normal, but GQ fits better.)"
    },
    "deciles": [
        2.47638,
        3.3481,
        4.25751,
        5.24006,
        6.34593,
        7.65628,
        9.32275,
        11.6885,
        15.8343,
        33.8301
    ],
    "distribution": {
        "L": [
            0.0234195,
            0.05800441,
            0.1013621,
            0.1538851,
            0.2170924,
            0.2929843,
            0.3856116,
            0.5025698,
            0.6634301,
            1.0
        ],
        "index": [
            1,
            2,
            3,
            4,
            5,
            6,
            7,
            8,
            9,
            10
        ],
        "p": [
            0.1,
            0.2,
            0.3,
            0.4,
            0.5,
            0.6,
            0.7,
            0.8,
            0.9,
            1.0
        ]
    },
    "elasticity": {
        "FGT2": {
            "meancons": -4.24834,
            "Gini": 11.6865
        },
        "HC": {
            "meancons": -2.00428,
            "Gini": 3.10714
        },
        "PG": {
            "Gini": 7.41783,
            "meancons": -3.13986
        }
    },
    "dataset": {
        "format": "Grouped",
        "measure": "Consumption",
        "year": 2011,
        "source": "ZWE_N2011X",
        "cc3": "ZWE",
        "timespan": "UnDefined",
        "coverage": "National",
        "country": "Zimbabwe"
    },
    "beta": {
        "dist": {
            "Gini": 43.3031,
            "mean_corrected_ppp": 155.906,
            "mean_poor50_ppp": 119.055,
            "median_ppp": 193.627,
            "polarization": -124.901,
            "MLD": 0.318156
        },
        "deciles": [
            2.4019,
            3.32715,
            4.25034,
            5.26096,
            6.4075,
            7.75931,
            9.4421,
            11.7352,
            15.5056,
            33.9099
        ],
        "implied": {
            "delta": 0.466974,
            "theta": 0.7776678,
            "gamma": 0.9887215
        },
        "elasticity": {
            "FGT2": {
                "meancons": -3.90466,
                "Gini": 11.1537
            },
            "HC": {
                "Gini": 3.0343,
                "meancons": -1.95729
            },
            "PG": {
                "Gini": 7.16603,
                "meancons": -2.97744
            }
        },
        "poverty": {
            "Watt": 0.0658502,
            "FGT2": 1.8351,
            "HC": 21.549,
            "PG": 5.41781,
            "line_month_ppp": 57.7917
        },
        "summary": {
            "normality": "Normal",
            "sse": {
                "tohc": 3.32862e-06,
                "fitted": 3.25092e-05
            },
            "mean_ppp": 147.383,
            "Z": {
                "high": 547.282,
                "low": 28.994
            },
            "validity": "Valid"
        },
        "reg": {
            "ymean": -1.532701,
            "SSE": 0.0005225626,
            "RMSE": 0.009332404,
            "SST": 1.72321,
            "R2": 0.9996968,
            "params": {
                "A": {
                    "coef": 0.466974,
                    "t": 54.5916,
                    "se": 0.0085539
                }
            },
            "MSE": 8.709376e-05
        }
    },
    "poverty": {
        "Watt": 0.066178,
        "FGT2": 1.65446,
        "HC": 21.3982,
        "PG": 5.16882,
        "line_month_ppp": 57.7917
    },
    "summary": {
        "normality": "Normal",
        "sse": {
            "tohc": 2.15889e-06,
            "fitted": 7.18941e-06
        },
        "mean_ppp": 147.383,
        "Z": {
            "high": 608.685,
            "low": 34.2773
        },
        "validity": "Valid"
    },
    "quadratic": {
        "dist": {
            "Gini": 43.1536,
            "mean_corrected_ppp": 156.317,
            "mean_poor50_ppp": 119.166,
            "median_ppp": 191.326,
            "polarization": 38.8356,
            "MLD": 0.311153
        },
        "deciles": [
            2.47638,
            3.3481,
            4.25751,
            5.24006,
            6.34593,
            7.65628,
            9.32275,
            11.6885,
            15.8343,
            33.8301
        ],
        "elasticity": {
            "FGT2": {
                "meancons": -4.24834,
                "Gini": 11.6865
            },
            "HC": {
                "Gini": 3.10714,
                "meancons": -2.00428
            },
            "PG": {
                "Gini": 7.41783,
                "meancons": -3.13986
            }
        },
        "poverty": {
            "Watt": 0.066178,
            "FGT2": 1.65446,
            "HC": 21.3982,
            "PG": 5.16882,
            "line_month_ppp": 57.7917
        },
        "summary": {
            "normality": "Normal",
            "sse": {
                "tohc": 2.15889e-06,
                "fitted": 7.18941e-06
            },
            "mean_ppp": 147.383,
            "Z": {
                "high": 608.685,
                "low": 34.2773
            },
            "validity": "Valid"
        },
        "reg": {
            "ymean": 0.1540123,
            "SSE": 1.075088e-05,
            "RMSE": 0.001338586,
            "SST": 0.05556143,
            "R2": 0.9998065,
            "params": {
                "B": {
                    "coef": -0.439438,
                    "t": -6.53217,
                    "se": 0.067273
                },
                "A": {
                    "coef": 0.765408,
                    "t": 75.0284,
                    "se": 0.010202
                },
                "C": {
                    "coef": 0.341018,
                    "t": 13.3783,
                    "se": 0.02549
                }
            },
            "MSE": 1.791813e-06
        }
    }
}