{
    "distribution": {
        "index": [
            1,
            2,
            3,
            4,
            5,
            6,
            7,
            8,
            9,
            10
        ],
        "L": [
            0.0234195,
            0.05800441,
            0.1013621,
            0.1538851,
            0.2170924,
            0.2929843,
            0.3856116,
            0.5025698,
            0.6634301,
            1.0
        ],
        "p": [
            0.1,
            0.2,
            0.3,
            0.4,
            0.5,
            0.6,
            0.7,
            0.8,
            0.9,
            1.0
        ]
    },
    "deciles": [
        2.47638,
        3.3481,
        4.25751,
        5.24006,
        6.34593,
        7.65628,
        9.32275,
        11.6885,
        15.8343,
        33.8301
    ],
    "elasticity": {
        "HC": {
            "Gini": 3.10714,
            "meancons": -2.00428
        },
        "PG": {
            "Gini": 7.41783,
            "meancons": -3.13986
        },
        "FGT2": {
            "Gini": 11.6865,
            "meancons": -4.24834
        }
    },
    "dist": {
        "MLD": 0.311153,
        "mean_corrected": -1.86575,
        "Gini": 43.1536,
        "mean_corrected_is_ppp": "(PPP$)",
        "uses_commentary": "(Both are valid, but GQ fits better)",
        "mean_poor50": 119.166,
        "polarization": 38.8356,
        "median_ppp": 102.546251412596,
        "median": 191.326,
        "uses": "GQ",
        "median_is_ppp": "(PPP$)",
        "mean_poor50_is_ppp": "(PPP$)"
    },
    "dataset": {
        "country": "Zimbabwe",
        "timespan": "UnDefined",
        "year": 2011,
        "measure": "Consumption",
        "cc3": "ZWE",
        "format": "Grouped",
        "coverage": "National",
        "source": "ZWE_N2011X"
    },
    "beta": {
        "reg": {
            "RMSE": 0.009332404,
            "SST": 1.72321,
            "SSE": 0.0005225626,
            "params": {
                "A": {
                    "coef": 0.466974,
                    "se": 0.0085539,
                    "t": 54.5916
                }
            },
            "R2": 0.9996968,
            "MSE": 8.709376e-05,
            "ymean": -1.532701
        },
        "deciles": [
            2.4019,
            3.32715,
            4.25034,
            5.26096,
            6.4075,
            7.75931,
            9.4421,
            11.7352,
            15.5056,
            33.9099
        ],
        "elasticity": {
            "HC": {
                "Gini": 3.0343,
                "meancons": -1.95729
            },
            "PG": {
                "Gini": 7.16603,
                "meancons": -2.97744
            },
            "FGT2": {
                "Gini": 11.1537,
                "meancons": -3.90466
            }
        },
        "dist": {
            "MLD": 0.318156,
            "median": 193.627,
            "mean_corrected": 155.906,
            "Gini": 43.3031,
            "mean_corrected_is_ppp": "(PPP$)",
            "median_is_ppp": "(PPP$)",
            "mean_poor50_is_ppp": "(PPP$)",
            "polarization": -124.901,
            "mean_poor50": 119.055,
            "median_ppp": 103.779518013112
        },
        "poverty": {
            "HC": 21.549,
            "line_month_ppp": 57.7917,
            "FGT2": 1.8351,
            "Watt": "0.0658502",
            "PG": 5.41781
        },
        "implied": {
            "theta": 0.7776678,
            "delta": 0.466974,
            "gamma": 0.9887215
        },
        "summary": {
            "Z": {
                "low": 28.994,
                "high": 547.282
            },
            "normality": "Normal",
            "mean_ppp": 147.383,
            "validity": "Valid",
            "sse": {
                "tohc": 3.32862e-06,
                "fitted": 3.25092e-05
            }
        }
    },
    "poverty": {
        "PG": 5.16882,
        "FGT2": 1.65446,
        "uses": "GQ",
        "uses_commentary": "(Both are valid and normal, but GQ fits better.)",
        "HC": 21.3982,
        "line_month_ppp": 57.7917,
        "Watt": "0.066178"
    },
    "summary": {
        "Z": {
            "low": 34.2773,
            "high": 608.685
        },
        "sse": {
            "tohc": 2.15889e-06,
            "fitted": 7.18941e-06
        },
        "normality": "Normal",
        "mean_ppp": 147.383,
        "validity": "Valid"
    },
    "quadratic": {
        "reg": {
            "RMSE": 0.001338586,
            "SST": 0.05556143,
            "SSE": 1.075088e-05,
            "params": {
                "B": {
                    "se": 0.067273,
                    "coef": -0.439438,
                    "t": -6.53217
                },
                "C": {
                    "coef": 0.341018,
                    "se": 0.02549,
                    "t": 13.3783
                },
                "A": {
                    "coef": 0.765408,
                    "se": 0.010202,
                    "t": 75.0284
                }
            },
            "R2": 0.9998065,
            "MSE": 1.791813e-06,
            "ymean": 0.1540123
        },
        "deciles": [
            2.47638,
            3.3481,
            4.25751,
            5.24006,
            6.34593,
            7.65628,
            9.32275,
            11.6885,
            15.8343,
            33.8301
        ],
        "elasticity": {
            "HC": {
                "Gini": 3.10714,
                "meancons": -2.00428
            },
            "PG": {
                "Gini": 7.41783,
                "meancons": -3.13986
            },
            "FGT2": {
                "Gini": 11.6865,
                "meancons": -4.24834
            }
        },
        "dist": {
            "MLD": 0.311153,
            "median": 191.326,
            "mean_corrected": 156.317,
            "Gini": 43.1536,
            "mean_corrected_is_ppp": "(PPP$)",
            "median_is_ppp": "(PPP$)",
            "mean_poor50_is_ppp": "(PPP$)",
            "polarization": 38.8356,
            "mean_poor50": 119.166,
            "median_ppp": 102.546251412596
        },
        "poverty": {
            "HC": 21.3982,
            "line_month_ppp": 57.7917,
            "Watt": "0.066178",
            "FGT2": 1.65446,
            "PG": 5.16882
        },
        "summary": {
            "Z": {
                "low": 34.2773,
                "high": 608.685
            },
            "sse": {
                "tohc": 2.15889e-06,
                "fitted": 7.18941e-06
            },
            "normality": "Normal",
            "mean_ppp": 147.383,
            "validity": "Valid"
        }
    }
}