{"cdf_smooth": {"c": [[-0.8826565415300656, 0.7045031095883303, 0.0, 0.005054], [0.05031304825740794, -0.03260239777193089, 0.1870345152300586, 0.0406055], [0.02072890641499509, 0.01720495759847225, 0.18195362136603624, 0.1005815], [-0.1006315498123122, 0.036740021078178524, 0.19889966057913985, 0.16008], [0.06802570393648723, -0.053424308530304124, 0.1939167051146364, 0.22008], [0.07287654198771057, 0.013250519225620028, 0.18079136999771514, 0.280105], [-0.24134140894822212, 0.08168621712936554, 0.21050857680596824, 0.34023], [0.13633133419971563, -0.1207188195791965, 0.19959679369324154, 0.40019], [-0.053821210193517106, 0.019961146884121646, 0.16493959597008193, 0.46011], [0.023257300761887444, -0.03872780123264202, 0.1581182752836498, 0.520115], [-0.025082656150766432, -0.010056272223021178, 0.13807132326613325, 0.580165], [0.02585931942593362, -0.04535032648148152, 0.11208359839894193, 0.640125], [-0.012292858881353275, 0.004252667841061151, 0.08580594204569512, 0.70001], [0.005388588067498583, -0.022616502094536084, 0.07242633176441701, 0.76003], [0.00025644585563580066, -0.004632989916112105, 0.04211278980679626, 0.82003], [0.00012211964929960162, -0.0033111532848569382, 0.028463567490526084, 0.88001]], "x": [0.11882716361921383, 0.39719346378941905, 0.7271764873819112, 1.0413121053544212, 1.3399736741389232, 1.6666875675527808, 1.9797087219469551, 2.2592643351488126, 2.6032301771154454, 2.9667110917074453, 3.3776434021414246, 3.846680041726367, 4.486075501773381, 5.2146602894925485, 6.327104585546773, 8.04525366354995, 19.08135204383562]}}