{"cdf_smooth": {"x": [1.5446280327988515, 2.329209472614275, 2.913813401558064, 3.3355337574201864, 3.7491570267354466, 4.132562738811259, 4.4554027589137055, 4.860459070036658, 5.256626707480916, 5.558245201390307, 6.033454053650902, 6.614328021531065, 7.142361999010385, 7.833440206440289, 8.608139613637809, 9.846250366295386, 13.426394477142711], "c": [[-0.015894443167357004, 0.06989711863678913, 0.0, 0.005067], [0.009964171875814134, 0.03248566332086089, 0.08032763048064169, 0.040417], [-0.04469991535129056, 0.049960945402677245, 0.12852624186851339, 0.10047], [0.008284253743314006, -0.006591647224182186, 0.146815957729839, 0.160205], [0.06739198256233633, 0.003688033127257597, 0.1456149553742393, 0.22039], [-0.1796997586587569, 0.08120344631479698, 0.17816283349888967, 0.28056000000000003], [0.07144145751087257, -0.09283937477859663, 0.17440629011972605, 0.340495], [0.12161162181133209, -0.006025935056793198, 0.13436027241977533, 0.400655], [-0.3329886841148838, 0.13850983163948716, 0.1868461047283506, 0.4605], [0.11096954590192552, -0.16279680453531628, 0.1795207045418923, 0.52032], [0.016598193317229795, -0.00459567290351603, 0.09997431746112732, 0.580775], [-0.03967156601364662, 0.024328702331947862, 0.1114367205635165, 0.64055], [0.02064739508609359, -0.03851510205310992, 0.10394581949263985, 0.7003349999999999], [-0.010969346374685312, 0.004291792299473924, 0.08029483593577866, 0.76059], [0.004861528401529972, -0.02120204610196503, 0.06719447233942924, 0.82027], [-0.0003779598904541067, -0.003144714337111651, 0.037050486447430295, 0.88019]]}}