{"cdf_smooth": {"x": [0.0, 1.2504727506962976, 2.4084174111103467, 3.338925555150209, 4.2468835392050455, 5.169193468889469, 6.141994440084425, 7.204879860184535, 8.484037725959972, 9.785333114592738, 11.307011240776324, 12.959289105763446, 15.170872516634045, 18.06982097027356, 22.02712694479983, 28.27186561844237, 54.59373386177718], "c": [[-0.007368215913388919, 0.03170553719335819, -1.1984845461312583e-17, 0.005763], [0.0012968824793555898, 0.004064277530539174, 0.04472917860968885, 0.040933], [-0.0034296642484955794, 0.008569431957002242, 0.059358315052009676, 0.10019], [0.0007441657255393246, -0.0010045595866402203, 0.06639749040125366, 0.16008], [-0.001502490492089691, 0.001022454049250022, 0.06641373782145055, 0.220095], [0.0002547780535049815, -0.003134831651082276, 0.06446547098403771, 0.28104], [-0.0008944590483453726, -0.0023912866374158595, 0.05908965774604851, 0.34102], [0.0018488250857308943, -0.005243409081504551, 0.05097485097950723, 0.40005], [-0.0014917859848367508, 0.0018514083710623249, 0.04663594659002916, 0.460545], [0.0008550990178591434, -0.003972354297622818, 0.04387596943625652, 0.52108], [-0.0006012445059634378, -6.879788403080971e-05, 0.03772663655685508, 0.58166], [0.00030376384939736096, -0.003049066849976316, 0.032575057670831124, 0.641095], [1.7401982921353896e-05, -0.0010336695795281118, 0.023545745512382057, 0.7015100000000001], [2.9773358241022582e-05, -0.0008823272250877514, 0.01799136953846265, 0.7615050000000001], [1.4828850829623589e-05, -0.0005288603597410227, 0.012406868477842448, 0.82073], [2.7326539403078934e-06, -0.00025105346495674313, 0.007536510454643842, 0.881195]]}}