{"cdf_smooth": {"c": [[0.007406, 0.01394562445783103, 0.028240793980066726, 0.0444705], [0.0444705, 0.0580832832661794, 0.07958850237406973, 0.1024645], [0.1024645, 0.11862098659518536, 0.140867524216412, 0.16040500000000002], [0.16040500000000002, 0.1800605801829222, 0.20040654627979432, 0.220065], [0.220065, 0.2409788323816134, 0.2626059007449982, 0.28208], [0.28208, 0.3055998578340178, 0.32584558625220345, 0.34853999999999996], [0.34853999999999996, 0.3677102102014445, 0.38910313165217014, 0.40741], [0.40741, 0.4266465638847272, 0.4430698924724723, 0.46143500000000004], [0.46143500000000004, 0.48089063850477465, 0.5037965778561615, 0.5210049999999999], [0.5210049999999999, 0.5447831211187317, 0.5642904811709328, 0.58312], [0.58312, 0.6049349496986854, 0.6243109907476647, 0.64288], [0.64288, 0.6633958100655605, 0.6841978355150111, 0.7003950000000001], [0.7003950000000001, 0.7238565294542264, 0.7438902229192403, 0.7602800000000001], [0.7602800000000001, 0.7846111927023365, 0.8046171316377355, 0.8209150000000001], [0.8209150000000001, 0.8453376269060423, 0.8707083797086381, 0.8809100000000001], [0.8809100000000001, 0.9240328363676669, 0.9551000000000001, 0.9551000000000001]], "x": [0.0, 1.89387228155388, 3.4823713505421696, 4.604270571474181, 5.732951693766907, 6.933709807293364, 8.38392631042287, 9.60893945733863, 10.896163640773, 12.25982395966655, 14.144092020760654, 16.327111849613278, 18.739002520218676, 22.232616730361745, 27.41900823256217, 35.190902190190684, 68.04314544467158]}}