{"cdf_smooth": {"x": [0.30745633696160934, 2.9249922486847075, 4.9152468845864945, 6.337345765533945, 7.594204691826424, 8.840139827964332, 10.129490244670718, 11.59216723377132, 13.181000780003053, 14.944728552350782, 16.804831974775098, 19.095655446662793, 21.752861182184226, 25.20698530252985, 29.984638297110852, 36.49832370285269, 61.74232122337988], "c": [[-0.0004486117385799293, 0.006321455701579158, -6.97287048474901e-18, 0.0050485], [0.00018946305722812899, 0.002798683693118672, 0.02387229238554209, 0.040314499999999996], [-0.0004178494867330923, 0.003929922877059911, 0.03726393280499922, 0.100406], [-0.0005966993824155877, 0.0021472530145971247, 0.04590627783984551, 0.160145], [-6.394508615343188e-05, -0.0001026478207096042, 0.04847605812852701, 0.22005], [-0.0005719187496509664, -0.00034166210957542085, 0.04792247677504995, 0.280165], [0.0004392096010447974, -0.002553873144129434, 0.04418911718909757, 0.34016], [-0.0002495907918074704, -0.0006266078136085817, 0.039537100877941524, 0.400705], [0.00040516419320586397, -0.0018162824821713274, 0.03565575482624245, 0.46094], [-0.0004400869724739507, 0.0003275155375827856, 0.03302997521951839, 0.5204], [0.00026174708587581487, -0.0021283063134066864, 0.02968031813433824, 0.58014], [-8.232811741478792e-05, -0.00032945720933913274, 0.02405001576808275, 0.64011], [4.017154195756938e-05, -0.0009857454467069012, 0.020555251727064204, 0.700145], [1.8505136207257404e-05, -0.0005694729706255474, 0.015183334279350433, 0.7610399999999999], [3.0897483214609398e-06, -0.0003042396123783505, 0.011009038740758764, 0.8226], [2.549073998993093e-06, -0.00024386266673160384, 0.007438872924466414, 0.882255]]}}