{"cdf_smooth": {"c": [[0.005883, 0.011871223781097418, 0.025561641915106577, 0.0411155], [0.0411155, 0.05484406035399684, 0.07735054351644004, 0.1009075], [0.1009075, 0.11810563242775773, 0.14220682506977375, 0.16262], [0.16262, 0.18509985025892534, 0.2066918492153848, 0.22953], [0.22953, 0.24847652573640072, 0.2693959044666136, 0.28768000000000005], [0.28768000000000005, 0.30663020682156295, 0.3238206749892427, 0.341445], [0.341445, 0.36183571427553796, 0.3826321987169221, 0.40157], [0.40157, 0.4233803792287746, 0.44354237308344663, 0.46343], [0.46343, 0.48415187450998837, 0.5050952264727107, 0.523435], [0.523435, 0.544196116716944, 0.5637344601287092, 0.580755], [0.580755, 0.6030923535632364, 0.6226151199869939, 0.640615], [0.640615, 0.6632930379541483, 0.6845675672491504, 0.702145], [0.702145, 0.7272360025603357, 0.748672800674676, 0.7669900000000001], [0.7669900000000001, 0.7916460648995677, 0.8141501889149768, 0.8303], [0.8303, 0.8535160181880699, 0.8764610390074228, 0.885375], [0.885375, 0.9271042519813123, 0.955005, 0.955005]], "x": [0.0, 1.6995988756943659, 3.1997440882328125, 4.294949067029976, 5.5010350389742175, 6.50160374189858, 7.538624349506825, 8.738420137128644, 10.120206794088705, 11.559956736364121, 13.189792380207603, 15.328750092583373, 18.023621622200576, 21.8704307329413, 27.048469875614312, 34.492114279994745, 69.33831938099668]}}