{"cdf_smooth": {"x": [0.04872205258267167, 1.5528962119536853, 2.848297078887779, 3.9790556075301557, 4.985133656226335, 6.063974504831548, 7.152672573336451, 8.451556254919517, 9.712171107662074, 11.2085637069223, 12.922902259825678, 14.767402865182103, 17.112969300189235, 20.07993488492286, 24.258160368210486, 30.53860349245883, 60.70294148144986], "c": [[-0.002955240437776926, 0.01999166245339517, 2.1426244434527646e-17, 0.005024], [-0.0014245579101804457, 0.0066560735496981665, 0.04008283590159364, 0.0401985], [0.0012721578002450162, 0.001119952894161437, 0.05015590729827183, 0.10019449999999999], [-0.0033683481208548437, 0.005435462741379349, 0.05756849943695519, 0.16018], [0.0021737802257196463, -0.004731000572897912, 0.05827724336080128, 0.22017], [-0.0024587307313731206, 0.0023044881372919043, 0.05565942262562101, 0.280265], [0.0020779086875241408, -0.005725958057366809, 0.051934474932187856, 0.34042], [-0.0019460969668027859, 0.0023709270007675953, 0.04757667984156671, 0.40276999999999996], [0.000983739272938905, -0.004988909222918904, 0.04427641256810681, 0.462615], [1.009543163728702e-05, -0.000572728720036669, 0.03595401871050323, 0.520995], [-0.00027129359470539325, -0.000520807757044659, 0.03407932696883656, 0.581], [0.00016973744751923146, -0.0020220113560349166, 0.0293890955754494, 0.640385], [-8.415508321220963e-06, -0.0008276199770402362, 0.0227050959684437, 0.700385], [3.621937684724687e-05, -0.0009025255477415354, 0.017571813739835265, 0.7602450000000001], [1.039879210964757e-05, -0.00044852737774563945, 0.011926809977294443, 0.82055], [2.8265863232547462e-06, -0.00025260031052906726, 0.007523417408249423, 0.8803399999999999]]}}