{"cdf_smooth": {"x": [2.356298915283231, 4.641751612304771, 6.073378612246902, 7.417755845145318, 8.619690345184488, 9.738921925211745, 10.90736131710079, 12.21239268969685, 13.707420233777015, 14.928252785425327, 16.30214993433365, 18.115594194440362, 20.374649428708118, 22.542639499860964, 24.975450479505543, 28.269948868942592, 33.3296690444301, 39.94345805207442, 51.22680917818326, 101.37352101720552], "c": [[-0.0020531700676117205, 0.014533942558194332, 9.693717573345165e-18, 0.025152515], [7.1483132535052386e-06, 0.00045667335279303995, 0.03426034356378007, 0.076557665], [0.00043144546258564094, 0.0004873745075663154, 0.03561186796990814, 0.12656265], [-0.0003183489340890574, 0.0022274508789786817, 0.03926161741087389, 0.1763676], [-0.0003843936997825517, 0.0010795471781816536, 0.043236412467337434, 0.2262226], [-0.0007908410894317874, -0.00021112952569880253, 0.04420837292864939, 0.27542754999999997], [0.0009059060654838012, -0.0029832791705484297, 0.04047589997416118, 0.32553255000000003], [0.00040556388302281026, 0.0005634283376958122, 0.037317918720285836, 0.3752875], [-0.002435440629976819, 0.0023824158657054467, 0.041722036944939596, 0.43369335], [0.0016355201480969734, -0.0065373797303422765, 0.03664952180806849, 0.48374834999999994], [-0.00023419297686391613, 0.0002037296750153877, 0.027947738054871815, 0.5260026], [0.0001719879245599914, -0.0010703580539381434, 0.02637615579546878, 0.5759576], [-0.00028460121584062727, 9.523260968615887e-05, 0.024173293556563637, 0.6320631999999999], [0.00024623478496403254, -0.0017558052208553575, 0.020573188623120436, 0.6820181999999999], [-9.733193030863845e-05, 4.1322844437413164e-05, 0.01640217707336371, 0.7252225], [5.397960007055773e-05, -0.0009206568184904128, 0.013505212712068828, 0.7762276], [-6.1755315579931305e-06, -0.00010129180386516797, 0.008334438649224628, 0.8279828], [4.853425837456235e-06, -0.00022382279206901456, 0.006184199308410407, 0.8768876999999999], [3.955276096810545e-07, -5.953406840337176e-05, 0.00298698435770864, 0.9251425]]}}