{"cdf_smooth": {"x": [0.2228533482577279, 2.1900324570626295, 3.9346894323799324, 5.338060388078329, 6.67227028700696, 7.922158960027955, 9.343666477863609, 10.783214578789117, 12.46287342465753, 14.15888669741634, 15.985191601001448, 18.29635250132447, 21.00563495427303, 24.542201606989806, 29.182887011432268, 36.15336648050047, 66.93962142211208], "c": [[-0.001684140799528936, 0.01249450391949941, -2.3863351943938125e-17, 0.0050495], [0.00010821956332031877, 0.0025554841281414963, 0.029606022075082613, 0.04058], [-0.0007625830888545556, 0.003121902176179265, 0.03951111369248674, 0.1005855], [0.0007293681494314034, -8.865869843649812e-05, 0.04376787949071254, 0.160075], [-0.0018999901650872798, 0.0028307319163673943, 0.047426380721663046, 0.220045], [0.0014319486830831473, -0.0042935966422142455, 0.04559796267066509, 0.28003500000000003], [-0.001235712040883488, 0.001812980812258401, 0.04207174861952077, 0.34029], [0.0008443336496836026, -0.003523619952975423, 0.03960920129313273, 0.400925], [-0.0003023005629933548, 0.0007309574976908632, 0.0349184810965894, 0.461515], [-0.00024765398110888464, -0.0008071598039067127, 0.034789240973832486, 0.521365], [0.00026501869473774303, -0.002164034844181316, 0.02936293361852351, 0.5807], [-8.853955296682869e-05, -0.00032653230878378124, 0.023606832194961767, 0.6402749999999999], [6.161066417998971e-05, -0.001046168280518599, 0.019887798575212685, 0.700075], [-2.088061436480557e-06, -0.00039249761934654714, 0.014799860729348835, 0.76005], [1.068581043658507e-05, -0.0004215677280421105, 0.01102203955345991, 0.82007], [1.932798858365386e-06, -0.00019811206126639763, 0.006702574304688445, 0.880035]]}}