{"cdf_smooth": {"x": [0.7355272247670582, 1.1718102076376868, 1.5873417457454855, 1.8616869093107342, 2.0767723224126793, 2.2714204951180417, 2.4584098154780056, 2.6683620471524887, 2.928673619119167, 3.1890001630408715, 3.4738204307888743, 3.8159501413786443, 4.242872694915721, 4.740254676908343, 5.379434381090959, 6.40483811411491, 12.4691694804997], "c": [[-0.1978556819621399, 0.2705281525378954, 0.0, 0.0050405], [0.09626907971052431, 0.011564951224860821, 0.1230724207568491, 0.040103], [0.0030325402338422583, 0.13157346751787005, 0.18255094805933425, 0.1001475], [-0.11570431674393031, 0.13406935575728554, 0.25542877186069113, 0.160195], [-0.003376576770243764, 0.059410423463646105, 0.2970434501012983, 0.220185], [-0.2860577619865551, 0.05743868996866389, 0.31978791651313915, 0.28023], [-0.10035174916552704, -0.10303054952401197, 0.3112627256809379, 0.340165], [0.28207832918143677, -0.16623777059323275, 0.2547292409530832, 0.400045], [-0.1350628790324945, 0.05404698926762941, 0.22552468230604542, 0.460065], [-0.00909865251388443, -0.051434368264304205, 0.22620481690241834, 0.520055], [0.007761887775811695, -0.059208810199755726, 0.19469139718779466, 0.5801000000000001], [0.029740355966297854, -0.051242092944649556, 0.15690286166062054, 0.64009], [-0.008480569426433342, -0.013151606807949119, 0.12941173893054134, 0.7000500000000001], [0.0007691776242998624, -0.025805854097185336, 0.11003499981214541, 0.76012], [0.005145815993003552, -0.02433092591809384, 0.07798858759331048, 0.82011], [0.0005328387747146221, -0.008501309132053264, 0.04432229120936983, 0.880045]]}}