{"cdf_smooth": {"x": [1.2516789139481648, 1.9612026124092128, 2.5030654314807683, 2.8778303064538884, 3.1855608432681124, 3.4837300939432247, 3.7594240049788246, 4.080589707861574, 4.379141445642668, 4.714814866517362, 5.078537819178075, 5.500860352485249, 5.958436408137595, 6.522470707800658, 7.35820502069873, 8.526569634779278, 16.259385888446836], "c": [[-0.02373341483309325, 0.08674472570002302, 0.0, 0.0051795], [0.012795765878204654, 0.0362264648915632, 0.08725097395270066, 0.040371500000000005], [0.006894681509297649, 0.05702711420439406, 0.1377816212101483, 0.100322], [-0.0918448211244204, 0.06477876756582825, 0.18343018726275637, 0.16033], [0.1089544404265127, -0.020011600758845074, 0.19720641153592136, 0.22023500000000001], [-0.23702716663865575, 0.07744899082025326, 0.21433247509126563, 0.280145], [0.2097698438643091, -0.11859184895663935, 0.20298963962046224, 0.340155], [-0.1739743519079865, 0.08352078908821663, 0.19172601802697734, 0.400065], [0.07018944772330404, -0.07230024618619031, 0.19507593060922457, 0.46012], [-0.037505164806889583, -0.0016180501064292988, 0.1702635232274517, 0.52011], [0.03285861369190945, -0.04254251795719501, 0.15420131102017598, 0.58002], [-0.01989069683136991, -0.0009117190312084161, 0.1358496075723033, 0.64003], [-0.0006948341594748482, -0.028216238832032964, 0.12252135150403358, 0.7000949999999999], [0.008941095110323852, -0.029391969727597177, 0.09002834593425894, 0.7601], [-0.00010325174842249133, -0.006974829791848767, 0.05963536372557289, 0.82003], [0.00039329560913964264, -0.007336736859445126, 0.04291423567814585, 0.88002]]}}