{"cdf_smooth": {"x": [1.4454236226962263, 2.178726943826935, 2.708988105590844, 3.0815860311088805, 3.386916951803822, 3.6756377540267935, 3.9742561568979733, 4.27569621329904, 4.601474966703128, 4.956229742728586, 5.3519266731116595, 5.787415910695067, 6.3063482156661985, 6.944839223356752, 7.763464060356021, 9.056626880071768, 14.52931532971007], "c": [[-0.014316553925169227, 0.07589319190208522, 0.0, 0.005026], [0.00553978276030915, 0.04439806228066479, 0.08820997619518885, 0.040191000000000004], [0.005818698761036773, 0.053210657207868536, 0.13996808918946593, 0.100275], [-0.04340925353225344, 0.05971476247059873, 0.18204386629991645, 0.160115], [-0.0496987100660581, 0.019952200427549735, 0.20636865343057778, 0.22003], [0.034922016710049374, -0.023094953891607838, 0.20546127512924592, 0.28008], [-0.048074566671912095, 0.008190116673378274, 0.20101041644408346, 0.34030499999999997], [0.019541747022031247, -0.03528468359373599, 0.19284302866344843, 0.400325], [-0.01067181795828973, -0.016185825641210114, 0.17607503032781416, 0.46008], [0.01353869800090542, -0.027543460809942525, 0.16056185710708235, 0.52003], [-0.012097537232087195, -0.011471797088917218, 0.14512363931839953, 0.58009], [0.005816633704847151, -0.02727683888643295, 0.12824902538009733, 0.640115], [0.002680307156433853, -0.01822152147954558, 0.10463845636297288, 0.700135], [-0.000782709346285945, -0.013087465427850584, 0.08464794976269914, 0.760215], [0.002478953815134544, -0.015009701360913993, 0.06164691118010546, 0.82031], [0.0002644487861612051, -0.005392628644340499, 0.03526337658173936, 0.88029]]}}