{"cdf_smooth": {"x": [4.323999995406448, 13.390628705686343, 16.649900956278174, 18.867783798139317, 20.772886319329928, 22.41717878680132, 24.214588534948657, 26.005585180113705, 27.955462242397452, 30.242597106174877, 32.829455556534334, 35.722722995534454, 38.48779003906786, 42.136157631061515, 46.75213258538401, 51.365277947334796, 57.039736790606625, 65.08546529662033, 77.21157873147828, 116.63202681972317], "c": [[9.864639809363595e-06, 0.0005193531057653827, 0.0, 0.02505], [8.792928170164501e-05, 0.0007876701853018201, 0.011850294895794422, 0.075095], [-0.00018183777816666185, 0.001647426588895753, 0.01978693823944225, 0.12513], [0.00029521355687649366, 0.0004375419243017782, 0.02441115413068379, 0.17513499999999999], [-0.0007885020569957787, 0.0021247781987869564, 0.029292636657277552, 0.22527], [0.0004118867945125477, -0.0017648057799246042, 0.02988453659411036, 0.275675], [-0.00020778769719393108, 0.00045618223884544377, 0.027532403884719572, 0.32608000000000004], [-6.431576123552284e-05, -0.0006602589668972689, 0.027166903149422512, 0.37566], [8.059997710800263e-05, -0.0010364824496266706, 0.023858465980715664, 0.425645], [-4.36672419726273e-06, -0.0004834533966365378, 0.020382167716022023, 0.47575500000000004], [0.00012985500480816524, -0.0005173416888067668, 0.017793252492164784, 0.52517], [-0.00020794545828105884, 0.0006097740828012413, 0.018060684128017822, 0.575465], [8.144449807584454e-05, -0.0011151753178349749, 0.016663215829264954, 0.62567], [2.0683595011933447e-05, -0.00022375691585667173, 0.011778298859988675, 0.675575], [-2.6060092756617757e-05, 6.266795376463372e-05, 0.011034716245554013, 0.72721], [8.204454637892672e-06, -0.00029798903433196107, 0.009949145894165595, 0.7768900000000001], [2.157223492785542e-06, -0.00015832151380932292, 0.00735983046898707, 0.82525], [1.155421875316299e-06, -0.00010625221016008204, 0.00523114211610423, 0.87534], [4.0738078718051837e-07, -6.421987998447673e-05, 0.0031639782135339783, 0.92521]]}}