{"cdf_smooth": {"x": [9.660386057956275, 19.06483604036068, 23.16693351601784, 26.012765334214908, 28.674608734314038, 31.14215187226424, 33.339480611842994, 35.80991112328764, 38.79303441256117, 41.966496250814764, 45.60628143763257, 49.36492326954918, 53.6655623345228, 58.79401643835622, 64.49435908120203, 71.18098431241849, 79.58470103591077, 90.62994849665536, 109.33482080614641, 179.7412081724628], "c": [[-1.2991873768001364e-05, 0.0006883044139870198, 0.0, 0.0266585], [6.267036145981795e-05, 0.0003217601329003784, 0.0094991015102025, 0.0767285], [-0.0001063241001500414, 0.0010929999275289034, 0.015302585182750014, 0.12543500000000002], [-1.424831652212393e-05, 0.00018525840578442542, 0.018940293419568637, 0.175385], [7.57104026627068e-05, 7.147804389359675e-05, 0.01962368564370899, 0.226845], [-0.00016539603276719813, 0.0006319340975790223, 0.021359385446550607, 0.27684], [-5.782149974100539e-05, -0.00045835427105599385, 0.021740797387980744, 0.32506999999999997], [0.00010983685523116445, -0.0008868862625890045, 0.018417474128432074, 0.37511], [-6.112169832781417e-05, 9.608437999295013e-05, 0.016058414615258434, 0.425075], [5.3580506256650633e-05, -0.0004858177514047512, 0.014821610633989171, 0.47505], [-3.376065345751351e-05, 9.924684752071628e-05, 0.01341457558437729, 0.525145], [4.95396360356816e-06, -0.00028143576555403425, 0.012729792695745631, 0.575175], [1.0613851389437588e-05, -0.00021752013735414527, 0.010583963447999526, 0.62511], [-3.4618559063789894e-06, -5.4222188207228445e-05, 0.009190345403289068, 0.6751], [2.1363208858049732e-07, -0.00011342348274678909, 0.008234707636261392, 0.725085], [1.721570126000392e-06, -0.0001091380496056897, 0.006746522078535109, 0.7751399999999999], [-2.3044653274938121e-07, -6.573528663008693e-05, 0.0052769360983176234, 0.82515], [8.764217564575941e-07, -7.337130357214949e-05, 0.0037404693861135337, 0.875105], [1.002516372107726e-07, -2.4191232440752016e-05, 0.0019155746078020892, 0.925135]]}}