{"cdf_smooth": {"x": [3.523809745210668, 17.294932841584597, 23.390406602308413, 27.080318239570488, 30.273849473985322, 33.30796827685649, 36.20535226477352, 39.1537505407354, 42.43025042473277, 45.56525867413262, 48.89827430202876, 52.98867163106607, 57.50376935839944, 63.458484741805435, 70.7412530994776, 81.53393257008804, 127.32300259105641], "c": [[8.096645045176215e-06, 7.347316551071605e-05, 0.0, 0.0050165], [2.0872134456806867e-05, 0.0004079728522650188, 0.0066300523750486805, 0.0400955], [-4.361826483798362e-05, 0.000789649496000313, 0.013930127974156466, 0.100394], [-1.9674349835203803e-05, 0.00030680686693174743, 0.01797595506748953, 0.160355], [8.96414700571927e-06, 0.00011831491478516113, 0.01933359475583257, 0.22025], [-2.1484667700801973e-05, 0.00019990977573042013, 0.02029912627286376, 0.28025], [-7.079507752043354e-05, 1.3161779184359671e-05, 0.020916476384354416, 0.34022], [0.00010542790625034069, -0.000613034474339141, 0.019147812764163448, 0.40019000000000005], [-6.699768328695318e-05, 0.00042326909345883387, 0.018526046515722417, 0.460055], [-4.405413969406225e-05, -0.00020684577592699417, 0.01920453540154721, 0.52023], [5.54118655316669e-05, -0.0006473451841484845, 0.016357503582408044, 0.58031], [-3.550227390101339e-05, 3.262445615462989e-05, 0.013843051558518112, 0.64018], [2.201484763577901e-05, -0.00044826425246226824, 0.011966397258820193, 0.70008], [-6.090527096187867e-06, -5.498779682193015e-05, 0.008969674539216979, 0.7600899999999999], [3.318284762672509e-06, -0.00018805549087491617, 0.007199646574033774, 0.820145], [4.901012109472897e-07, -8.061593936771085e-05, 0.004299961944514626, 0.880115]]}}