{"cdf_smooth": {"x": [1.786695300903346, 3.4708694276351384, 4.496055629066352, 5.234003061401666, 5.793501681931721, 6.290782266997926, 6.846200290196166, 7.391562705142076, 8.01357310484091, 8.680020275255849, 9.422791455120219, 10.187049789515545, 11.169128653956719, 12.456554076060927, 14.007641034195185, 16.331082679552328, 27.43854082594412], "c": [[0.0009398725603142432, 0.010788221384841737, 4.061053822741763e-17, 0.005168], [-0.001782187841360158, 0.015536948530360977, 0.04433617005300263, 0.040258], [0.005883897094439375, 0.010055725380398211, 0.07057342620404158, 0.10012000000000001], [-0.002215495448865761, 0.02308174563929845, 0.09502713785711264, 0.16004000000000002], [-0.03072028715820047, 0.019363045697005424, 0.11877494005846066, 0.220045], [0.02440756657800025, -0.02646676141728968, 0.11524240014893364, 0.28012000000000004], [-0.021196165190129394, 0.014202445722207302, 0.10843057816969184, 0.34014500000000003], [0.011096913955638561, -0.020476329784836888, 0.10500903760620553, 0.400065], [-0.005685784078859656, 0.0002308578700739865, 0.09241614352841238, 0.46013000000000004], [0.006879156570924981, -0.011136966262765141, 0.08514779844986484, 0.52014], [-0.008021852225755572, 0.004191951465207941, 0.07998924161450774, 0.58006], [0.0027894158247227436, -0.014200350797256074, 0.07234023901103324, 0.6400600000000001], [0.0011013459580051983, -0.005982071820462232, 0.05251950832495259, 0.7000500000000001], [-0.0005096967688458379, -0.001728369465859408, 0.04259289019730023, 0.7601], [0.00033501141988797733, -0.0041001214981392494, 0.03355239387743853, 0.820105], [5.21004712936609e-05, -0.0017649830442253828, 0.01992516572933519, 0.88013]]}}