{"cdf_smooth": {"c": [[0.0052775, 0.008852404712788245, 0.023912687481102264, 0.040293499999999996], [0.040293499999999996, 0.05285054558342914, 0.07295397300122942, 0.10003100000000001], [0.10003100000000001, 0.11421168961237074, 0.13826416879274547, 0.16011], [0.16011, 0.17839870441206856, 0.20001820988282665, 0.220115], [0.220115, 0.2399986579206786, 0.25867312023304684, 0.28005], [0.28005, 0.2987163875314503, 0.3179200057883655, 0.340065], [0.340065, 0.3580764882584587, 0.3811723779279462, 0.400095], [0.400095, 0.4213425684768894, 0.44159578818839107, 0.46043], [0.46043, 0.4817394621995332, 0.5017413094120188, 0.52039], [0.52039, 0.5416713455968499, 0.5612795489983552, 0.58006], [0.58006, 0.601244263131475, 0.6215709258992351, 0.640125], [0.640125, 0.6616527873972042, 0.6819279931850922, 0.7000900000000001], [0.7000900000000001, 0.722015338677702, 0.7432472117059833, 0.760035], [0.760035, 0.783650804871107, 0.8032700814387382, 0.82013], [0.82013, 0.8436556667004048, 0.8687367106096011, 0.8801049999999999], [0.8801049999999999, 0.9208220705380598, 0.9550041916172197, 0.955005], [0.955005, 0.9999982203939211, 1.0, 1.0]], "x": [4.010349436208251, 4.957315662934975, 5.683231917776253, 6.063406339988344, 6.381677481374668, 6.696573266445428, 6.971541681865808, 7.195185469642874, 7.446307469391633, 7.730432699300057, 8.054668182855268, 8.420404330490545, 8.844758032378591, 9.357041654329162, 10.07768393565698, 11.08323980825123, 14.684774567646025, 200470.02739726027]}}