{"cdf_smooth": {"c": [[0.0051565, 0.008361369845064857, 0.02385725601726667, 0.0405605], [0.0405605, 0.05299865974031009, 0.07562252723593928, 0.10042899999999999], [0.10042899999999999, 0.1161555137855392, 0.13841651352253895, 0.160095], [0.160095, 0.1784145297783963, 0.20096454495592858, 0.220165], [0.220165, 0.24111714479728852, 0.25915797454328066, 0.28047], [0.28047, 0.29936335779656076, 0.3200658818291365, 0.34063], [0.34063, 0.36003284511096323, 0.38137641644880715, 0.40032999999999996], [0.40032999999999996, 0.4212802153572042, 0.44184857109494835, 0.46023499999999995], [0.46023499999999995, 0.48191037589606023, 0.49944333431370347, 0.52024], [0.52024, 0.5394766682812773, 0.5626406211170235, 0.580275], [0.580275, 0.6028442099585998, 0.6225098524968535, 0.64025], [0.64025, 0.6626966865109442, 0.682071844454737, 0.70028], [0.70028, 0.7225076696835151, 0.7422702548864815, 0.76111], [0.76111, 0.7825484483645566, 0.8050078696966689, 0.8209949999999999], [0.8209949999999999, 0.8452733783667558, 0.8707172153131897, 0.880285], [0.880285, 0.9252367605213302, 0.9551728748040874, 0.955175], [0.955175, 0.9999953309163763, 1.0, 1.0]], "x": [0.5473243841460903, 1.4468648468219383, 2.1167124512274467, 2.5413745015353686, 2.900237611488142, 3.291840405530121, 3.6390008252186834, 3.966556803836721, 4.328618588884003, 4.755445643176328, 5.150255589191204, 5.655549743552097, 6.2949006551913556, 7.0753905208696395, 7.963539037931966, 9.31229928032641, 15.649100264193322, 133658.6301369863]}}