{"cdf_smooth": {"x": [3.6925798628511997, 15.38070267859315, 21.887362704743033, 26.297675366338876, 29.79389836126605, 32.987112800157114, 36.06498763581522, 38.6609495466422, 41.29784827950486, 44.01536448214248, 46.969354535875105, 50.52775985658177, 54.319702120554346, 58.87622553424652, 65.13598941583741, 73.67704115062112, 108.2503209328049], "c": [[5.28577754123934e-06, 0.00019533381949569164, 0.0, 0.005058], [5.064606228853835e-07, 0.0003806762707317794, 0.006732476677685285, 0.040183], [8.149774165512003e-06, 0.00039056237200102027, 0.011750664324976888, 0.100245], [-2.2281676772219485e-05, 0.0004983915285749325, 0.01567122896826203, 0.16036499999999998], [-4.498304798716683e-05, 0.0002646863964852211, 0.01833911955677867, 0.220295], [0.0001415295874001731, -0.0001662351585286365, 0.01865349547134835, 0.28009], [-0.00019923406188155553, 0.0011405959081515647, 0.021652455903465734, 0.340055], [4.190760498877717e-05, -0.0004110161998000253, 0.023546417037258585, 0.400465], [-1.523543409690893e-05, -7.949786832338703e-05, 0.02225298111257267, 0.460465], [-6.35892342201061e-05, -0.0002037054853610925, 0.02148337141029379, 0.520045], [7.844055015210317e-05, -0.0007672313815930981, 0.018615233562508802, 0.58009], [-4.063074251323035e-05, 7.013843146810972e-05, 0.016134694299756926, 0.64015], [1.3674108180529625e-06, -0.00039206985778940644, 0.014913948918188225, 0.700125], [1.2559051043506413e-05, -0.0003733779395636223, 0.01142616810759004, 0.76007], [-3.744931717082033e-07, -0.00013752785723602975, 0.008228018453888167, 0.820045], [1.2204045884149368e-06, -0.00014712355389767868, 0.005796796025015975, 0.880055]]}}