{"cdf_smooth": {"x": [0.43435550712901616, 0.7144412877493164, 0.9344404152946081, 1.0881448540802052, 1.238425572827599, 1.3620413597758185, 1.4975157522624056, 1.6482029970347398, 1.8194338926826596, 1.9896549345459138, 2.1846337600409393, 2.4056815770530835, 2.6620186224503772, 3.0175406877383217, 3.544714193313031, 4.317662756566921, 8.406844193226634], "c": [[-0.4852493780260675, 0.5832521107777194, 0.0, 0.0050935], [0.4416046203452301, 0.17551775825788032, 0.21252065107999898, 0.0401865], [-1.487495425537475, 0.4669756518456424, 0.35386864075637314, 0.100138], [1.8267934799519605, -0.2189282968894985, 0.391994620242159, 0.16016000000000002], [-2.6323848348293173, 0.6046672146212013, 0.4499637420477211, 0.220325], [0.7265505144088666, -0.37154575410275426, 0.47878123484422735, 0.280215], [-0.3545252563607062, -0.07625878545167536, 0.41811518689535476, 0.340065], [0.6864434021766647, -0.23652608770127642, 0.37098249615347245, 0.400125], [-0.607778463096455, 0.1160948679976687, 0.3503609505396525, 0.46016], [0.21888932589206078, -0.19427518163330892, 0.3370530160993978, 0.520165], [-0.002796207176586485, -0.06623883060581451, 0.28625829996801705, 0.58012], [-0.07852736699001389, -0.06809311708270832, 0.2565645161764794, 0.64013], [0.06441815339198473, -0.12848153679385615, 0.2061751502017653, 0.7001], [0.02225570432442905, -0.05977531198599395, 0.13924568651895272, 0.760055], [0.003206892225837836, -0.02457745898276358, 0.0947771405424123, 0.82011], [0.001548034387058313, -0.017141170767349237, 0.06253078561614159, 0.880165]]}}