{"cdf_smooth": {"c": [[-0.3196476885093896, 0.42982518825876415, 0.0, 0.005019], [0.4680242380023962, 0.11493115598084647, 0.17888499120863527, 0.040049], [-1.1109193998876052, 0.46935410146320006, 0.3263731518140936, 0.100055], [0.7674218264227948, -0.06644435244247027, 0.3911478542244484, 0.16004000000000002], [-0.6154533660336937, 0.2801346753076625, 0.4233164225347221, 0.22003499999999998], [0.5069895563351078, 0.03386803232373965, 0.46519795624842036, 0.28002], [-1.983552465338811, 0.22496988939890758, 0.4977196041499669, 0.34001000000000003], [1.0002695733282347, -0.4952020527367052, 0.46501504582187847, 0.400025], [-0.06528982335253943, -0.05992873903222821, 0.38449221287240415, 0.46011], [0.09908464671471266, -0.09143524562072239, 0.36014461863872266, 0.520135], [-0.37826688464845293, -0.040086505803407044, 0.33742506716391096, 0.58013], [0.23821679501535858, -0.2555206738064426, 0.28130605932446145, 0.640155], [-0.0008069298294532406, -0.06986875624536375, 0.1967763747300432, 0.7001649999999999], [0.028879478830671844, -0.07071049057264868, 0.1478954710746236, 0.760105], [0.0039859641759833935, -0.027325562003264157, 0.09880309002014358, 0.82006], [0.0017311397339475475, -0.018432648880111258, 0.06477336504096086, 0.8800650000000001]], "x": [0.7262840821099001, 1.0546602324754895, 1.3070851545942586, 1.4678524295678463, 1.6183906845480098, 1.7517702150291972, 1.8774150497779263, 1.9984389794394994, 2.143490981856601, 2.30434558864768, 2.4770892696647167, 2.6669324524775186, 2.926712509195894, 3.2744231760391918, 3.775181619127932, 4.518867272964241, 8.421435201003575]}}