{"cdf_smooth": {"x": [0.7172459096995554, 0.8823775473760563, 1.040555685521783, 1.2009878195482793, 1.466432679159916, 1.756578138774508, 2.0571548271847773, 2.3844143228068604, 2.708994411115697, 3.028579754216082, 3.4719419068501263, 4.132074892345833, 4.782744560595557, 7.211228650901915], "c": [[-0.3137632132964487, 0.37309021224939587, 0.0, 0.002903561], [0.055513656985436935, 0.21765351248654427, 0.09755047871276189, 0.011664316000000001], [-0.23460685165149434, 0.24399665319739475, 0.17057344239531366, 0.032760135], [0.4463037125466826, 0.13108121959433428, 0.2307479859534094, 0.06543694], [-0.49388701779088046, 0.48648829855765385, 0.39467863999968994, 0.14427136000000002], [-0.3779668215751295, 0.056591071233807, 0.5522506533550366, 0.28767675000000004], [0.16079984253687524, -0.28423297544021725, 0.4838268036452666, 0.44851915000000003], [0.0638188424472909, -0.12636314934603288, 0.34945532294333653, 0.58205095], [-0.08598076135304882, -0.06422017279410407, 0.28759577141289927, 0.6843468500000001], [0.0601192139491498, -0.14665474614524293, 0.22020323809240203, 0.76689265], [0.020783496222057347, -0.06669099381175775, 0.1256138115697632, 0.840934], [0.006518521922412926, -0.025531379581441322, 0.06473478089221082, 0.9007723], [0.001266910450929701, -0.012807166091236348, 0.03978905209819273, 0.9338797]]}}