{"cdf_smooth": {"x": [1.8471626592125108, 3.8123012264575165, 5.591274130785536, 6.692847188114992, 7.528865304376878, 8.361118691942865, 9.11669263450467, 9.880751554714744, 10.611711749051679, 11.345266040853314, 12.19006043279729, 13.158197538890201, 14.166026884648652, 15.472765148710351, 17.04419765224942, 19.254154573133118, 28.301470482906076], "c": [[-0.002064171524366107, 0.013121268792850707, -2.3403034032814435e-17, 0.005077], [0.0013872532214838946, 0.0009521195770284658, 0.027656158257466836, 0.0400835], [0.0010648463194262157, 0.008355777254413294, 0.04421465451688233, 0.10010650000000001], [-0.006836897091075753, 0.011874795301442378, 0.06650010817876163, 0.160375], [0.005981916476324485, -0.005272514180030292, 0.07201973480491605, 0.220275], [-0.006186386839393478, 0.00966289657464325, 0.07567364542554277, 0.28001], [0.0038778744977127624, -0.004359921508715871, 0.07968043520341257, 0.340035], [-0.0017855457154063864, 0.0045288522955818054, 0.07980950827801567, 0.4001], [-0.004286280797807172, 0.0006133637661889756, 0.08356826352985017, 0.46016], [0.0012047710370193096, -0.008819295259106227, 0.07754876726499055, 0.5201], [0.002601260294510586, -0.005765943812154957, 0.06522723909242698, 0.580045], [-0.0035705246617623717, 0.001789186029010705, 0.06137719232062121, 0.64015], [0.0020523489455081044, -0.00900625257262444, 0.05410362086767577, 0.70017], [-0.0005557593988859742, -0.0009606038777180639, 0.04107954817160303, 0.76007], [0.00023525286903428987, -0.0035806190283883222, 0.03394332289113131, 0.820095], [6.109949094066568e-05, -0.0020209229101480985, 0.02156415651644247, 0.88016]]}}