{"cdf_smooth": {"x": [1.1985123127822164, 3.5788185046694903, 5.977839742427199, 7.574127610979931, 8.772414656985573, 9.905253865336656, 10.897617914964721, 11.891559791012442, 12.863171350135882, 13.944899714744581, 15.18351188810226, 16.557133000747868, 18.010214836789828, 19.973318426984736, 22.92624704078559, 26.942445301305987, 42.83407685013825], "c": [[-0.0012936323251124457, 0.009274772704389794, 0.0, 0.005039], [0.00048261355362759137, 3.704960391774084e-05, 0.022164988298218457, 0.040142000000000004], [0.0005015163368028, 0.0035104500982646976, 0.030675515424693215, 0.100193], [-0.0019446076646656315, 0.005912143431222652, 0.04571668716611733, 0.16014499999999998], [0.0021101736626770395, -0.0010784510911737342, 0.05150883808157471, 0.22007], [-0.002776260556405286, 0.00609301129335732, 0.05718952849124524, 0.280105], [0.0015943388423228487, -0.0021721722123737423, 0.061080428239590104, 0.34014500000000003], [-0.002425197231475597, 0.0025818682076086262, 0.061487642245703106, 0.400275], [0.0005057851325234693, -0.0044871807821589465, 0.05963641852452679, 0.46023000000000003], [0.00017871282648519477, -0.002845814409414932, 0.05170410962826212, 0.52013], [0.0006148441286217948, -0.002181746762155782, 0.04547691115885425, 0.5801449999999999], [-0.0010389210868452412, 0.0003519418660275029, 0.042963452521510126, 0.64009], [0.0003478332015531368, -0.004176970215099885, 0.0374053733051275, 0.700075], [0.00018239529268468792, -0.0021284723948260405, 0.025027136279813983, 0.76004], [-1.3612956308648467e-05, -0.0005126715584524464, 0.01722802672701082, 0.8200799999999999], [1.1953100273964009e-05, -0.000676688552794448, 0.012451320717088692, 0.88012]]}}