{"cdf_smooth": {"x": [0.8328653508234302, 2.8054012218246567, 5.123650475602442, 6.815685782968921, 8.185599602342068, 9.284459250428368, 10.28324710679433, 11.29490402714995, 12.288553255566857, 13.423694296081301, 14.524065599846423, 15.786146412631476, 17.36953014593063, 19.450991449175685, 22.341238531858263, 26.044663178473616, 44.772473010128266], "c": [[-0.002634131395334766, 0.014195255615786863, -1.1972645120190948e-17, 0.005163], [0.0007204369114088451, -0.0013925003828981616, 0.025253893944521634, 0.0401785], [-0.00036612641727052465, 0.003617956613904411, 0.030413056191367024, 0.10021549999999999], [0.0009336441485907867, 0.0017594601389604781, 0.03951183519963838, 0.16026], [-0.0007980663655120736, 0.005596496203554711, 0.049588861447955414, 0.22009], [-0.001770752008371745, 0.002965607426886385, 0.05899741163018035, 0.28028], [0.0018235097662614836, -0.0023402093809055946, 0.05962205160390093, 0.34040000000000004], [-0.003435439923044882, 0.0031940894422178767, 0.06048588527708118, 0.40021], [0.0032376516862062045, -0.007046777244200635, 0.056657665015309756, 0.46009500000000003], [-0.002525556261675167, 0.003978796667509688, 0.05317507435120673, 0.520065], [0.00023283165892148372, -0.004358352241665328, 0.05275742228922178, 0.58003], [0.00021257839860180824, -0.0034767951336642086, 0.042868833121475255, 0.6401399999999999], [0.00010898414776662203, -0.0024670155984735783, 0.033457499894399396, 0.700145], [0.00015828877395852905, -0.0017864767397434878, 0.02460402018875125, 0.7600800000000001], [-3.647281754585353e-05, -0.0004139957382783637, 0.018244111028625287, 0.82009], [1.616372456516067e-05, -0.0008192187325708209, 0.013676994162719705, 0.880125]]}}