{"cdf_smooth": {"x": [2.937063988602739, 4.373775252493151, 4.506886688876713, 5.137606690191779, 5.69610808142466, 6.428414795506848, 7.246027848657534, 8.240004569095888, 10.045237244383562, 15.866683059945204], "c": [[0.2892562784731943, -0.3671314096514134, 0.0, 0.05], [-5.762676266187915, 0.8796018506489647, 0.7362720549920715, 0.15000000000000002], [0.9830865807818998, -1.421632494968235, 0.6641215773628258, 0.25], [-0.35239951226438715, 0.43852461360251704, 0.04405577313498805, 0.35], [0.08146013887720317, -0.15192224000582916, 0.204123597519384, 0.45], [-0.018655798794191596, 0.027039179883701026, 0.11267089411681992, 0.55], [-0.0002617913978197666, -0.01872049394955049, 0.1194723603216423, 0.6499999999999999], [0.002797803477377626, -0.019501137614682067, 0.08148094832962335, 0.75], [0.00012009808555512437, -0.004349078845495369, 0.038425758263027125, 0.8500000000000001]]}}