{"cdf_smooth": {"x": [2.6582719095196294, 4.543575960717294, 6.05359101742262, 6.999531840572726, 7.865896559929515, 8.673624702732187, 9.385915439469096, 10.245598267057225, 11.090111622859023, 11.93535712778354, 12.824982812203858, 13.833282571562888, 15.024051260743752, 16.51503527460096, 18.593218452740093, 21.48376804935355, 32.74291526588501], "c": [[-0.0018995987239256308, 0.013430320163095805, -3.676198524296611e-17, 0.0050325], [0.00237017951495284, 0.002686356653495082, 0.03038483609416225, 0.040039500000000006], [-0.004396632176732379, 0.013423376917515004, 0.05471077634589877, 0.10020699999999999], [7.460819411150094e-05, 0.0009465153364754933, 0.06830384405321697, 0.16025], [0.0051512247170474946, 0.0011404290579348046, 0.07011189904779352, 0.220185], [-0.015026922057410819, 0.013622796579514809, 0.08203657187370747, 0.280275], [0.009596464926115357, -0.01848781556996902, 0.07857126391275782, 0.34019], [-0.0030455319353363255, 0.0062619327376304615, 0.06806088238969181, 0.40017], [-3.527146637742119e-05, -0.0014540444471067466, 0.0721212082642421, 0.46028], [-0.0011792930975582003, -0.0015434835923295578, 0.06958756116302334, 0.52018], [0.0001962872029307031, -0.0046908718794716545, 0.06404131840950263, 0.580035], [8.727561764542318e-05, -0.0040971228610308524, 0.05518038542740558, 0.6400399999999999], [4.42159810411029e-05, -0.0037853476425675947, 0.04579418635832885, 0.7000850000000001], [0.00035995573852146124, -0.0035875716798997002, 0.03480128151307119, 0.760095], [1.0168704375241519e-05, -0.0013434097978898493, 0.024553798754213305, 0.820155], [2.9511420849638598e-05, -0.0012552303649000403, 0.017042300479917456, 0.88015]]}}