{"cdf_smooth": {"c": [[0.005039, 0.011519511584344957, 0.024870461826209674, 0.040147], [0.040147, 0.05421741667978369, 0.07537585546124283, 0.100203], [0.100203, 0.11605265010104394, 0.13961084633967388, 0.160185], [0.160185, 0.17960119470338698, 0.19954099603685294, 0.22014], [0.22014, 0.23952811710142094, 0.26040196342145144, 0.28010999999999997], [0.28010999999999997, 0.3003914332950489, 0.31881039720684506, 0.3401], [0.3401, 0.3588418160773175, 0.378790569061364, 0.40004], [0.40004, 0.41882202673220786, 0.4411596578163587, 0.46004500000000004], [0.46004500000000004, 0.4812168760200918, 0.5015843414058205, 0.52008], [0.52008, 0.5416697501772361, 0.5612011433721761, 0.580065], [0.580065, 0.601240834978713, 0.6213996485823352, 0.6400650000000001], [0.6400650000000001, 0.6614544319577262, 0.6803966242647641, 0.700045], [0.700045, 0.7203890101859433, 0.7433136556767256, 0.76003], [0.76003, 0.7837093013491467, 0.8043196144659673, 0.82003], [0.82003, 0.8451056977895084, 0.8699773955760999, 0.8802099999999999], [0.8802099999999999, 0.9238326887084577, 0.9535585596252041, 0.9552], [0.9552, 0.9964975581326067, 1.0, 1.0]], "x": [5.53635703539787, 8.009162470427608, 10.286733634986119, 11.740735160700305, 13.112902258719389, 14.404408218265138, 15.733489979621114, 16.903516784022546, 17.937684465083187, 19.097063507013786, 20.450392113754074, 21.969586402266305, 23.710496719869305, 25.513042523724977, 28.066413312199952, 32.141905546152906, 49.51616547945206, 486.64109589041095]}}