{"cdf_smooth": {"x": [4.673299873339163, 7.009111335928195, 8.973361529150683, 10.33035465231833, 11.432975895798194, 12.428876280100386, 13.527517276022653, 14.55120552373045, 15.61695553087335, 16.72335969001435, 17.833945014580063, 19.079638175070826, 20.498843543002213, 22.184781590210406, 24.595835539840948, 27.937138151577418, 41.042782396917616], "c": [[-0.0009457759353485359, 0.008626016905688432, -1.4130366748287793e-17, 0.0050215], [0.0004744573618017226, 0.0019985540932045158, 0.02481699472430513, 0.040032], [-0.00024293414656701082, 0.0047944129869890995, 0.03816008162412946, 0.1000855], [0.0002796066777487872, 0.0038054330881670227, 0.049830013608416567, 0.16009], [-0.0036856350200321067, 0.004730333876280945, 0.05924173159281052, 0.22003499999999998], [0.0033995460673520595, -0.006281242122261775, 0.05769718147462072, 0.28008500000000003], [-0.002541314160086643, 0.004923399909096114, 0.0562054003532431, 0.34040000000000004], [0.0006720042698120386, -0.0028811404091462533, 0.058296037402111416, 0.40037], [0.0005012628156282588, -0.0007325747430894776, 0.05444472045280373, 0.46004], [-0.0013236778275708806, 0.0009312230490119935, 0.05466450576468276, 0.52006], [0.00040243501864979425, -0.0034789484602476928, 0.0518350393119412, 0.580105], [2.2892115735979205e-05, -0.001975016809425611, 0.045041072077954984, 0.640055], [-0.0002789433199449208, -0.001877550968818192, 0.0395734872067519, 0.7000649999999999], [0.00033791690287105175, -0.0032883944371473084, 0.030864023297034263, 0.7601100000000001], [-1.1633244885596476e-05, -0.0008441867872047976, 0.02090014701389109, 0.820145], [2.00176865260591e-05, -0.0009607973617624373, 0.014869148762803939, 0.88012]]}}