{"cdf_smooth": {"c": [[0.0050495, 0.009919439290677661, 0.024178741413664172, 0.0400965], [0.0400965, 0.05328231825085393, 0.07543833480368808, 0.100082], [0.100082, 0.11605370369381939, 0.13769666953574763, 0.160095], [0.160095, 0.1778880059246052, 0.20043799958853317, 0.22013], [0.22013, 0.24044263998236992, 0.25969431747461547, 0.2801], [0.2801, 0.2996816219328993, 0.31966025615464316, 0.340075], [0.340075, 0.359655956346467, 0.37973083646017886, 0.40007], [0.40007, 0.41973459042433536, 0.44097690158680375, 0.460075], [0.460075, 0.48103660717091323, 0.500943048011581, 0.52016], [0.52016, 0.5409887984666979, 0.5613356898072955, 0.5801499999999999], [0.5801499999999999, 0.6013630696271408, 0.6212654724494521, 0.6401], [0.6401, 0.6613102872393068, 0.6817164796148608, 0.70014], [0.70014, 0.7218560122380495, 0.7424465953842333, 0.7602450000000001], [0.7602450000000001, 0.7826242190211833, 0.8038349190593298, 0.820165], [0.820165, 0.8442641674282357, 0.8700779920570202, 0.880045], [0.880045, 0.9242418298025086, 0.9545129654029996, 0.9550449999999999], [0.9550449999999999, 0.9988403755903261, 1.0, 1.0]], "x": [5.10202474190446, 7.843027112716013, 10.113595477643115, 11.585164128340532, 12.754163298261318, 13.960006218336773, 15.117152525107313, 16.22703817887724, 17.300113123994834, 18.47789402017882, 19.75446279858484, 21.193789678114115, 22.814671139788103, 24.725222485150535, 27.127496617698696, 30.67266009478933, 46.393023489242644, 1340.4427397260274]}}