{"cdf_smooth": {"x": [3.0398565551769696, 5.061560411842981, 6.67785482907138, 7.74104058336441, 8.707593828406635, 9.531804390064087, 10.30589503504619, 11.12052566928702, 11.926805037295534, 12.803459408771966, 13.635434292562131, 14.577603810672183, 15.763530486811389, 17.16358884950665, 19.00355972282573, 21.88955125479449, 32.87560850768256], "c": [[-0.0014469927349258448, 0.011495135080723832, 8.586175674362538e-18, 0.005122], [0.0015176129830701028, 0.0027189627024220113, 0.028736696307213722, 0.040149000000000004], [-0.0032833987082680027, 0.010077690878570673, 0.04941985604937796, 0.100107], [0.002992002820119637, -0.0003948973183132993, 0.05971446422440383, 0.160095], [-0.0019557231557275636, 0.008280892786573055, 0.0673366987346386, 0.22014499999999998], [-0.0038276021354937345, 0.0034451097446870295, 0.07700139386692513, 0.28017499999999995], [0.003912408710163579, -0.0054436232727106265, 0.07545436324101189, 0.34007], [-0.005081549387029587, 0.0041178806941990585, 0.07437437272343896, 0.40004], [0.005896473318578436, -0.008173564590635738, 0.07110435847457768, 0.46002], [-0.005819083067389063, 0.007333942742442056, 0.07036830031097156, 0.520045], [-3.487936689249502e-05, -0.007190050133826915, 0.07048801534730238, 0.580315], [0.0015678006815689628, -0.00728863696271817, 0.05684663770268427, 0.640315], [-0.000454750190868865, -0.0017107470092925865, 0.04617402818145712, 0.700095], [0.0001627190937119194, -0.003620777432282275, 0.03870958280111609, 0.76014], [0.00019115505094195636, -0.002722582253393861, 0.02703798574048554, 0.82012], [2.0318829900006705e-05, -0.001067566678459231, 0.016099648018257078, 0.88007]]}}