{"cdf_smooth": {"x": [2.476150998357669, 4.135082313834707, 5.282516833040801, 6.18386196515361, 6.956474271481944, 7.724510914257065, 8.437946669957627, 9.10886508079731, 9.815932929531277, 10.630116333332584, 11.449108855259109, 12.353367746015161, 13.362051658333094, 14.512361195075536, 16.133085166653004, 18.45274294513672, 26.998404259089554], "c": [[-0.00032438394761991155, 0.013288429685446636, -4.8378491584570606e-17, 0.0051005], [-0.0019044175472884908, 0.011674037618612458, 0.04141101872227522, 0.040190000000000003], [0.001562469076744352, 0.005118454320390628, 0.06067930363657741, 0.1001995], [-0.005475033574991273, 0.009343426009591614, 0.07371444907320485, 0.160195], [0.0038526871710140823, -0.003346808943205649, 0.07834750921503318, 0.2202], [-6.0909152501761974e-05, 0.005530205818259617, 0.08002443802079534, 0.280145], [-0.004378300130822689, 0.005399841516527253, 0.08782232460093181, 0.34003], [-0.003728319844261545, -0.0034126049813249016, 0.08915559817909231, 0.40005999999999997], [0.006332323061749377, -0.011321130256347378, 0.07873784770077552, 0.460075], [-0.004263369686370362, 0.004145886776806469, 0.07289588354149978, 0.520095], [0.0011432636844537802, -0.0063291168972301375, 0.07110783439922799, 0.5802350000000001], [0.00025875075556651384, -0.00322769784379254, 0.062465999702349714, 0.640205], [-0.0013328208366165562, -0.00244470467047237, 0.0567443385420189, 0.700195], [0.0009869773132027617, -0.007044174227859567, 0.04582919065227355, 0.760205], [5.189220663563591e-05, -0.0022453208551270203, 0.03077348328742612, 0.82018], [5.025057750488063e-05, -0.0018842043728319116, 0.021194397970946445, 0.8801300000000001]]}}