{"cdf_smooth": {"c": [[-0.062341663375078356, 0.1363182898341815, 0.0, 0.005062], [0.01222704490465323, 0.025248149992196618, 0.09595085155877323, 0.0400825], [0.0254616570307174, 0.04473918400825023, 0.13313960044380896, 0.1000305], [-0.10643762345635055, 0.07447184882451499, 0.17954220596867382, 0.160135], [0.03051577537636944, -0.02515556218077864, 0.19492916469987626, 0.22016999999999998], [-0.016858804259274968, 0.0037546174245954257, 0.18817085527909216, 0.28018], [0.048824459794061394, -0.0124048146833401, 0.1854070713797284, 0.34013499999999997], [-0.11273172895154242, 0.03464175039141348, 0.19254947122921393, 0.40002499999999996], [0.07193580388512863, -0.07098937977246626, 0.18119673375826706, 0.46011], [-0.030337519413096196, 0.0076680293326505805, 0.15811739033614902, 0.520205], [0.018794369600667608, -0.027184127335037982, 0.15064393702069706, 0.580175], [-0.028945628416538118, -0.0034817785516504766, 0.13775259398324102, 0.6400950000000001], [0.020616948454950396, -0.04356735709968352, 0.11603380688778848, 0.700095], [-0.0039361964271477125, -0.005228675354364814, 0.08578724279226956, 0.76019], [0.0015158233410438142, -0.014141691769535975, 0.07116666483597349, 0.82027], [0.0006053969792747348, -0.009457809783635265, 0.046859241227050576, 0.880225]], "x": [0.7505970705173656, 1.344475673412147, 1.8758396611416739, 2.265087236825047, 2.57709285968061, 2.892887769568007, 3.212393072937809, 3.5335884005338034, 3.84592616957865, 4.210405816045667, 4.593343702222386, 5.013724012691281, 5.475343270830335, 6.095200307854858, 6.8499912657534265, 7.879988596593515, 11.939794456492896]}}