{"cdf_smooth": {"x": [0.600742783757964, 1.6599550620655854, 2.1967327627643005, 2.528169361658428, 2.988882985695664, 3.3788314547449274, 3.84393185851564, 4.277147387562129, 4.66737776981824, 5.0721678272003725, 5.7433139430515014, 6.235991088780382, 6.8462840220677545, 7.713509338793292, 8.626606516693888, 10.140476524533383, 12.537112799479015, 15.80509866851153, 22.21633140749845, 92.73565605900956], "c": [[-0.027301501969862495, 0.07908161445808856, 0.0, 0.0273805], [0.059742097481847965, -0.007672643850065625, 0.07563725844932592, 0.0836605], [-0.14020762888085678, 0.08853203331360873, 0.11904077560546861, 0.13129], [0.06913566896929925, -0.050877785652235025, 0.13152077138427146, 0.175365], [-0.09429129807115712, 0.044677448151018456, 0.12866419142383204, 0.23192], [0.07419550068558833, -0.06562879383152802, 0.12049424625119545, 0.28329499999999996], [-0.05214255907909705, 0.03789627814898407, 0.10759584200966658, 0.33260500000000004], [0.09103626300344991, -0.029870620802882508, 0.1110726814028038, 0.38209000000000004], [-0.13761465045036447, 0.07670472633012992, 0.12934877230532457, 0.426295], [0.05995763163259514, -0.09041040042714513, 0.1238008517011329, 0.482095], [-0.04577102815192044, 0.03031059433040183, 0.0834651002758977, 0.542585], [0.020889129975382337, -0.037340424190491196, 0.0800016637654691, 0.58559], [-0.0004159413151868175, 0.0009050410290006181, 0.057765406900393675, 0.625255], [-0.004412496130027572, -0.00017710348740573, 0.05839669276545969, 0.6757599999999999], [0.00221500118966919, -0.012264216778882155, 0.04703655834095473, 0.725575], [0.00019385430325817693, -0.002204545173775193, 0.025132733570257564, 0.7763599999999999], [-1.528609613441397e-05, -0.0008107504080466211, 0.017906166799180116, 0.8266], [4.381995706700587e-05, -0.0009606146465264323, 0.012117370831937363, 0.8759250000000001], [7.648127920116029e-07, -0.00011779481641946399, 0.005203436777065329, 0.925675]]}}