{"cdf_smooth": {"x": [0.7349153517339114, 1.3885771594993375, 1.9212285968712135, 2.5431032102561293, 3.2266705630679633, 3.824360076484235, 4.382951529968895, 5.085745849817343, 6.181937642830214, 7.2073248582148235, 8.234771263709641, 9.518973434739, 10.736432883046971, 12.489001981542035, 14.42327623117526, 17.492291049219737, 21.049602298761627, 26.06197393919149, 35.721436838962994, 87.5914647769978], "c": [[-0.11431580682188965, 0.19187359408305418, 0.0, 0.0262055], [0.01762129725249416, -0.03229803674702459, 0.10430844728344447, 0.07626050000000001], [-0.004307308439973848, -0.004140008817330324, 0.08489966993856894, 0.12532], [0.013792564839737955, -0.012175826129845366, 0.07475326638874201, 0.17548], [-0.004639280567312699, 0.01610861497811029, 0.07744159245091843, 0.225295], [-0.016941578482351706, 0.007790066943474151, 0.09172558401992051, 0.276345], [0.0006469198862224059, -0.020600195902869652, 0.08456995546516582, 0.32706], [0.008032015209587073, -0.019236241038567328, 0.05657313385972304, 0.376545], [-0.002186199969023202, 0.007177646423744414, 0.04335460140768494, 0.426025], [-0.0028220846959094185, 0.0004525419282126221, 0.05117849899475818, 0.47567], [0.0036682381817541307, -0.008246080402229558, 0.043171055903543885, 0.52567], [-0.003831465589850855, 0.005886197908354828, 0.040140489681535704, 0.57528], [0.001870535624934718, -0.008107764041337551, 0.03743582300289486, 0.6259600000000001], [-0.0008915190436026831, 0.0017269647603466662, 0.026253031359330718, 0.676735], [0.00041709236569647683, -0.0034463622269482615, 0.022927245114798645, 0.727525], [-9.84566936492004e-05, 0.0003938257254988805, 0.01355896535922884, 0.777485], [2.0820713030594655e-05, -0.000656897586234121, 0.012623136869597455, 0.8262700000000001], [9.107296532854653e-06, -0.00034381413164987884, 0.007607197834629852, 0.87566], [5.915146529702151e-07, -7.98993527208976e-05, 0.0035143531522174257, 0.92527]]}}