{"cdf_smooth": {"x": [0.1261333183627845, 1.0207255673252278, 2.4211086164142004, 3.529626469067093, 4.471340606604556, 5.4572858833836815, 6.472701767255746, 7.523048227933535, 8.588625760558642, 9.71878974000096, 11.0022645159366, 12.496937010029846, 14.265986835082725, 16.645749377646418, 20.034909350326853, 24.930159945205496, 49.81971325885523], "c": [[-0.033237591801105165, 0.07395214545796777, -2.972998241483157e-17, 0.0052145], [0.005939687500714741, -0.01525013054037124, 0.05251436754375954, 0.040602], [-0.0013388686300994906, 0.00970338253828847, 0.044746795664074704, 0.1005475], [-0.003066814523604049, 0.005250903201821869, 0.06132388838065957, 0.16025], [0.0011318828901470802, -0.003413284580427653, 0.06305439981582868, 0.22009499999999999], [-0.0004454983984907345, -6.536081220474073e-05, 0.05962464582137325, 0.28003], [0.00048290641729679365, -0.0014224592624059148, 0.05811388968526988, 0.34004], [-0.0004640504132515926, 9.919787633290601e-05, 0.056724006771856524, 0.40007000000000004], [-0.00047925392402221715, -0.0013842472067659567, 0.0553546870770321, 0.460065], [0.0001340635141555879, -0.003009153772574851, 0.050389423542934526, 0.520165], [0.0002047769239648197, -0.002492952356198861, 0.04332760911213254, 0.580165], [-0.00016526643717755502, -0.001574729049173129, 0.03724775760078845, 0.6400399999999999], [0.00016442317206131156, -0.002451822734501327, 0.030124586872312804, 0.70009], [6.702582562145025e-05, -0.001277958416498292, 0.021248593397203832, 0.7601100000000001], [1.1335529632862968e-05, -0.0005964746805020557, 0.014895839773382822, 0.820055], [6.206311079674219e-06, -0.0004300039059664438, 0.009870969862342706, 0.88001]]}}