{"cdf_smooth": {"x": [0.05781950379479697, 0.6127812302454145, 1.5396363394902604, 2.5995219832140335, 3.5293790690774296, 4.352127165949185, 5.155578929221861, 5.970117575713192, 6.839221316416125, 7.830432472924761, 8.857867313469873, 10.05160497164036, 11.421510700555743, 13.169841549487431, 15.694271255405098, 19.77351068511372, 42.27283980578076], "c": [[-0.13557802648040343, 0.19032669342013084, 0.0, 0.0054265], [0.013046666827349025, -0.03539515351286588, 0.08598107486858853, 0.040871], [0.001166642895321721, 0.0008819559097651933, 0.05399234133377767, 0.10054450000000001], [0.0004858119351259726, 0.004591480078076688, 0.059793557559132314, 0.16015000000000001], [-0.0021861522148700968, 0.005946687088898315, 0.06959254697135707, 0.22011], [-0.00045273039915265454, 0.0005507293661294321, 0.07493828399431426, 0.280175], [-0.0008941121984297569, -0.0005405117463295203, 0.07494649335895891, 0.340505], [-0.0014482037555634685, -0.0027253785660905365, 0.07228629948429108, 0.40071], [0.0026286972466395093, -0.006501296469871246, 0.06426736169628632, 0.460525], [-0.0021463798899204567, 0.0013154856439866135, 0.05912712815012619, 0.5204], [0.0010481841821852469, -0.005300310795862369, 0.05503297995560857, 0.58021], [-0.0004671590142484812, -0.0015465400029428726, 0.04685963631720007, 0.6401349999999999], [0.00016108867619632562, -0.003466431432743238, 0.03999233802856449, 0.700225], [0.00016241552483833616, -0.0026215225267204327, 0.029348580314358347, 0.76041], [6.813760360377248e-05, -0.0013915027999081302, 0.01921797996921728, 0.820405], [9.104595061207274e-06, -0.0005576540021090359, 0.011266902687744097, 0.88027]]}}