{"cdf_smooth": {"c": [[0.0053695, 0.017363803083631956, 0.029358649115843224, 0.0413545], [0.0413545, 0.06130466181991552, 0.08310573836092008, 0.10121000000000001], [0.10121000000000001, 0.12297201553968767, 0.14023186369543375, 0.160645], [0.160645, 0.18004319463354737, 0.20043404613804156, 0.22063], [0.22063, 0.24089404135696058, 0.2615280120243969, 0.28203999999999996], [0.28203999999999996, 0.30200932075330106, 0.3228356903177126, 0.34207], [0.34207, 0.3622830932018253, 0.3814806486001199, 0.40041], [0.40041, 0.4209982297256424, 0.4408732088037045, 0.46053], [0.46053, 0.4809171224324609, 0.5020779046524294, 0.52053], [0.52053, 0.5420732508146016, 0.5624478755637078, 0.58029], [0.58029, 0.6025386098975806, 0.6224061711359944, 0.6403], [0.6403, 0.6625335061076549, 0.683882276813356, 0.70021], [0.70021, 0.7242897578945866, 0.7435643715002874, 0.7600450000000001], [0.7600450000000001, 0.7840348084801381, 0.804504418422398, 0.82019], [0.82019, 0.8452707457740867, 0.8722134886543593, 0.8802000000000001], [0.8802000000000001, 0.929618678105849, 0.955025, 0.955025]], "x": [0.05727590162090039, 0.38075289268418283, 0.9187237610329251, 1.5653853388590602, 2.1798948861206533, 2.7964761560656077, 3.3967450897571276, 4.027560133462095, 4.713656807343446, 5.425244815337313, 6.2560403777986195, 7.292018264840188, 8.57924532250291, 10.47761875458278, 13.240960884415527, 17.659457011082814, 45.00008527111715]}}