{"cdf_smooth": {"x": [0.013704698513143562, 0.15895827018499692, 0.5440664125780693, 1.083602976459636, 1.6548669273974888, 2.1936336991784477, 2.8027994966549845, 3.368859325288615, 3.955362479452054, 4.6182859217912835, 5.379154169530541, 6.307337437825491, 7.519697026711389, 9.038190080491452, 11.237908710812535, 14.981859243516608, 41.08552561607108], "c": [[-7.992845602117398, 2.825270407292189, 0.0, 0.005269], [0.6335951309884083, -0.6576977072954635, 0.31484767653292717, 0.040383], [-0.06600268351377706, 0.07431022447726035, 0.09018040672943849, 0.10027900000000001], [0.032837655801135825, -0.03252235873269703, 0.11272648822520438, 0.1602], [-0.03142812885756065, 0.023754548244785373, 0.10771775416480567, 0.220105], [0.024668374268620983, -0.02704274633832657, 0.10594618229297223, 0.28012], [-0.014649180631425571, 0.018038643313055942, 0.10046119069302237, 0.3402], [-0.001967780480666149, -0.006838294720487694, 0.1068012580979685, 0.40019000000000005], [0.001302484886213084, -0.010300623096323843, 0.09674922873946075, 0.46008000000000004], [-0.00018190205025876344, -0.007710279803234315, 0.08480937898964809, 0.52007], [-9.969418557236963e-05, -0.00812549028595608, 0.07276044435028409, 0.580055], [0.0015481164386983036, -0.008403093710939755, 0.0574188892357577, 0.6405099999999999], [-0.00019809185566423978, -0.002772472283436441, 0.043870084641248565, 0.70053], [0.00026125800448836996, -0.0036748756039460878, 0.034079831658954625, 0.76006], [0.00012018695090338459, -0.0019507933045653533, 0.02170494295288392, 0.820025], [9.40133647099354e-06, -0.0006008713079889367, 0.012151636867429148, 0.88025]]}}