{"cdf_smooth": {"x": [0.0, 0.9078080424965482, 1.62411321648605, 2.217648410561709, 2.834321979373561, 3.440434558508006, 4.127516912044562, 4.870692941539263, 5.728845141007224, 6.631369484081426, 7.76021237638085, 9.248410070736218, 11.096083229479108, 13.593801807982588, 17.44808026331963, 24.4527898856025, 64.63257329861706], "c": [[-0.012896230698614272, 0.054763769754735146, 0.0, 0.006725], [-0.0004807144067869704, 0.0196418639164564, 0.06754603265375965, 0.0422085], [-0.0161527565091265, 0.0186088492660779, 0.09494521641519747, 0.1004935], [0.009917307807333298, -0.010152839142425863, 0.09996415602504499, 0.160025], [-0.012947042124215708, 0.008194385653235615, 0.0987564295225141, 0.22013500000000003], [0.007323903445077096, -0.015347709628976518, 0.09442070987819356, 0.28012000000000004], [-0.00476816475823065, -0.00025133518062241686, 0.08370288145749219, 0.340125], [0.0050073498909317124, -0.010882092439617623, 0.07542878492401554, 0.400235], [-0.004000109193144419, 0.002009112527608481, 0.06781441769668987, 0.460115], [0.0011816398740055552, -0.008821475237694738, 0.061666094516986084, 0.520015], [0.0006416462409007994, -0.0048198179186084876, 0.04626721769572044, 0.580085], [-3.138994093213719e-05, -0.0019551285497074154, 0.03618475798219167, 0.64038], [0.0001037779631631032, -0.002129123603651917, 0.028638394904891784, 0.700365], [5.9458384184550864e-05, -0.0013514991637567208, 0.019944778753973033, 0.76023], [2.3280756205396523e-05, -0.000663991656301724, 0.012176515909292201, 0.82043], [1.598707445837873e-06, -0.0001747668452838359, 0.0063012561624642685, 0.8811450000000001]]}}