{"cdf_smooth": {"x": [0.028427326464308005, 0.6758034131911822, 1.1667801956634094, 1.5884254379462845, 2.0209027405988595, 2.462074365049981, 2.936034663716753, 3.496288515616437, 4.1509709631703515, 4.877814220750056, 5.7831296082833115, 6.914324958780969, 8.359819798259853, 10.38824294956403, 13.523925579273618, 18.889198180509137, 48.9172601059174], "c": [[-0.021491222057156794, 0.0974284149501386, 0.0, 0.005004], [-0.01767188873982676, 0.055689705247117305, 0.09912500946027464, 0.040005], [-0.03980285116197299, 0.029660244026055424, 0.14102985293858475, 0.10000599999999998], [0.015342294807213407, -0.020687804439162533, 0.14481303940206866, 0.16176], [-0.0035956803058190758, -0.0007822216149897014, 0.1355277404462884, 0.22176], [-0.015711580078064936, -0.005541157979564772, 0.13273804479853762, 0.28109], [0.012364476576371339, -0.027881153538544493, 0.11689719604928067, 0.34108499999999997], [0.0005979920840563775, -0.007099416652637912, 0.09729919685802335, 0.4], [-0.0033554360382200645, -0.005924931889014255, 0.08877238447697929, 0.460825], [0.003069711785063944, -0.013241560070874807, 0.07484134902447823, 0.52093], [9.225768947505033e-05, -0.004904388127943047, 0.058413542898707024, 0.58011], [0.00025116957667626065, -0.00459130371979754, 0.047672060430784355, 0.640045], [0.00024512794248639935, -0.003502110739038658, 0.03597307159677287, 0.7001200000000001], [0.00010460288819214247, -0.002010441158325741, 0.02479128370539315, 0.7607250000000001], [4.5239059261615375e-05, -0.0010264367797610677, 0.01526859830638605, 0.82192], [3.6051859204764518e-06, -0.0002982771242750217, 0.008161147092585476, 0.8812800000000001]]}}