{"cdf_smooth": {"x": [0.0, 0.5965364446073314, 1.0564148698860352, 1.3924142586805754, 1.7200256999732746, 2.0755606830824997, 2.4794634854008346, 2.8926972449746198, 3.364507095890411, 3.953066870590064, 4.654915106855701, 5.513894082191786, 6.582233406024295, 8.070292636616337, 10.288205753019039, 13.994857044761238, 30.719204090561053], "c": [[-0.04141932731052536, 0.12331832509686448, 0.0, 0.005376], [0.02091385101985032, 0.04919391034132032, 0.10290983557955748, 0.040466999999999996], [-0.08240962141821334, 0.07804739696188673, 0.16142536761256002, 0.100231], [-0.014912722402782259, -0.0050213503200404195, 0.1859620746503019, 0.160155], [-0.016948451327276324, -0.019678085759960925, 0.17787025679701582, 0.22001500000000002], [0.03907262090693384, -0.03775538782907317, 0.1574506477346345, 0.280005], [-0.028346956269760994, 0.009589235405624232, 0.14607425984027816, 0.340015], [-0.0011791351506613766, -0.025552522529856736, 0.13947769068677573, 0.400015], [0.009801773506697975, -0.027221505268785744, 0.11457838449887228, 0.46001000000000003], [-0.0005568614650862195, -0.009914716448508257, 0.09272149821174541, 0.520015], [0.0018796661580765765, -0.01108721315985342, 0.0779813309579417, 0.580015], [-0.000234210369392961, -0.006243432028537786, 0.06309467111210415, 0.64001], [0.0008263605845863641, -0.006994080471553296, 0.048952515958532464, 0.700005], [0.00019768257198354928, -0.0033050599844797576, 0.03362678493576853, 0.760085], [0.00012063085262573582, -0.0019897316766201434, 0.021883397061995394, 0.820565], [1.1417409806753539e-05, -0.0006483221594927004, 0.012105051402682249, 0.880485]]}}