{"cdf_smooth": {"c": [[0.0061945, 0.01327207062821488, 0.026750815703761137, 0.042205], [0.042205, 0.056348930711443895, 0.0782884248354915, 0.1010655], [0.1010655, 0.1178706747202691, 0.14005056757461457, 0.160065], [0.160065, 0.17970031678065293, 0.20098784411070203, 0.22002499999999997], [0.22002499999999997, 0.24106681411705153, 0.26048619472586876, 0.28019499999999997], [0.28019499999999997, 0.30054560339284775, 0.3210893741610727, 0.340195], [0.340195, 0.3610690705255158, 0.38138714287571557, 0.40005999999999997], [0.40005999999999997, 0.4215270472407569, 0.44187454717309305, 0.4604], [0.4604, 0.4821392699305644, 0.501940073399111, 0.520605], [0.520605, 0.5419586064456857, 0.5611271421125507, 0.5803], [0.5803, 0.6009611252913444, 0.6236928651710608, 0.64005], [0.64005, 0.6640902686188918, 0.6828439058165129, 0.700005], [0.700005, 0.7231946995169216, 0.7436436706996966, 0.7601800000000001], [0.7601800000000001, 0.7841472621955903, 0.8054433397419853, 0.820175], [0.820175, 0.8464660310205977, 0.8716388522563906, 0.88002], [0.88002, 0.9284192201766106, 0.95502, 0.95502]], "x": [0.0, 0.8549334058021619, 1.6373829109182245, 2.214682698019632, 2.781047207200628, 3.407051259170449, 4.053440525630695, 4.759660528512586, 5.571558679038066, 6.524305865048219, 7.6142961386411665, 8.788895446749141, 10.515217518541425, 12.847987777026088, 16.229035373009225, 22.263061794420164, 57.1081906783532]}}