{"cdf_smooth": {"x": [0.0, 0.5612800861574386, 1.152605870133434, 1.6060617205479453, 2.0511551652375912, 2.5175163612040126, 3.038872824558507, 3.5632490679258897, 4.145794836722823, 4.847560041583123, 5.700343526502446, 6.6232894346103475, 7.8780041629783275, 9.650577775543555, 12.35976222069181, 17.247987890713706, 47.54491520671246], "c": [[-0.10211335374454483, 0.1689699209772882, 0.0, 0.0052335], [0.027744061544387893, -0.002972654985401212, 0.09317095975782559, 0.040409], [-0.03765867896788571, 0.04624468184483947, 0.11875882496471303, 0.1002005], [-0.001402536291246732, -0.004984963045769446, 0.13746828584060888, 0.16005], [-0.001825132273530643, -0.006857742173289057, 0.13219717538021405, 0.220125], [0.004882437592445209, -0.00941125478293108, 0.12460994650253715, 0.2801], [-0.012423822663044549, -0.001774783595692283, 0.11877803309451043, 0.3432], [0.009741054775243238, -0.02131905596462198, 0.10666817226094386, 0.40320500000000004], [-0.005032792091879239, -0.004295225235810771, 0.09174668112685701, 0.46003499999999997], [0.0065239275895020024, -0.0148907403559417, 0.07828263805291824, 0.5205649999999999], [-0.00460467421991315, 0.0017997527594687764, 0.06711886002936245, 0.5805400000000001], [0.0018450424491135865, -0.010949842928847568, 0.05867382174871595, 0.6404000000000001], [0.00026033370862877113, -0.004004837122746728, 0.03990996442994976, 0.7004250000000001], [0.00015268227127129648, -0.0026204551356169264, 0.02816614619724168, 0.760035], [7.065717794047327e-05, -0.0013795218324826218, 0.017329470814315122, 0.820145], [4.3205990799542e-06, -0.0003433571395428432, 0.00890764959691931, 0.880145]]}}