{"cdf_smooth": {"x": [0.38569663051761627, 0.9416529068937277, 1.4224069241636286, 1.7647368368617682, 2.177039183016989, 2.585265519617722, 2.9659534122854647, 3.4644374726699683, 4.033084054429529, 4.747166195559439, 5.591367403299745, 6.605508388958146, 7.855437640380103, 9.586749067145009, 12.506869584289067, 17.250590533170367, 50.41445238629163], "c": [[-0.08083946912471052, 0.15825744474188252, 0.0, 0.0050745], [0.05535080039488417, 0.023427814025495586, 0.10100905993674172, 0.0400985], [-0.18664538376386197, 0.1032581729723305, 0.16191385711774908, 0.100224], [0.08596969472703454, -0.08842472081585057, 0.16699179149948898, 0.160265], [0.011873989256891662, 0.017911799686762615, 0.13791914868370805, 0.22010999999999997], [-0.09107336555248896, 0.032453625092294214, 0.15847964153260236, 0.280205], [0.04966885782828974, -0.0715579577387138, 0.14359309554325844, 0.340215], [-0.01598910466677276, 0.002719444036005358, 0.1092781937218982, 0.400165], [0.009133541989229246, -0.024557005106463345, 0.09686033926521671, 0.460245], [-0.0008570572978643151, -0.004990707447157164, 0.07576084541943634, 0.520215], [0.0008934446766470806, -0.0071612938650363585, 0.06550211123522086, 0.5801000000000001], [-0.00010077163619914896, -0.004443057270017961, 0.053733663137190656, 0.6400950000000001], [0.00027231162379274507, -0.004820929517414856, 0.04215433506679185, 0.7001200000000001], [0.0003013060583134666, -0.003406560839675001, 0.02790998699796411, 0.760065], [2.5256558517116216e-05, -0.000767010831212133, 0.015722654732035393, 0.82002], [5.116849870827619e-06, -0.0004075806340092593, 0.010150720592087485, 0.8800399999999999]]}}