{"cdf_smooth": {"x": [0.2478004348902133, 0.3748496383870621, 0.5321922545581272, 0.6465313236548791, 0.7696785416057992, 0.8812176738562617, 1.012745871982063, 1.1493864901146738, 1.2902735300877373, 1.4449712612250116, 1.6332892578860323, 1.8655373045426848, 2.1266335068904323, 2.4384343941833904, 2.9079824891285226, 3.609318951749064, 6.79546399969542], "c": [[-10.66946774375092, 3.531212574654384, 0.0, 0.005059], [3.4503275392973674, -0.5354295610822429, 0.38061184572373025, 0.0401775], [-5.170811159554732, 1.0932211239581209, 0.46837622950476815, 0.10024849999999999], [3.616004800712054, -0.6804560794176304, 0.515571400453207, 0.16036499999999998], [-3.9435301199215806, 0.6554467144969548, 0.5124915667405061, 0.22028999999999999], [1.8873347603394826, -0.6641270682418885, 0.5115233676161688, 0.280135], [-0.3496486731197842, 0.08058615262103949, 0.43477128245187846, 0.34021999999999997], [-0.1257863907990137, -0.06274247985196588, 0.4372094529288009, 0.40024000000000004], [-0.2614233984583573, -0.115907496657669, 0.412039986547101, 0.46024], [0.1514396773397268, -0.23723231648077944, 0.357410058680342, 0.52024], [0.16866874164234363, -0.151675866525954, 0.2841716487714364, 0.580145], [-0.03533243535778742, -0.03415690919054331, 0.24101234960649587, 0.640075], [-0.04460227302950013, -0.06183240326539071, 0.21594990465828034, 0.700045], [0.05443711921075543, -0.10355348818303321, 0.16438243695892488, 0.760015], [0.0026232052523178406, -0.026870951323899772, 0.10314188985415805, 0.8200050000000001], [0.002191384760389973, -0.021351702846735127, 0.06932158415995128, 0.8800300000000001]]}}