{"cdf_smooth": {"x": [7.8321515764552965, 15.102343620172677, 18.815320600474397, 22.134189998191058, 25.095656572795022, 27.622657821714842, 30.07328231673732, 32.6156806881325, 35.27222668147596, 37.913126895022806, 40.48972550136983, 43.28981708251304, 46.31479197909882, 50.27520407671224, 54.46136094781494, 59.54519220856137, 65.97699000161879, 74.40233228199988, 88.5478423259716, 148.01921082739716], "c": [[-3.1809283863983744e-05, 0.0011777990908946848, 1.1212933353564773e-17, 0.0250195], [-2.904096683670578e-05, 0.00048402028350183924, 0.012081745993833007, 0.07504949999999999], [5.914239032887256e-06, 0.0001605349594506541, 0.014474964773448406, 0.125095], [5.655953186111956e-05, 0.00021942072026174612, 0.015735988051334526, 0.17512], [-8.951437374330342e-05, 0.000721918209507612, 0.018523731827219937, 0.225115], [-2.9125925122404636e-05, 4.3309406770796e-05, 0.020457462969263422, 0.27509], [-5.015166618979145e-06, -0.00017082070986466344, 0.02014498064650934, 0.325055], [2.854737941290001e-05, -0.0002090723641977776, 0.019179141113708702, 0.375085], [3.0328655395126718e-05, 1.8439915001616973e-05, 0.01867271724459537, 0.425095], [-9.88392848942212e-05, 0.00025872477253035024, 0.019404681527086198, 0.47509500000000005], [6.152069720181342e-05, -0.0005052827186020104, 0.01876940066685417, 0.52512], [-9.91655005773925e-05, 1.1508040300562013e-05, 0.017386786347160597, 0.575065], [9.000864943153016e-05, -0.0008884114092613585, 0.014734175669322674, 0.62502], [-4.237284736251119e-05, 0.00018100262303407237, 0.011932545354390109, 0.67503], [1.5433737728226014e-05, -0.0003511355353702162, 0.011220342294413458, 0.7250449999999999], [-1.7945187162666742e-06, -0.00011574798037146667, 0.0088467852819587, 0.77504], [9.337816557488004e-07, -0.00015037392492811858, 0.0071351429987685875, 0.826675], [2.0497114484737337e-06, -0.0001267716347336445, 0.004800096797130454, 0.8766750000000001], [2.1569137059607663e-07, -3.978899308875749e-05, 0.0024440117633384314, 0.92501]]}}