{"cdf_smooth": {"x": [4.920022577226833, 18.889992182102564, 26.08155869264488, 30.360498541114055, 34.15880228111373, 37.78725822532402, 41.54976144336786, 45.28892461641096, 49.26315852642106, 53.92140357852877, 59.33207501674484, 65.21866800000004, 71.59253262139156, 79.25074104637736, 88.23697526501759, 102.54751973355553, 168.8438607186561], "c": [[2.8119895039225214e-06, 0.00014031533612311333, -3.859461714626604e-18, 0.0050015], [1.791364146980458e-05, 0.0002581655598201944, 0.005566766004451661, 0.040052], [-4.1419752873532646e-05, 0.0006446469920485192, 0.012059402517767959, 0.1001005], [4.0549445776654496e-06, 0.00011294909879560567, 0.015301110619925359, 0.16026], [-3.066537337388217e-05, 0.00015915483226011933, 0.016334643998922933, 0.22022999999999998], [2.337025755932478e-05, -0.00017464903663954912, 0.016278423960941573, 0.28013], [-1.9148781870917464e-05, 8.914297118086943e-05, 0.015956707114491025, 0.34015], [-1.455036179842982e-05, -0.00012565828876023855, 0.015820170383746272, 0.40005999999999997], [8.27133742352717e-06, -0.00029913791254694805, 0.014131930915667789, 0.46003499999999997], [7.045084781438875e-06, -0.00018354816266456938, 0.011883460894092437, 0.5202100000000001], [1.7375980548893389e-06, -6.919224564434334e-05, 0.010515965585572334, 0.58025], [-5.626913149924935e-06, -3.850664809145695e-05, 0.009881986033402837, 0.64011], [4.812562706358945e-06, -0.00014610219605330524, 0.008705314252912558, 0.700075], [-3.92526709787298e-06, -3.553537126247281e-05, 0.007314295904600936, 0.760335], [2.3082224735327226e-06, -0.00014135547979909975, 0.005724713285827043, 0.8203450000000001], [1.9007454139062768e-07, -4.225971874679386e-05, 0.0030970798219366108, 0.880085]]}}