{"cdf_smooth": {"x": [1.0732077133987248, 1.4525143108842193, 1.7033933438467577, 1.9214193942656743, 2.1324801971589338, 2.344524450404026, 2.5585809131571433, 2.7815810584190865, 3.015537564841296, 3.268405374199267, 3.5411815327283396, 3.845832241703735, 4.193267135047881, 4.596472501459269, 5.083308583019274, 5.691579880692628, 6.490035505919541, 7.6637645611428615, 9.845052752618868, 21.10474641256394], "c": [[-0.6574987295017736, 0.6881523227236849, 0.0, 0.032839405], [0.21070379333487585, -0.06002849509137499, 0.2382515118587767, 0.095965155], [-0.18516230055824934, 0.09855499664880096, 0.2479170033129336, 0.15528635], [0.010409547446052584, -0.022555618582786457, 0.264486847546961, 0.21210455], [0.002436320714128235, -0.015964476257628063, 0.25635676540241853, 0.26702044999999996], [-0.04308160454100997, -0.014414652838149019, 0.24991504565906814, 0.32068485], [0.015292871925136474, -0.042080340471480904, 0.23782192722794773, 0.37309775], [-0.014040734486312954, -0.031849402489148214, 0.22133558380854945, 0.42420905], [0.01908250089827555, -0.04170416605320727, 0.20412724787749348, 0.47406885], [-0.014388963496833926, -0.027228115455551996, 0.18669649285832657, 0.52332795], [0.007221290371342306, -0.03900301401919661, 0.1686302197851631, 0.5719363], [0.005682281482178598, -0.0324031003251567, 0.1468762964249777, 0.61989385], [0.001353715198659745, -0.02648043174302001, 0.12641810274114407, 0.6672507000000001], [0.0045321421796211, -0.024842956044943017, 0.10572423736262461, 0.7140068500000001], [0.002850247576063131, -0.018223725025544372, 0.08475782310447409, 0.76011215], [0.0011910542872867207, -0.013022553650197655, 0.06575160862691726, 0.8055667], [0.0013126923216076457, -0.010169541663293497, 0.04723374966306151, 0.85037045], [0.0006315140753623288, -0.005547306307975172, 0.028786428542655788, 0.8939227000000001], [4.800800288288847e-05, -0.0014147637219589582, 0.013600147398131457, 0.93687425]]}}