{"cdf_smooth": {"x": [0.9941996274162508, 1.4099972465229575, 1.6220495548556624, 1.8197265395334699, 2.00805789013736, 2.1599863659902208, 2.3137098731203634, 2.540145688190488, 2.742834931367492, 3.0444726073612163, 3.4128810687035256, 3.6898555028886593, 4.0302854405504105, 4.43512053550733, 4.8912531349476, 5.39947322380473, 6.078040925838454, 7.047080522675883, 9.97619007382415, 19.26011184522029], "c": [[-0.16485638559895044, 0.3606151639190079, 0.0, 0.025391], [-0.22229106989097405, 0.1549744860392664, 0.21438094888871048, 0.075886], [-0.05668470141198665, 0.013562482562884667, 0.25011960212019296, 0.126195], [0.5557815330737947, -0.020053299994565038, 0.24883651690220418, 0.17573], [-0.6082023172203297, 0.2939599602988987, 0.3004217281767204, 0.225595], [-1.10094792752773, 0.016750207102511377, 0.34762745034200376, 0.27588999999999997], [1.133114970715739, -0.49097452265916475, 0.27472802538824387, 0.325725], [-0.9255092828520541, 0.2787589132273699, 0.22667481089595254, 0.375915], [0.2754142934618426, -0.2840134150563524, 0.2256097798969637, 0.425605], [0.15243315743677693, -0.034787432810500674, 0.1294474330415772, 0.475375], [-0.2875950493733395, 0.13368556215599794, 0.16588234070338467, 0.525965], [0.08395479683419632, -0.10528386606788107, 0.173748884407289, 0.576055], [-0.0020908251452868482, -0.019541687309869604, 0.13125452905230772, 0.626315], [0.016181193552163874, -0.02208100549856147, 0.11440420225684393, 0.67611], [-0.018845824020314657, 6.13041324225641e-05, 0.1043602986338085, 0.725235], [0.008284505277623783, -0.028672174942147917, 0.08981967932861001, 0.7758149999999999], [4.005324286507208e-05, -0.011807381815977631, 0.06235155951990508, 0.8261499999999999], [0.0013713519723397966, -0.01169094228102362, 0.03958075301059172, 0.8755200000000001], [-5.05331459859756e-05, 0.00035957819947591375, 0.006389946251791931, 0.9256150000000001]]}}