{"cdf_smooth": {"c": [[0.005334, 0.010528116617993456, 0.024667090175822692, 0.0405315], [0.0405315, 0.05384005265391811, 0.07626306020645048, 0.1003175], [0.1003175, 0.11672813174458686, 0.14081387955206004, 0.16054000000000002], [0.16054000000000002, 0.18087332356658292, 0.20276709523637015, 0.22049], [0.22049, 0.242896174521523, 0.2590789977004248, 0.280385], [0.280385, 0.2998115402197354, 0.3210384186422482, 0.342725], [0.342725, 0.36179321683675997, 0.3837554807888335, 0.40242500000000003], [0.40242500000000003, 0.42442711485193896, 0.44221595604749875, 0.46438500000000005], [0.46438500000000005, 0.4829970692278039, 0.5058268232074752, 0.524375], [0.524375, 0.5443176620482362, 0.5626163106054436, 0.58007], [0.58007, 0.6013469047371736, 0.6252828623770107, 0.640065], [0.640065, 0.6663305169065937, 0.6812323706957933, 0.70001], [0.70001, 0.7213436221791358, 0.7433258073263338, 0.7602249999999999], [0.7602249999999999, 0.7837639774430887, 0.8050404440421081, 0.820255], [0.820255, 0.8458574638229349, 0.8686313830042476, 0.8800699999999999], [0.8800699999999999, 0.9205951257039074, 0.95503, 0.95503]], "x": [0.561477300953819, 0.9483491183515129, 1.2728934291211198, 1.4943069068221884, 1.7225358632447052, 2.0110742206229024, 2.274159802128528, 2.5054813198919166, 2.7780947998636316, 3.0069680418734026, 3.253048385420943, 3.5530324122356367, 4.086056507191669, 4.6916353302660125, 5.535149368576979, 6.954582029626304, 11.983396880111853]}}