{"cdf_smooth": {"x": [1.1841227320635614, 3.1341666671210953, 4.60022198832, 6.155558920306848, 7.865955933613152, 9.952275700010958, 12.874972681775345, 17.94039731112327, 27.794005305336984, 80.78347344526028], "c": [[-0.00785959211705853, 0.041623852765021424, 0.0, 0.05], [0.0008941177043654392, -0.004355797054666559, 0.07267434600936382, 0.15000000000000002], [-0.0002954616547002163, -0.0004233189998772547, 0.06566789748697274, 0.25], [-0.00022521556930114417, -0.0018019462705008392, 0.062206860228486004, 0.35], [8.16302883373483e-06, -0.0029575703817491046, 0.05406619716169608, 0.45], [0.00010276238902923716, -0.002906478316520637, 0.04183191645137663, 0.55], [9.448265668200913e-05, -0.002005448343756681, 0.02747584322673606, 0.6499999999999999], [1.369819709715767e-05, -0.0005696640151468578, 0.014431805660607826, 0.75], [1.2183554221933955e-06, -0.00016473402187825353, 0.007195335292042325, 0.8500000000000001]]}}