{"cdf_smooth": {"c": [[0.0374115, NaN, NaN, 0.074823], [0.074823, NaN, NaN, 0.1029865], [0.1029865, 0.1029865, 0.13702093858218797, 0.160575], [0.160575, 0.1764445153105748, 0.1985402139821157, 0.220035], [0.220035, 0.23873267479153631, 0.25976582681082283, 0.28105], [0.28105, 0.3001418213088599, 0.32237455554880184, 0.34101499999999996], [0.34101499999999996, 0.36261894531102684, 0.38175736233224966, 0.40154], [0.40154, 0.42217751639823947, 0.4427725058226977, 0.46225499999999997], [0.46225499999999997, 0.4824802961183823, 0.5041532553566743, 0.52072], [0.52072, 0.5437950447899302, 0.5611530016088092, 0.580025], [0.580025, 0.6010045184066429, 0.6221367634899315, 0.6401399999999999], [0.6401399999999999, 0.6623570189296627, 0.68314131093036, 0.700245], [0.700245, 0.7235526821134026, 0.7442546332082143, 0.760415], [0.760415, 0.7848245007281959, 0.8050607152225647, 0.8203149999999999], [0.8203149999999999, 0.8457721354688171, 0.8729885623257263, 0.8800250000000001], [0.8800250000000001, 0.9321797032084191, 0.9550000000000001, 0.9550000000000001]], "x": [0.0, NaN, 0.9021426880561186, 1.8788284704135187, 2.5368691242865054, 3.1092791094563896, 3.622728659746064, 4.217807603999269, 4.838602043877878, 5.483065286670375, 6.38070803502358, 7.378594542392943, 8.61004331058979, 10.28817346784466, 12.822912921675714, 17.05301656768766, 48.40692182648403]}}