{"cdf_smooth": {"x": [0.04612309642215831, 0.9372069504829008, 1.8056559732589614, 2.441565049981488, 3.035500297001653, 3.650645473605359, 4.3098803017801375, 5.06142856634982, 5.825043138206656, 6.724560082191776, 7.778166640021559, 9.069157498852546, 10.672129479452044, 12.876365835616447, 15.965230468161973, 21.21344496669597, 54.333097364102244], "c": [[-0.022888118190455064, 0.06447414750592985, 0.0, 0.0050235], [0.00781314836883938, 0.0032884497978844154, 0.06038215636664887, 0.040023500000000004], [-0.010899104050230164, 0.023644412995053217, 0.08377197473973728, 0.10006000000000001], [-0.003906716549361232, 0.0028518954139994416, 0.10062121775669323, 0.16009], [0.000376246126965096, -0.0041091145623483915, 0.09987451099126009, 0.22004], [-0.004417493028912001, -0.0034147765916932304, 0.09524622563856014, 0.28001], [0.007298948736841257, -0.012151272365327453, 0.0849845440290184, 0.34004999999999996], [-0.006587243169243428, 0.0043052644037409405, 0.0790878903616881, 0.400155], [0.0026813052169276327, -0.01078508021345508, 0.07413980858644205, 0.460125], [-0.0005118387911789092, -0.003549441789588705, 0.061245663160776585, 0.52004], [0.0006441244423183665, -0.005167271910401934, 0.05206167644374167, 0.58003], [-8.913306538372517e-05, -0.0026725956094540418, 0.041940479141161606, 0.640015], [0.00028216704403183563, -0.0031012290285191996, 0.032685200025595454, 0.70001], [1.2970099768685578e-05, -0.001235340457619953, 0.02312637590321434, 0.7600100000000001], [5.1552327223006135e-05, -0.0011151518102517069, 0.015866023467913826, 0.82004], [3.549809351368265e-06, -0.000303478796756859, 0.00842074574814739, 0.880045]]}}