{"cdf_smooth": {"x": [0.617460625468359, 1.2097487173804062, 1.6508679494251493, 2.081418198317456, 2.4534453635767317, 2.8133998551026353, 3.2152984120566233, 3.568732657983156, 3.9936887665756156, 4.541554690165259, 5.095281798755416, 5.791237786941517, 6.637010334888422, 7.672149216438347, 9.344991799952183, 12.510408704060998, 41.81681365257664], "c": [[-0.011234915946175011, 0.10654878288333093, 0.0, 0.0051495], [-0.08642250340339651, 0.08658586209767423, 0.1143913503579102, 0.040193], [0.05935235829874771, -0.027782022900396903, 0.14033085474589563, 0.10008349999999999], [-0.03392171770329762, 0.04888049501321631, 0.14941480716531758, 0.16009], [-0.06490578370226985, 0.011021093579566116, 0.17169982536401798, 0.220695], [0.10853625142714786, -0.05906829152935642, 0.1544050206567568, 0.28090000000000004], [-0.12441096693979177, 0.07179339694794189, 0.15951922216157347, 0.34046], [0.01609231413544544, -0.06011989190812632, 0.16364503861264024, 0.400315], [0.03320035333216025, -0.039604310328387585, 0.12126662969772393, 0.460235], [-0.025689242339773755, 0.014963716397091695, 0.10776688794575721, 0.520245], [0.00999189220847377, -0.027710773250932623, 0.10070849701104552, 0.5801449999999999], [0.000265185829724398, -0.006849021603540486, 0.07665640083159175, 0.64018], [-0.0012295236011453424, -0.0061761609188842135, 0.06564005902212709, 0.700275], [0.0013327426394392798, -0.009994343974870654, 0.04890134067230805, 0.76024], [0.00027509373520301253, -0.0033059380545147014, 0.02665206252080842, 0.820315], [1.0347251867513851e-05, -0.000693578975636551, 0.013991923705296559, 0.88028]]}}