{"cdf_smooth": {"c": [[0.0100035, 0.018721547326309568, 0.03098566977263862, 0.0450485], [0.0450485, 0.059631443499055733, 0.07893734619354595, 0.10017000000000001], [0.10017000000000001, 0.11733863220023338, 0.13901423777936397, 0.16041], [0.16041, 0.17913298825984597, 0.19968884469942916, 0.220335], [0.220335, 0.2395929774924597, 0.26017209051469303, 0.28007], [0.28007, 0.30009719063917184, 0.32107890474871614, 0.34011], [0.34011, 0.36112809900525616, 0.38150283969964094, 0.40012000000000003], [0.40012000000000003, 0.4215436494016425, 0.44050288143368466, 0.46004], [0.46004, 0.48047658459208603, 0.501334100217497, 0.5200199999999999], [0.5200199999999999, 0.5414039525673638, 0.5624599321744284, 0.580065], [0.580065, 0.6026975086168942, 0.6213681092949245, 0.640105], [0.640105, 0.6614205443898091, 0.6829727878645152, 0.70006], [0.70006, 0.7232511234571213, 0.7435206711576209, 0.760015], [0.760015, 0.7839678585420828, 0.8046703037878716, 0.82002], [0.82002, 0.8455111132891013, 0.8707852946293885, 0.88002], [0.88002, 0.9261532943680071, 0.955005, 0.955005]], "x": [0.0, 1.300065804846147, 2.6482144968668027, 3.7383217088768586, 4.692251946181159, 5.582043133544505, 6.477615492617679, 7.466693013424105, 8.604871430268583, 9.795450246575351, 11.15793646516525, 12.909504899218362, 14.90213192018582, 17.606567194989125, 21.533914357314714, 28.056027241957338, 60.638177027280044]}}