{"cdf_smooth": {"x": [0.3792047567582465, 0.912461301385315, 1.3923923781468495, 1.8723218610575332, 2.417432457567124, 3.0573363614794515, 3.8453750957917814, 5.006685924131502, 6.92048872540274, 13.070712097183565], "c": [[-0.4576962405261863, 0.5957332726903585, 0.0, 0.05], [0.12572900536213996, -0.13647527444502217, 0.24490233323665198, 0.15000000000000002], [-0.05991347161265699, 0.04454849632580336, 0.20078381563067674, 0.25], [0.013608867240942592, -0.04171422802553582, 0.20214406455045425, 0.35], [-0.00017651939488765237, -0.01945921480694547, 0.16879777263749493, 0.45], [-0.0018967724155518045, -0.019798081156660034, 0.14367687569334214, 0.55], [0.0039810430273785535, -0.024282271557549973, 0.10893985033239499, 0.6499999999999999], [0.0009641371712124557, -0.010412586430206788, 0.0686483360635042, 0.75], [0.00018156611617506927, -0.004877081172978413, 0.039386927374022274, 0.8500000000000001]]}}