{"cdf_smooth": {"x": [0.7507915681233932, 3.0403119679804567, 4.908744243705327, 6.297235935287751, 7.5719287351970666, 8.819814638539475, 10.047578550083625, 11.40567334035827, 12.962751744054433, 14.831325055604346, 16.98876683085526, 19.598468815283777, 22.897468898832987, 26.717983254179565, 32.95481199417548, 43.00087837470631, 85.54992644235962], "c": [[-0.0008522065232637019, 0.008632877090763217, 7.427503789202359e-18, 0.005057], [0.0002322730896791685, 0.002779444431052689, 0.02612874293392534, 0.040082], [-0.0007218224982216498, 0.004081404043669369, 0.038947773662953794, 0.10012], [-0.00025992700283198185, 0.0010746704189353216, 0.04610694021546067, 0.160135], [0.00025748408742051553, 8.068918189949525e-05, 0.047579668779950936, 0.220115], [-0.0009565737504820325, 0.0010446214709806017, 0.04898392808056109, 0.280115], [0.00017893996291449708, -0.0024787187177362376, 0.0472231952353497, 0.34006000000000003], [-9.577587143049429e-05, -0.0017496664235178683, 0.04148064740373775, 0.40007], [0.00024900919557449314, -0.0021970580465166846, 0.03533528796610776, 0.460055], [-4.1103573127962904e-05, -0.0008011822349736548, 0.029732856194501018, 0.520035], [1.345023283215829e-05, -0.0010672179323086824, 0.025701891620720275, 0.58004], [8.906969576583424e-05, -0.0009619146343693514, 0.02040646033479207, 0.640085], [-6.684503917542491e-05, -8.039183304978505e-05, 0.016967891211692464, 0.700135], [3.767384055678665e-05, -0.0008465391283100298, 0.013426538167402082, 0.76006], [1.3131563032529039e-06, -0.00014164325371825786, 0.007263413886810435, 0.82001], [7.12657471518445e-07, -0.00010206708754678453, 0.004815083620839998, 0.880015]]}}