{"cdf_smooth": {"x": [5.147015327983977, 9.873107301436251, 12.728333390116786, 14.607204347105602, 16.169372777040234, 17.422647608465432, 18.87962703521028, 20.395268948477714, 22.18668076372773, 24.18494659429539, 26.229864537748337, 28.588254084761132, 31.216638530398303, 34.47025948493148, 38.781207204616905, 45.36949923820587, 78.28245624185377], "c": [[1.1707716157353184e-05, 0.001513753400077579, -9.72097296451063e-18, 0.005335], [0.00013716918980543732, 0.0016797486301537506, 0.015092784312279827, 0.040382], [-0.0004119588196175939, 0.002854695778040711, 0.02803964828422825, 0.100362], [0.0012303109693054752, 0.000532643393076035, 0.03440402147431007, 0.16039], [-0.0031520876288642892, 0.006298502258829913, 0.045075421552002747, 0.22012500000000002], [0.0015428401282703964, -0.005552794016277134, 0.04600999892398047, 0.280305], [-0.0008697026534576366, 0.0011908649606619057, 0.03965475802902852, 0.340325], [0.0003672108747168639, -0.002763608420318986, 0.03727104212275503, 0.400135], [0.00017658079862049986, -0.000790130721350735, 0.030904831836051437, 0.460145], [-0.000258274566965677, 0.0002684354073023492, 0.02986234591602128, 0.520155], [0.00015245541763524883, -0.001316015481674603, 0.027720130624733674, 0.5801350000000001], [-8.620399465602824e-05, -0.00023736769166528662, 0.02405664798622333, 0.64019], [3.672674216119809e-05, -0.000917099407782376, 0.021022264619035246, 0.700215], [5.856640009923409e-06, -0.0005586147141201461, 0.016220850229112682, 0.76017], [1.3154252818117695e-05, -0.0004828717074327567, 0.011731056715035881, 0.8201849999999999], [2.335502140981518e-06, -0.00022287953028449719, 0.00708136145788775, 0.8802749999999999]]}}