{"cdf_smooth": {"x": [7.252480041849882, 10.454335404709015, 13.058142276767304, 14.741212015538746, 16.200763535148162, 17.67148580198838, 19.27287763120336, 20.89480195544809, 22.75236622542112, 24.752307006253034, 26.792014860415645, 28.77545661993675, 31.20122123847691, 34.28198106651998, 38.329903295224284, 45.811654366266836, 79.12173583629288], "c": [[-0.0004181561684538, 0.004897345622247967, -5.329806890341361e-18, 0.0051325], [0.00033475827752247163, 0.0008807189108186866, 0.018500526912145616, 0.0416135], [-0.0002862790594760731, 0.0034956566212929084, 0.02989576359736554, 0.101666], [-0.0005452584549232937, 0.0020501737557485147, 0.03922978288132339, 0.16052], [-0.00030279917769823576, -0.0003373246636409991, 0.04172977437657051, 0.22045], [0.0005103701426147525, -0.001673325142706112, 0.038772666935557844, 0.28013], [-0.0006071567366445597, 0.0007785825860695322, 0.03733983351610911, 0.340025], [0.000370617467075413, -0.0021757042533090474, 0.03507380790008398, 0.400045], [-6.141797220447922e-05, -0.00011036695930747385, 0.030827283696913618, 0.460065], [0.0001929365510165097, -0.00047886388117069473, 0.02964885690971747, 0.5207849999999999], [-0.00040229977567478407, 0.0007017387142195629, 0.030103456457182435, 0.580905], [0.00011193146324414166, -0.0016920758105384434, 0.02813918050434066, 0.640235], [3.203228347868148e-05, -0.0008775176608212382, 0.02190595157748455, 0.700135], [-1.3513959901799334e-05, -0.0005814663443964091, 0.01741117226445264, 0.76023], [2.751655882700244e-05, -0.0007455767204493455, 0.012039405143815624, 0.8202849999999999], [9.075473649392486e-07, -0.00012796059002335248, 0.005503816435590884, 0.88015]]}}