{"cdf_smooth": {"x": [5.0219465184524275, 9.550957544343621, 12.858902625169952, 14.805513547198853, 16.325601886143033, 17.619387297633875, 19.033852054794536, 20.490264243966493, 22.20069268285989, 24.082417664011082, 26.183564893942815, 28.548389844429146, 31.220998197788195, 34.4823124276279, 39.13555612878493, 46.3328764637612, 80.6535143540867], "c": [[-0.00010704985968470293, 0.0021913237984820194, 0.0, 0.0050205], [0.00023158865387225936, 0.0007368338139856439, 0.013261658112413284, 0.040024], [-0.00019630907510462093, 0.0030350814590414414, 0.02573894668511693, 0.1003385], [0.0004600698881323851, 0.0018886692899653143, 0.03532357367048143, 0.160495], [-0.0018698017433942389, 0.00398670990611348, 0.04425466907331606, 0.22017], [0.000984680191120023, -0.003270656747837375, 0.04518108820334566, 0.28005], [-0.0009095972650745291, 0.0009077295344030866, 0.041838810936207046, 0.3402], [0.0005339221388709672, -0.003066516097872986, 0.038694727871348866, 0.40025], [-0.00010716427457398852, -0.00032680926643390614, 0.032890687665820054, 0.460135], [2.6041868211502028e-05, -0.0009317703440923654, 0.030522386971925226, 0.520155], [3.4533671888878847e-05, -0.0007676169463278436, 0.026951724074077636, 0.580415], [-1.774807550066875e-05, -0.0005226186795836604, 0.023900542673915778, 0.640315], [-1.4245347000449782e-05, -0.0006649196441010748, 0.02072671783010198, 0.70012], [3.185967720428602e-05, -0.0008042953027457875, 0.01593514621725711, 0.76015], [7.79827605460383e-06, -0.00035954277593056814, 0.010519524008489668, 0.820095], [1.8580233485832898e-06, -0.00019116270345389223, 0.006555920263133034, 0.88009]]}}