{"cdf_smooth": {"x": [6.9064991791544905, 10.870194944432159, 13.524578991231618, 15.33999474956444, 16.811888425514987, 18.42597746929814, 20.178592269735347, 21.81601933924255, 23.505922881379202, 25.35553189928419, 27.17914836585763, 29.23063596363136, 31.860040480924404, 34.989544312667206, 38.75751731539705, 44.87647511442045, 80.63917479855634], "c": [[-3.524041937165978e-05, 0.002369283113636217, -5.228251663336996e-18, 0.00511], [3.864336137644163e-05, 0.001950236210546046, 0.01712126045329629, 0.040138999999999994], [0.00021120450984914746, 0.0022579591764030405, 0.028291427154229033, 0.100049], [-0.0012971677926206901, 0.0034082311626363283, 0.038577918385434326, 0.160115], [0.00026013874882087736, -0.002319648049179044, 0.04018019698587866, 0.22014499999999998], [0.00048409216316823623, -0.0010599867361733217, 0.034725165506852944, 0.28005], [-0.0004288601289558258, 0.0014852945336596187, 0.03547056624746879, 0.34026], [-0.00014459393176603663, -0.0006213870188942563, 0.03688515179769631, 0.40044], [0.00039133944736568084, -0.0013544364112829076, 0.0335462007844033, 0.46030000000000004], [-0.00035779866637477, 0.0008170385014456484, 0.03255222476416501, 0.5201899999999999], [-8.641157860229609e-05, -0.0011404241177114958, 0.03196249342928962, 0.5801000000000001], [0.00015188951445728108, -0.0016722409631314845, 0.026192345899249004, 0.640125], [9.492005035421551e-06, -0.00047410403680121484, 0.020548736660756618, 0.7001949999999999], [-3.47846791268937e-05, -0.0003849882384133935, 0.017860204093651858, 0.76015], [2.974319951890641e-05, -0.0007781914339896602, 0.013477374490713, 0.82012], [2.4272931432800543e-06, -0.00023219928599729645, 0.007294836314587946, 0.8802650000000001]]}}