{"cdf_smooth": {"x": [4.897000710752178, 8.488330576923076, 11.218523888295406, 13.122657235966628, 14.823875086027398, 16.416860915185076, 17.80299933622601, 18.957515173480974, 19.973443434069512, 20.978880746449576, 22.084112123914977, 23.466521826697168, 25.03880458321188, 27.176191848559867, 30.129362864019175, 34.344421491791806, 55.17069180899589], "c": [[-0.00018447510918664106, 0.003380913114967234, 0.0, 0.005109], [0.0001362477066139013, 0.001393380207405875, 0.017146062198498808, 0.040170000000000004], [-0.00030292334877327857, 0.002509327939267142, 0.02780120987678382, 0.10014100000000001], [-5.624405829627378e-05, 0.0007789085887048427, 0.03406245070472587, 0.160085], [0.0002788114421590194, 0.0004918584009044279, 0.036224302190717116, 0.22001], [0.0004481958550880534, 0.0018242864300034435, 0.03991388808463014, 0.28009], [8.86371480663744e-05, 0.0036880709146699634, 0.04755477839058915, 0.340115], [-0.0013181938592195896, 0.003995069888305098, 0.05642508612748381, 0.40007000000000004], [-0.0007496345429301232, -2.250129524123247e-05, 0.060460930828303824, 0.460135], [-0.0011081611207792762, -0.002283632915573933, 0.05814225744539405, 0.52014], [0.0013709079378630563, -0.005957956241491388, 0.04903339450882684, 0.5801149999999999], [-0.0007213244210849123, -0.00027248693672232466, 0.04042036940663107, 0.640135], [0.00037582485632824716, -0.003674864784096622, 0.034214016362088755, 0.70021], [4.711656724074985e-05, -0.0012650149983449417, 0.023655580222748208, 0.76022], [2.1316578491853776e-05, -0.0008475851561749815, 0.017416710679165132, 0.82026], [9.736322642613196e-06, -0.0005780332719149397, 0.011407645423933056, 0.8802099999999999]]}}