{"cdf_smooth": {"x": [4.7010315797245505, 9.715033796661878, 13.762077779783048, 15.891740088015462, 17.631845674761063, 19.222358463454356, 20.5304266850138, 21.64676030018027, 22.886683650833575, 24.216233424657513, 25.599771962923487, 27.180478319085395, 29.12662379772654, 31.54793625272358, 34.75799654102722, 39.532090187019286, 62.015361484432255], "c": [[-0.0001325905382096968, 0.002060938740222609, 3.4291171199754537e-18, 0.0050095], [0.00023740256478198016, 6.6510982637612e-05, 0.010667037626843841, 0.0401085], [-0.0002163212393452475, 0.0029488468467729553, 0.022870323387317183, 0.100104], [-0.00023819954741661524, 0.001566773277061865, 0.03248706936334399, 0.160095], [0.0005579569062691609, 0.00032329618740205854, 0.03577598979779498, 0.220115], [0.0005383377809578052, 0.0029856089722846155, 0.04103884577084982, 0.28008], [-0.002839764579291416, 0.0050981566034918055, 0.05161296263105917, 0.340075], [0.0009667117072665164, -0.004412217373574407, 0.05237869965137736, 0.400095], [0.0001583709659226362, -0.0008162721160053423, 0.045895773444602, 0.46009999999999995], [-0.00046979587392140314, -0.0001845858702371701, 0.04456508293536336, 0.52005], [-1.3692671252593782e-05, -0.0021345279603029563, 0.041356499576185445, 0.58011], [0.00016038992096180612, -0.002199460237748408, 0.03450573688399499, 0.640095], [1.702942717451316e-05, -0.0012630338792501215, 0.027767219613376738, 0.7001], [3.6529833566623606e-05, -0.0011393331868927723, 0.021950338314650236, 0.76017], [2.4458554612062566e-05, -0.0007875442826810945, 0.015764945469144174, 0.8201], [6.425062963581464e-06, -0.00043724199219030035, 0.009917701096582352, 0.8800749999999999]]}}