{"cdf_smooth": {"x": [4.638995644620224, 9.576807463719602, 13.196000208635335, 15.584359734224714, 17.4787990810197, 18.990905287848523, 20.400015111751976, 21.55488545017951, 22.82237427230303, 24.208175660698277, 25.563258303556207, 27.19446930351791, 29.16577340294993, 31.817105217992943, 35.10776009513573, 40.159997611684545, 62.06213004692185], "c": [[-6.814370565434204e-05, 0.0017873470468913555, -3.834498128708417e-18, 0.005133], [8.088043619489181e-05, 0.0007779046613596359, 0.012666730203966619, 0.040507999999999995], [-7.585837299787898e-05, 0.001656070325006156, 0.02147575481592805, 0.10037499999999999], [0.0004112156502710225, 0.0011125391217705746, 0.02808818956077398, 0.16008], [-0.0009757201634860121, 0.0034496084454445197, 0.03673090141799126, 0.22008], [0.0017769762821153827, -0.0009765691005611614, 0.04047039956112125, 0.280135], [-0.003002886555753382, 0.006535295107355468, 0.04830325498568276, 0.340195], [0.0005242567567265153, -0.0038685387313517313, 0.05138301282414199, 0.40007000000000004], [0.0009291870968604065, -0.0018750699941309733, 0.04410305296594154, 0.46005], [-0.001443001663683219, 0.001987936312593317, 0.04425946326676974, 0.5200400000000001], [0.0005486082810374684, -0.0038782232116234077, 0.04169796829987231, 0.580075], [-0.00016610202251146454, -0.001193535623528211, 0.03342485949882004, 0.640155], [0.00022831275589371488, -0.0021758484172305984, 0.026782778926711347, 0.700135], [-6.085117147479954e-05, -0.00035984979678713034, 0.020059801578538396, 0.760105], [3.977227114391173e-05, -0.0009605704093673315, 0.015714754387278325, 0.82005], [4.597883820461336e-06, -0.00035775352819246333, 0.009054268730974372, 0.880055]]}}