{"cdf_smooth": {"x": [5.064954925671567, 9.892051924128138, 13.689673355014722, 15.88608077633153, 17.499000130087698, 18.932874760993396, 20.173936312328767, 21.23618640000001, 22.365231776439064, 23.638174360377242, 24.95502301415563, 26.459292125343847, 28.342923641934348, 30.63126055054662, 33.82358393303914, 38.422133553655556, 62.69142225924602], "c": [[-0.00011160010053457596, 0.0020441206976094385, 3.6543368159196894e-18, 0.0050355], [0.00015499694252111635, 0.0004280071666557284, 0.011933200993395248, 0.040112999999999996], [0.00013064417780150596, 0.0021938662985759964, 0.0218900838540321, 0.1000925], [-0.0004415006847637407, 0.0030547098236011917, 0.03341809540012824, 0.16014], [0.00029875065824378264, 0.0009183948261451005, 0.03982639278420262, 0.22013500000000003], [0.0008441266213663249, 0.002203507795611518, 0.044302809753697416, 0.28001], [-0.0025416439379308663, 0.005346347078320648, 0.053672644355896575, 0.33999999999999997], [-0.00013491119646366831, -0.002753237409367769, 0.05642717532908291, 0.4], [0.0009666719608822961, -0.0032101999971592327, 0.049694183897559856, 0.460005], [-0.0007357626295029647, 0.00048135371395905514, 0.04622051925865293, 0.520055], [-6.882449048418178e-05, -0.0024253103705252307, 0.04366062255245024, 0.580075], [0.000316594073322155, -0.0027359020359110676, 0.03589677015316667, 0.64003], [-0.00010444484180470829, -0.0009468623124849302, 0.02895979915835207, 0.700055], [0.00010894114762335463, -0.001663877271732584, 0.02298554740901208, 0.760115], [9.439595671778554e-06, -0.0006205511531117644, 0.015692913132750893, 0.8200799999999999], [7.47892656714189e-06, -0.000490325805826074, 0.01058449031467577, 0.8800399999999999]]}}