{"cdf_smooth": {"x": [4.753610583695023, 17.64294152533125, 23.292390750416022, 27.053017052054795, 30.33060819178538, 33.59511374588255, 36.79529737471472, 39.893647771033635, 43.14365453324623, 46.480374564710544, 50.21362337437149, 54.36391710993815, 59.18830614771134, 65.49032189270245, 73.64504109589045, 84.60964765042479, 128.93414689244884], "c": [[1.2249074646353473e-05, 5.294936346891287e-05, 0.0, 0.005012], [5.545192489271646e-06, 0.0005265964940058811, 0.007469958352846943, 0.040038500000000005], [-2.3445024381630632e-05, 0.000620578344240266, 0.013950864353813387, 0.1000465], [-4.4970863468771274e-05, 0.0003560744182438991, 0.017623690419979503, 0.16004], [1.456114426265816e-05, -8.611389270993052e-05, 0.018508510646546635, 0.220045], [1.496036404869589e-05, 5.649091624843719e-05, 0.018411806275359217, 0.280055], [-5.116013136776884e-05, 0.00020011865257845535, 0.019233004016520717, 0.34004500000000004], [3.364414970166337e-05, -0.000275417387318706, 0.01899970215189594, 0.40003500000000003], [-4.256547467142081e-05, 5.261375479919044e-05, 0.018275588839561985, 0.46003], [1.9021821299623508e-05, -0.00037347346115556125, 0.017204969830072924, 0.520015], [-4.683435960331711e-06, -0.0001604338859823523, 0.015211760861901076, 0.58003], [-6.225021488014958e-06, -0.00021874679076362553, 0.013638049674554302, 0.640065], [9.425578032157656e-06, -0.00030884256704367155, 0.011092753360302982, 0.70007], [1.46597307294109e-06, -0.0001306421435507714, 0.008323113794453937, 0.76007], [2.1272912955122796e-07, -9.477834724296408e-05, 0.006484872989386202, 0.82005], [5.596390728130716e-07, -8.77808736183107e-05, 0.004483182959739986, 0.8800399999999999]]}}