{"cdf_smooth": {"x": [0.1277194342528131, 0.5905650145445092, 1.2018473467992055, 1.7222034802811699, 2.1616337667793313, 2.5094721304109586, 2.884615970691304, 3.278536163467265, 3.6223105037993633, 4.022505262627677, 4.51342164002287, 5.073756622609969, 5.651571961964219, 6.454509536134785, 7.741382996129237, 9.615237551489614, 19.556959087164778], "c": [[-0.21333999719584928, 0.2624000566106675, 0.0, 0.005051], [0.034963450529412465, -0.03383036779395758, 0.10579247025746252, 0.0401105], [-0.014536456326055528, 0.030287250955915387, 0.10362662553325315, 0.1001245], [0.05037662286300606, 0.007594848330848242, 0.1233388082462934, 0.1602], [-0.10594590322364172, 0.07400588978335022, 0.15919664397427696, 0.22014], [0.012020439801263745, -0.03655025904900912, 0.17222514927770083, 0.28001], [0.07415603486919997, -0.02302207720229469, 0.14987695428191466, 0.34011], [-0.11758024111217538, 0.06461260145123375, 0.16626030161171002, 0.40010999999999997], [0.022951458607900346, -0.05665060802204782, 0.16899743065055692, 0.460125], [0.008361229349752296, -0.029095447695007718, 0.13468230856239075, 0.5201549999999999], [0.014019458263521321, -0.016781454426155345, 0.11216058596695545, 0.5802499999999999], [-0.02051197469818405, 0.006785324279757016, 0.10655940455543496, 0.6402950000000001], [0.006256406692039754, -0.028771076583414025, 0.09385569962713892, 0.700175], [0.0027067369987225885, -0.013700564546421275, 0.05975362312730608, 0.7602249999999999], [4.441906020983737e-05, -0.0032508805258978594, 0.03793925835518485, 0.8202], [0.00011281071328592625, -0.0030011759509407563, 0.02622381384569044, 0.88017]]}}