{"cdf_smooth": {"x": [0.4637872509740352, 0.9730874426612393, 1.3838048967838357, 1.6824804182982696, 1.9728086672970693, 2.2413864671761843, 2.512773421046016, 2.7964828112686466, 3.0983298721385144, 3.428874338143238, 3.81040838699086, 4.2424774362196755, 4.744566451021073, 5.386691984737173, 6.302225563319369, 7.65469757597478, 14.150328523957738], "c": [[-0.0795414107784456, 0.1754595568096915, 0.0, 0.0050155], [0.042642759061876256, 0.053928189540092604, 0.11682722318664074, 0.0400195], [-0.1490646823216383, 0.10647056585606413, 0.18270579164738324, 0.100054], [0.09485527731435242, -0.02709534933933201, 0.2064132258358393, 0.16015000000000001], [-0.0879881433731598, 0.05552215037358335, 0.21466632920475054, 0.220115], [-0.002343524997406939, -0.015372835514251138, 0.2254495438563239, 0.28007], [-0.0046868546612414555, -0.01728084184534381, 0.21658776182505526, 0.340075], [-0.0046204232729431995, -0.021269955879352292, 0.20565053850998571, 0.40002499999999996], [-0.014640245304016744, -0.025453939434090106, 0.1915470680372317, 0.46003499999999997], [0.018148738256808954, -0.03997169563267317, 0.16992098643106854, 0.52004], [-0.0007979521808858153, -0.019198610866885277, 0.14734549982073736, 0.58006], [-0.002653069283565422, -0.020232922187261696, 0.13030835482439754, 0.640075], [0.002495527707370384, -0.02422915301561726, 0.10798443528975837, 0.7000649999999999], [0.004010802682880381, -0.019421826832621728, 0.07995502655747722, 0.7600750000000001], [0.0006894930789794711, -0.008405753232888157, 0.05447794259681842, 0.820075], [0.00029493703504779154, -0.005608192956170136, 0.035524472589258116, 0.880085]]}}