{"cdf_smooth": {"x": [-43.34857285180572, 14.429796858041968, 24.002178991785193, 28.081398846479296, 31.151136264411097, 33.74102509468069, 36.26424487294435, 38.91839343457175, 41.38583406289125, 44.22825035145108, 47.57987105768832, 51.003450743223574, 54.990794886088416, 59.814016383470204, 65.955534986548, 74.92151393339861, 117.38003731391046], "c": [[5.946858407297521e-07, -2.3868536532446824e-05, -1.159818955316831e-17, 0.005027], [2.527125316340345e-05, 7.921139856823881e-05, 0.003197620343505073, 0.040051], [-1.4373700435055401e-05, 0.0008049296754042332, 0.011660956563707721, 0.100084], [1.3315463748245872e-05, 0.0006290292228039252, 0.01751039017209371, 0.16007], [-7.82028599448048e-05, 0.0007516541547192334, 0.021748725598393033, 0.22013499999999997], [-9.817665268025524e-05, 0.00014404401432066623, 0.024068484281682404, 0.280145], [0.00018221010824673997, -0.0005991198010989547, 0.02292022805587451, 0.340215], [-0.00023758096416437875, 0.0008517182890522203, 0.023590661969344912, 0.400235], [3.266603694995398e-05, -0.000906932481431315, 0.023454424227808916, 0.46006], [8.114140043584064e-05, -0.000628381054903576, 0.019090424024084222, 0.52015], [-6.344762628869367e-05, 0.00018748453859798178, 0.017612706130726512, 0.58013], [1.5599049993035744e-05, -0.00046416947477422987, 0.01666545320393989, 0.64008], [2.417177075805672e-06, -0.0002775731329022726, 0.013707870161707708, 0.70014], [1.3453695220413975e-06, -0.00024259739159725982, 0.011198972505637205, 0.76007], [3.4572685635069966e-06, -0.00021780955575436838, 0.008371374673490934, 0.8200099999999999], [9.799270231832454e-07, -0.00012481616429233175, 0.005299399680902689, 0.88005]]}}