{"cdf_smooth": {"c": [[-0.003451643342957572, 0.02303229219148729, 2.5592823581512158e-17, 0.005128], [0.0016478334461543544, 0.008676340175284462, 0.043960471339500436, 0.0402], [-0.0077984021104415, 0.014037596896845236, 0.06859387671293286, 0.100182], [0.009157149735013834, -0.004751343183139822, 0.07605176625335278, 0.160285], [-0.01573063964842691, 0.016400596850077175, 0.08502123536128671, 0.22020499999999998], [0.006790434050714187, -0.015462792795308843, 0.08565442885449384, 0.28024499999999997], [-0.002486625123648683, 0.00028068547411042857, 0.07392129687745232, 0.34034], [0.003829533743724425, -0.005874806088706882, 0.06930532669936545, 0.40013], [-0.0055015222201934225, 0.004419680626495925, 0.06800144562296097, 0.46027], [0.0027483610797640902, -0.010335473239629045, 0.06271270148069, 0.5206649999999999], [-0.00033069623099455113, -0.0013296026128859773, 0.04997126989898623, 0.5804149999999999], [-0.00044899539601917854, -0.002567168745475035, 0.045110301022254926, 0.6400399999999999], [0.0006036766615345489, -0.00457457976755157, 0.03446696643645443, 0.70008], [-8.759119324080554e-05, -0.0005949624641466524, 0.023107243024447426, 0.760135], [6.864400494875324e-05, -0.001358722106298417, 0.01742879761156847, 0.82012], [5.003019797479823e-06, -0.00037035555210258235, 0.009130124243823099, 0.88006]], "x": [0.2688018108477764, 1.65518993478237, 2.739696125638118, 3.5428068062576754, 4.312767643610783, 4.987955056149181, 5.76078136601585, 6.58592806843814, 7.481988999447706, 8.375993317741404, 9.468264961989366, 10.715699935637872, 12.205998084107671, 14.403431222839432, 17.309962552810145, 22.10944239538688, 46.02918276616088]}}