{"cdf_smooth": {"x": [1.1002807329932618, 2.130918982847934, 2.9255430990945874, 3.613775632938359, 4.334648134688291, 4.984491634340153, 5.689530085702142, 6.418150099341213, 7.334902457358719, 8.411724102853135, 9.579553659256003, 10.958031369384289, 12.561512295857497, 14.572898498586278, 17.484207147349156, 22.87228966367782, 46.69501192764198], "c": [[-0.005743519824458361, 0.03890903978963471, 0.0, 0.005054], [-0.005134185477487157, 0.021150566129978576, 0.06189972713195155, 0.040096], [-0.009401520147309656, 0.00891132333689476, 0.0857876294822703, 0.10006199999999998], [0.01197954542295715, -0.010499972762003842, 0.08469426926303802, 0.16026], [-0.014733412501067827, 0.015407201874618299, 0.08823175579010857, 0.220345], [0.009585246700785113, -0.013316035149906875, 0.08959068689285055, 0.280145], [-0.01110398110771502, 0.006957867319625604, 0.0851079340922894, 0.34005], [0.004679913783898593, -0.017313881278828304, 0.07756233506008871, 0.40146000000000004], [0.0013805658329452896, -0.004442915288705297, 0.05761674050389508, 0.46162000000000003], [-0.0011890465754463152, 1.6954227131238094e-05, 0.05285076983067669, 0.520235], [0.0006420217643023777, -0.004148856977106216, 0.04802541167507361, 0.580085], [-0.00016484876870360993, -0.0014938189025819923, 0.04024710874944486, 0.640085], [5.5619612869104015e-05, -0.0022868144716884837, 0.0341849352438141, 0.7001], [7.625805259087641e-05, -0.001951196905910391, 0.02566065763190414, 0.76006], [6.306716514544181e-05, -0.00128516472177349, 0.016238610034703747, 0.82011], [2.806727538602785e-06, -0.0002657314521497877, 0.00788225347534672, 0.88016]]}}