{"cdf_smooth": {"x": [0.8174260596484941, 1.8838372593312056, 2.867674406579432, 3.6550794224211187, 4.376873100705906, 5.1369573294910085, 5.937781406767482, 6.807445392072085, 7.7562391359856475, 8.877057712477303, 10.011119336798291, 11.370894258682599, 13.219637352574905, 15.673988174764911, 19.059102808173556, 24.936881898902616, 56.83568768592307], "c": [[-0.011247388786430997, 0.04326278397495094, 0.0, 0.005046], [0.00047747038917691034, 0.007279759867843674, 0.05389913481441066, 0.0406055], [-0.0012246415493696885, 0.008689019184593513, 0.06960981284239778, 0.10113449999999999], [-0.004976000894645859, 0.0057961524888479705, 0.08101550967339358, 0.160735], [0.0015812135562753755, -0.004978785477836481, 0.08160548001478019, 0.22036], [-0.0011381511571433613, -0.001373219018438066, 0.0767774215759898, 0.28020500000000004], [0.0007118024082255663, -0.004107595569099578, 0.07238825329120158, 0.340225], [-0.0017963877522725643, -0.002250508811839068, 0.06685883889629188, 0.40054], [0.003045382096869578, -0.007363713194836566, 0.05773692520376197, 0.460415], [-0.0022848285608353127, 0.00287624928522305, 0.052707292292531245, 0.520165], [0.00021323519796413, -0.0048971598817646, 0.05041545513880985, 0.580305], [0.00044067161304202265, -0.004027304257800648, 0.03828019261057325, 0.6403399999999999], [6.370042241957702e-05, -0.0015832384539431988, 0.02790774051924903, 0.7001299999999999], [1.8249820991791648e-05, -0.0011142089015251768, 0.021287258384540955, 0.76003], [3.868387501593095e-05, -0.0009288756932359665, 0.014371182825523224, 0.82003], [2.7127476805657355e-06, -0.00024674987808491976, 0.007461115423886909, 0.880265]]}}