{"cdf_smooth": {"x": [0.0, 0.627214539458934, 1.3081811816198596, 1.8366912663603154, 2.285530287433683, 2.739905006822028, 3.2014441716205724, 3.6803931627833726, 4.248212352656115, 4.836147783318816, 5.576356442597784, 6.435522458058343, 7.525071700759988, 8.888497013586159, 10.863815734999076, 14.489979773062494, 37.45129802836157], "c": [[-0.07642937247046813, 0.13759616037131345, 0.0, 0.0057605], [0.01917029184517994, -0.006216680594286393, 0.08240311990270227, 0.041032], [-0.007993027102852365, 0.03294630720688511, 0.1006051039832989, 0.1003165], [-0.021003238796364832, 0.020273120912501406, 0.12873210844851443, 0.16151], [0.006176037611584836, -0.008008098509690618, 0.13423712909723506, 0.221475], [-0.004626662053854274, 0.0004106075603967573, 0.13078502127909408, 0.281395], [-0.0127831665096146, -0.0059955496600264495, 0.1282073517669828, 0.34138999999999997], [0.018695542250768315, -0.024363003770964498, 0.11366715322804773, 0.400015], [-0.018309568717252568, 0.0074840591942242265, 0.10408296459257611, 0.460125], [0.010062787770313176, -0.02481047331285452, 0.09389615184589899, 0.520185], [-0.002186871259583393, -0.0024647853806376244, 0.07370676917690216, 0.580175], [0.0010176820041780613, -0.008101441779901998, 0.06462862588893016, 0.6402950000000001], [-2.6328034637930896e-05, -0.004774997809012095, 0.05059911088613532, 0.70241], [0.00042003152394909176, -0.004882686735599048, 0.03743157931472239, 0.762455], [0.000162210931814347, -0.0023935983370783247, 0.02305859718832542, 0.82058], [1.0613226420303035e-05, -0.0006289879945004976, 0.012098203330812267, 0.880455]]}}