{"cdf_smooth": {"x": [0.03417123176541455, 1.087025984214198, 2.033127257371927, 2.706529631106316, 3.289711615201582, 3.860478160868229, 4.45740144785989, 5.087659208271009, 5.72642943080503, 6.443005348988907, 7.321262529283313, 8.317270681828328, 9.55945518115867, 11.203226039664687, 13.583187142703041, 17.423888918867537, 38.6738284732745], "c": [[-0.012408373165324442, 0.04522154380068055, 0.0, 0.0050145], [0.00432543534905273, 0.0060288998288711565, 0.05395927314048202, 0.040660999999999996], [-0.002301322302600814, 0.018305799500971935, 0.076982363158357, 0.1007715], [-0.00787301815388355, 0.01365665179707426, 0.09850595373283101, 0.16021000000000002], [-0.0035615595278617597, -0.00011755524632532568, 0.10640171092215417, 0.22074], [0.001241619444021967, -0.006216012333036761, 0.10278672243313544, 0.28076999999999996], [0.0028736752923924714, -0.003992557653881625, 0.09669298928105964, 0.340175], [-0.005295766745186813, 0.0014409108079144709, 0.09508479405456031, 0.40025], [-0.0007699318807526565, -0.008707423499019287, 0.09044316212581699, 0.460195], [0.002734049738826219, -0.010362567432187518, 0.07677806586452933, 0.52025], [-0.0013407876516901092, -0.0031589709889690426, 0.06490267765752193, 0.58154], [0.0010426726858035538, -0.007165277284714117, 0.054619642208034676, 0.641725], [4.768174863197242e-05, -0.0032797017401731497, 0.04164505116748912, 0.700515], [0.00021272997188537604, -0.0030445681335216235, 0.03124940064778214, 0.76032], [7.707334422042092e-05, -0.0015257009579087112, 0.0203723379797595, 0.820315], [1.1099796776464843e-05, -0.0006376537677817878, 0.012063537642326146, 0.88042]]}}