{"cdf_smooth": {"x": [0.04893952539940233, 0.5443806181807248, 1.2579039922751736, 1.8000791170628818, 2.2675468442128173, 2.6771155677770033, 3.1318567869821923, 3.592606203483444, 4.039639164353917, 4.56429154491995, 5.176243334587827, 5.954585191882796, 6.877270703674093, 8.083702990101592, 9.894339832970061, 13.08797926977463, 32.967687640172294], "c": [[-0.1916394984318678, 0.23898066954810554, 0.0, 0.0050585], [0.04135427206460822, -0.04585757802134163, 0.09568111550732716, 0.0404135], [-0.021501650096598927, 0.04266414118893546, 0.0934025236837113, 0.10035999999999999], [0.020254688592100382, 0.007691161716139747, 0.1207039163199934, 0.160115], [-0.05771402622121534, 0.03609640143697662, 0.1411731889446149, 0.22029], [0.027907570808513044, -0.034817178716542475, 0.1416971185613773, 0.2802], [0.007310912020777981, 0.0032549896070127753, 0.12734449020492497, 0.34006000000000003], [-0.03273561086666037, 0.013360484950009027, 0.1350000604119642, 0.40014000000000005], [0.01293615552783981, -0.03054120620487122, 0.12731971171951276, 0.460235], [-0.004961725884957387, -0.010180251825710522, 0.10595510182364831, 0.5204949999999999], [0.006665530509444149, -0.01928926293113377, 0.08792117952755349, 0.5803849999999999], [-0.0017557246607353993, -0.003725078741402609, 0.0700081540857305, 0.6402749999999999], [0.0008618235117951173, -0.008585023862868324, 0.058649800764105364, 0.70032], [0.000438602898663742, -0.005465828733372427, 0.04169839854016686, 0.760095], [0.00023653653010036467, -0.003083377030243999, 0.02621889160729951, 0.82028], [1.5795229576278273e-05, -0.0008171398579236949, 0.013762047049324933, 0.88027]]}}