{"cdf_smooth": {"x": [0.07383418755965478, 1.303690792757174, 2.30544428177497, 2.9840971508591134, 3.582555798812925, 4.190794490958902, 4.838086351245172, 5.521274337444062, 6.239817175398322, 7.034690085776889, 7.987210112887945, 9.043662021626528, 10.350248992989648, 12.147335187200916, 14.753221473233461, 19.085070388120197, 42.29493684006893], "c": [[-0.006221961663124962, 0.030856354136953014, -1.3853495854974674e-17, 0.0050275], [0.004393298929473649, 0.007899992190913136, 0.04766474852464872, 0.040124999999999994], [-0.006005748499125599, 0.021102999783608183, 0.07671859692708068, 0.10021749999999999], [-0.006379430430501974, 0.008875544433819833, 0.09706362197120419, 0.16012500000000002], [-0.0016065230703022786, -0.002577931496641081, 0.10083248289492466, 0.220025], [0.0011037729912115016, -0.005509379970189935, 0.0959134671453621, 0.28003999999999996], [0.0003732417211899688, -0.003365990151745031, 0.09016851230840575, 0.340115], [-0.0007488970265101776, -0.0026010073721493584, 0.08609193128640251, 0.400265], [-0.0025797983888084155, -0.004215351156441755, 0.08119408568475493, 0.460505], [0.0032376268128629375, -0.010367186716948092, 0.06960282136462792, 0.521085], [-0.001231586875761823, -0.0011154735782570777, 0.058665357468932075, 0.580775], [0.00016767266678099864, -0.0050188104952849375, 0.05218478135069388, 0.640055], [0.00040161109844504716, -0.004361573729675661, 0.03992849353598024, 0.700045], [9.757670751281796e-05, -0.0021963844483028267, 0.02814327743212025, 0.760045], [7.343407871049194e-05, -0.001433563036471251, 0.018684047062529175, 0.820195], [7.331552904369131e-06, -0.00047924703393799426, 0.010398042834642459, 0.8802000000000001]]}}