{"cdf_smooth": {"x": [-8.108634977588286, 8.335379671290314, 14.65374174993925, 18.35405787843326, 21.618067437300308, 24.8061633708757, 27.709086971222842, 30.413809807425054, 33.48933104756511, 36.658462059001046, 40.09344566937731, 43.91098212057448, 48.140477956870285, 53.5776136589239, 59.95760364320892, 69.98104448919177, 111.0625226012927], "c": [[7.1970189716404155e-06, 1.1311033262176976e-05, -8.78568694548886e-18, 0.005009], [2.5040927009685635e-05, 0.0003663546894559129, 0.006210340676755595, 0.0400695], [-5.416139608368595e-05, 0.0008410076203525535, 0.0138388929102394, 0.10025049999999999], [-2.755221338055834e-05, 0.0002397647579419108, 0.017838092372873225, 0.16022999999999998], [3.8672279953810065e-05, -3.0027305584349507e-05, 0.018522677422220725, 0.22005000000000002], [2.0803434491499766e-05, 0.00033984550980414315, 0.01951040757924148, 0.28005], [-0.000169101538360358, 0.0005210178526650972, 0.022009428150827626, 0.34006000000000003], [0.00010744698733770465, -0.0008511005246554547, 0.021116646010060657, 0.400055], [-4.514307931126745e-05, 0.00014026595058305456, 0.018930459179275088, 0.460075], [2.0127794997221984e-06, -0.0002889270472080951, 0.0184593326877666, 0.5200400000000001], [1.4015621638276674e-05, -0.00026818545342955887, 0.016545660378940535, 0.58012], [-2.7294165810337987e-05, -0.00010767001395863297, 0.01511081843180437, 0.640155], [2.611564758629401e-05, -0.0004539916959086131, 0.01273527256851409, 0.700075], [-1.3210934581213653e-05, -2.8008736287543054e-05, 0.010114570810215088, 0.760095], [6.521964056605015e-06, -0.0002808656272211048, 0.008143955464627494, 0.820055], [4.905929465511692e-07, -8.474806445808462e-05, 0.004479248253599726, 0.880035]]}}