{"cdf_smooth": {"x": [-10.137692284597188, 7.3638999795665505, 13.093074752170605, 16.385671254823784, 19.344190657647925, 22.07198712507535, 24.560504452853614, 27.005226779831556, 29.42528714655595, 32.19508128920219, 35.05812314337868, 38.428752984824634, 42.29295720207542, 46.59336948412503, 52.505027547135754, 60.98932927990626, 92.4718036458635], "c": [[8.807788272702133e-06, -3.967319261349739e-05, 0.0, 0.0050645], [4.09181269512062e-05, 0.0004227777646802505, 0.006704940014849236, 0.0401295], [-9.963468133810054e-05, 0.0011260590666934331, 0.015578496916035339, 0.100115], [1.554097896920708e-05, 0.00014188865674304984, 0.01975333715576937, 0.16005999999999998], [3.1603750672015876e-05, 0.000279823520200885, 0.021000980813665228, 0.22014499999999998], [-8.145930276744152e-05, 0.000538449318522636, 0.02323306257252705, 0.280155], [5.8948398185136094e-05, -6.968934081390007e-05, 0.02439957989962418, 0.34004999999999996], [-0.0001972426362883467, 0.0003626480547344524, 0.025115782608428523, 0.400145], [0.0001588576223240358, -0.0010693692053945257, 0.0234054747613902, 0.46025499999999997], [-0.00011474128724232482, 0.000250639530088941, 0.021137762102318144, 0.520255], [4.5299643283936035e-05, -0.0007348877932416485, 0.019751339057099675, 0.5801350000000001], [1.7030352018507766e-05, -0.00027682280486256855, 0.016341237124222453, 0.6400950000000001], [-3.2392830414374516e-05, -7.93965305890132e-05, 0.014964732865904157, 0.70009], [1.7664483709977982e-05, -0.0004973041078819927, 0.012484682357157599, 0.7604], [1.8352875297727566e-06, -0.00018402494522295194, 0.008456897966806279, 0.8204750000000001], [9.804245627638642e-07, -0.0001373115457160029, 0.005730582219930513, 0.8801000000000001]]}}