{"cdf_smooth": {"x": [1.531047953774015, 6.5075941550608345, 9.793871825202972, 11.983588643685078, 13.65767760473579, 15.146335284093901, 16.327885475074318, 17.38205715672527, 18.619546369700544, 20.236915997415096, 22.079119418321074, 24.230381068506734, 26.757994972878553, 29.753690055902084, 33.52649111980067, 38.843547062334025, 61.48123524929002], "c": [[-1.4343513142604725e-05, 0.0014861426389456674, -4.2229504627386575e-18, 0.0050935], [3.0342655216996472e-05, 0.0012719991714168558, 0.013726020148969963, 0.0401315], [0.00018650612483729967, 0.001571142342294168, 0.023069372618532615, 0.100053], [-0.0005141556478633238, 0.002796329137212651, 0.03263289837144961, 0.16006], [0.001034817456066487, 0.0002141022541630338, 0.037672628331752195, 0.220115], [-9.689928461469483e-05, 0.0048355691122846526, 0.045189860389649276, 0.280085], [-0.0031822817562237255, 0.00449209500755756, 0.05621096371185005, 0.34007], [0.00019572932605379338, -0.00557191892377899, 0.05507264391819999, 0.40059], [0.0009351924187231828, -0.004845280134815521, 0.042181472453773114, 0.46058], [-0.00020228375130065498, -0.0003076246924801585, 0.033847320691601374, 0.520085], [8.705727188876286e-05, -0.0014255681483994359, 0.030654426911043232, 0.58013], [2.7788112723965604e-05, -0.0008637192372472004, 0.025729570752047855, 0.6403449999999999], [4.532096507172895e-06, -0.0006530063769551656, 0.02189587400047308, 0.70031], [7.38897371700945e-06, -0.000612276039288191, 0.018105473687496734, 0.760165], [1.0442009783185766e-05, -0.0005286446555862339, 0.01380100687605059, 0.820155], [4.766801606004608e-06, -0.00036208240507719624, 0.009064961264974828, 0.88016]]}}