{"cdf_smooth": {"x": [0.840527688446313, 5.806825145144654, 9.129114150321358, 11.196353462962625, 12.979360488809165, 14.504544958899556, 15.75721157302008, 16.96832708957218, 18.139343883450035, 19.309674265230377, 20.79459862603968, 22.665188137889505, 24.985897267819528, 27.981365410558073, 31.805450731034902, 36.751196819089074, 56.5657688378259], "c": [[-4.5904940355050615e-05, 0.0016472260184190062, -4.1771765750030925e-18, 0.0051855], [0.00016702571992412447, 0.0009632932528134729, 0.012964615217383877, 0.040190000000000003], [-0.00029954006909836727, 0.00262801639147039, 0.024895983762773247, 0.10001950000000001], [0.00011470399753323053, 0.0007703533718160936, 0.0319212273363305, 0.16007], [0.0006388863900835637, 0.00138390747229938, 0.03576228955689451, 0.220085], [-0.0012413114513826742, 0.004307166273222037, 0.04444222685170298, 0.280115], [0.0003535787439249967, -0.00035768196539569225, 0.04938961398710999, 0.340105], [8.740230394202707e-05, 0.0009269921438759597, 0.050079114377998536, 0.40002499999999996], [-0.0020156249855655724, 0.0012340408410951448, 0.052609720295523694, 0.46008], [0.0008616500056028071, -0.00584280063555372, 0.0472159486857411, 0.52011], [9.298885067412225e-05, -0.002004345384120484, 0.035563530398299126, 0.58016], [4.588763833814911e-05, -0.0014825134777505479, 0.029041048781982583, 0.64028], [6.306485914258327e-05, -0.001163037894023731, 0.0229014935598071, 0.7002649999999999], [2.1658574894650455e-05, -0.0005963115645600231, 0.01763141830467515, 0.7601249999999999], [-6.617608740447277e-06, -0.0003478388496087787, 0.01402090656553011, 0.82004], [6.436268999698104e-06, -0.00044602588722979946, 0.010094653148866558, 0.8800749999999999]]}}