{"cdf_smooth": {"x": [0.07944014843937637, 4.915104098121909, 7.982204769058067, 10.130827705102865, 11.938553094354116, 13.560967015115498, 14.986872365670106, 16.1663388377141, 17.183045554633324, 18.23903955616437, 19.675543923287655, 21.638695205707684, 23.68872157893656, 26.71450729400174, 30.432385818850953, 34.84391500663278, 52.84314575598802], "c": [[5.620617768689847e-06, 0.0014700208146469647, -4.524725236220759e-18, 0.005156], [1.6076667045565634e-05, 0.0015515590708039626, 0.014611344923160912, 0.040166], [-6.39767222083312e-05, 0.001699485339649574, 0.024582625415706213, 0.10004], [-4.6546251094164474e-05, 0.0012870997815202006, 0.030999670707501748, 0.16007], [6.971916488581281e-05, 0.0010346712618880794, 0.03519679517069921, 0.22004], [0.0005024857149403364, 0.001374011292851887, 0.039104675278204416, 0.280165], [0.00038029004714478686, 0.003523502501383971, 0.04608806640182028, 0.340175], [-0.0018653522504954248, 0.004869120582161935, 0.05598688394136512, 0.40005999999999997], [-0.0022068943184270296, -0.0008204279053353959, 0.0601032169806364, 0.460055], [0.0009702631948122921, -0.00781182939215104, 0.050987605054818086, 0.52001], [0.0008159550681357897, -0.003630467442330503, 0.034550695682164435, 0.58001], [-0.0006803302422951483, 0.0011750622728931908, 0.029730363874922807, 0.64002], [0.00032549665678330275, -0.003009022544737534, 0.025970696950187895, 0.700045], [-2.25261212845574e-05, -5.437314154835644e-05, 0.016701518043031743, 0.760095], [-2.0754657724396866e-05, -0.0003056212892643673, 0.015363102479647789, 0.82028], [9.707720238068347e-06, -0.0005803006242651612, 0.011454832100016746, 0.880325]]}}