{"cdf_smooth": {"x": [2.707383177258082, 4.561528616679453, 5.332720341777535, 6.497722285939724, 7.646302168372605, 9.04102452322192, 10.731075720065752, 12.979026944350679, 16.68732669159452, 34.67090322936988], "c": [[0.003545326688711638, 0.022514351165096216, 0.0, 0.05], [-0.038599551403287545, 0.04223500509849694, 0.12005472362161074, 0.15000000000000002], [0.017936126418723178, -0.047067958805643365, 0.11632758971487736, 0.25], [-0.008008357337205696, 0.015618907640010641, 0.07968938396485895, 0.35], [0.0023277244236890268, -0.011975806746533965, 0.08387377636077945, 0.45], [-0.000386103486083156, -0.0022362188775905123, 0.06405194651512179, 0.55], [0.00014398820609074164, -0.004193822853871784, 0.053184846791108194, 0.6499999999999999], [0.00017488506817747495, -0.003222787461378975, 0.036512668552896047, 0.75], [2.6913521096251335e-05, -0.001277208699021217, 0.01982533392868575, 0.8500000000000001]]}}