{"cdf_smooth": {"x": [2.907444155967123, 4.4690078334575345, 5.435284970268494, 6.349780822684929, 7.290183266827402, 8.454881655517807, 9.852525190356168, 11.595261843616436, 14.19211854739726, 20.5936760974685], "c": [[-0.011714663602262861, 0.059302327601933935, 0.0, 0.05], [-0.00031529202916569997, 0.004422748075995961, 0.09951076352398294, 0.15000000000000002], [-0.0012360308003764816, 0.0035087696383912514, 0.10717480775160648, 0.25], [-0.004822144801434652, 0.00011773451718153239, 0.1104912307606487, 0.35], [0.0026890138367324334, -0.013486535754652718, 0.09791917740167592, 0.45], [-9.226584997923158e-05, -0.004090865506227346, 0.07744680647576425, 0.55], [-9.431421662110034e-05, -0.004477729812356898, 0.06547096462609879, 0.6499999999999999], [0.00035766735509265194, -0.004970824339044226, 0.04900462298613753, 0.75], [-1.9981592963748392e-05, -0.002184391732656494, 0.03042355216334121, 0.8500000000000001]]}}