{"cdf_smooth": {"x": [0.7561417189584606, 1.0666054656531976, 1.303902939492008, 1.4521159046385643, 1.5809855033630538, 1.707237332369619, 1.8391871693070403, 1.9966992526773344, 2.1645771573801116, 2.3259013443092718, 2.4901053195280856, 2.6620190316288967, 2.851850348979115, 3.101065093810302, 3.437039941360089, 3.9519175258862274, 7.193828743678202], "c": [[-0.36353636842767423, 0.4760438391050025, 0.0, 0.0050055], [0.5281520805487364, 0.1374492500994401, 0.1904673630457398, 0.040011500000000005], [-0.72684443641711, 0.5134367136502193, 0.344920958000674, 0.10000600000000001], [-0.46258530611896215, 0.1902534062852498, 0.44921695722064525, 0.16004000000000002], [-0.10560797797857437, 0.011413857959061425, 0.4752057366396753, 0.22010000000000002], [-0.8442587079375116, -0.028585743173376116, 0.4730377547238769, 0.280065], [0.6731751249411255, -0.36278513970943754, 0.4213964305454355, 0.34004500000000004], [0.26544170807628115, -0.04468549050183434, 0.35721488266865153, 0.40005], [-0.26886092406553436, 0.08899990281588019, 0.3646542933560689, 0.460015], [-0.008410113563268243, -0.04112140709980159, 0.3723782527488561, 0.52003], [-0.0463698145854299, -0.045264329337194396, 0.3581933714236969, 0.58003], [-0.25926502941205437, -0.06917915020161668, 0.3385189680304465, 0.640035], [0.17014795430404364, -0.216829016430015, 0.2842256609858428, 0.7000299999999999], [0.008102208621420023, -0.08961887938372383, 0.20785432682656796, 0.76003], [0.030377716184284514, -0.08145246446452944, 0.1503786581570139, 0.820055], [0.004225340718476328, -0.03453004906737451, 0.09066186174243704, 0.880035]]}}