{"cdf_smooth": {"x": [0.5128757784651642, 0.8754199243718851, 1.2017194176441468, 1.4328338670739065, 1.609255102027398, 1.7645744889304564, 1.9139681899153211, 2.0784309875608047, 2.2392608991008984, 2.402389963546549, 2.585595190279039, 2.792351643037194, 3.0385632876712356, 3.369821926829771, 3.799611284106616, 4.458719570934761, 8.223265952655318], "c": [[-0.2859472220806199, 0.3707330478418045, 0.0, 0.005022], [0.07918776918606453, 0.05972757363095115, 0.15606097835831648, 0.0401245], [0.13444179058685152, 0.13724436050727115, 0.22033282065647608, 0.10015750000000001], [-0.19610716947680412, 0.2304586817427658, 0.30531430681974087, 0.16007], [-0.06345204034763137, 0.1266662746757713, 0.3683187326638111, 0.22003], [-0.7194591615823039, 0.09710027866214382, 0.40307401653766667, 0.280055], [0.6599080309567248, -0.22534772190659957, 0.3839146563495308, 0.34004], [-0.23528393836130349, 0.10024324097299792, 0.3633396234172044, 0.40002], [-0.28092079298543493, -0.013278844007361075, 0.3773260996883252, 0.46007], [0.12918332115627296, -0.1507578824364932, 0.35056694196881205, 0.52005], [-0.034608811881778, -0.07975670350902139, 0.3083354649855183, 0.58001], [-0.038300269139579186, -0.10122348904557502, 0.2709166423534423, 0.640045], [0.09139435746315731, -0.12951340580992143, 0.21410653199331856, 0.70004], [-0.011175973079572885, -0.03868789436987888, 0.1583883981910616, 0.7600750000000001], [0.016092171963495397, -0.05309783723031788, 0.1189398675994281, 0.8201149999999999], [0.002123677433370912, -0.021278385547707813, 0.06991788282345514, 0.88005]]}}