{"cdf_smooth": {"x": [1.0703883777651269, 1.7071488068776066, 2.243432967744058, 2.691734526305767, 3.124357652995463, 3.5424496702691535, 3.933603809724221, 4.330507691711266, 4.804823554444825, 5.305930969531372, 5.873182562889987, 6.604696255464397, 7.420765192580725, 8.509138711280148, 9.906054706936903, 12.233694891947225, 22.139544194422722], "c": [[-0.038733775267861974, 0.11110587489293167, 0.0, 0.005029], [-0.008379855799500568, 0.037113468810801194, 0.09438021289955908, 0.040077999999999996], [-0.016351834156592124, 0.023631517003949935, 0.12695678664406748, 0.100074], [0.0006467109827929814, 0.0016398587907212887, 0.13828598379981727, 0.160265], [0.011293011329918189, 0.00247920517304262, 0.14006798613085572, 0.22044999999999998], [-0.011145602639317877, 0.016643758837102864, 0.14806314473010967, 0.28027], [-0.03975675253234823, 0.003564813009831618, 0.15596781126051315, 0.340065], [0.03317205137863958, -0.043774015236029806, 0.14000862280533283, 0.400045], [-0.011607713182014121, 0.0034280752688744275, 0.12087190348201511, 0.460145], [-0.006171464794533061, -0.01402205817424071, 0.11556318009283584, 0.520115], [0.011782538103235322, -0.02452437788840696, 0.09369765281800287, 0.58003], [-0.006314685033056476, 0.0013328859789821517, 0.07673275893502995, 0.6400600000000001], [0.0035318704629300228, -0.014126768930470233, 0.06629206847321839, 0.700135], [-0.0007972255722801028, -0.002594786080481108, 0.04809277080782332, 0.760105], [0.000633492847678169, -0.005935757542675146, 0.03617631796898858, 0.82005], [3.776608879978095e-05, -0.0015121273151581592, 0.018840321880565895, 0.880085]]}}