{"cdf_smooth": {"x": [5.930757171081217, 15.43459253823959, 21.14998098805576, 25.055625237276175, 28.608021936088306, 31.774138027918067, 34.65413766019108, 37.59964681685473, 40.64990408905139, 44.04964066576119, 47.79103123287679, 52.01478758453261, 56.890225580331844, 63.038165754112214, 71.22200250061611, 84.01109129600962, 148.8235946496483], "c": [[3.0214787360290813e-06, 0.0003589380500366077, 4.856288572392949e-18, 0.005013], [9.828723098385471e-06, 0.00044508495945437825, 0.007641302313609549, 0.04002700000000001], [-4.7094151599239774e-05, 0.0006136098708732381, 0.013692154518744105, 0.10007400000000001], [2.6075568842439048e-05, 6.181086377678436e-05, 0.016330107626834185, 0.160105], [1.0578819934752958e-05, 0.00033970315780337276, 0.017756444711622313, 0.220065], [-7.664800652959603e-05, 0.00044018447388734314, 0.020225659492137293, 0.28002499999999997], [2.3136849493519717e-05, -0.00022205421797174575, 0.02085387454896183, 0.34009500000000004], [-4.4843682985241744e-05, -1.760481185321107e-05, 0.02014795668213529, 0.400185], [2.5174417436565413e-05, -0.0004279591222666544, 0.018788872051857614, 0.460205], [-7.139347891758749e-06, -0.00017119995899729344, 0.01675188900801672, 0.520125], [5.641383150117404e-06, -0.0002513332255700379, 0.015171027336983181, 0.58003], [-5.921100199441956e-06, -0.00017984974183273943, 0.013349815539689891, 0.64005], [5.87317476607795e-06, -0.0002664536125006214, 0.011173891208320382, 0.700175], [7.532256482927182e-07, -0.00015812983122460942, 0.008563577597520014, 0.760165], [2.136538628448444e-06, -0.00013963700400788703, 0.00612670242945413, 0.8200700000000001], [3.0719562725110304e-07, -5.7663857305840684e-05, 0.0036034041947052443, 0.880055]]}}