{"cdf_smooth": {"x": [5.051911077631029, 14.42117997515317, 19.086031614749164, 22.56157711877165, 25.280842417663944, 27.64337470748429, 30.09692609841708, 32.5701964196085, 35.06852351807282, 37.72512005263787, 40.768155397260216, 44.222439583452115, 48.13838974988981, 52.83402243422037, 58.719598732148086, 67.21289284987725, 106.54427227817823], "c": [[2.4334627601850434e-05, 0.00017096249745710918, -5.949937481405673e-18, 0.005019], [-3.3519279943624294e-05, 0.0008549555060255122, 0.009612101641437729, 0.040041], [4.483498667468736e-05, 0.0003858681020162334, 0.015400359683860684, 0.100082], [2.0202469951245592e-06, 0.00085334621109659, 0.019707305418320258, 0.16015000000000001], [-0.00019295379698007085, 0.0008698269737436976, 0.02439307046383815, 0.22009], [7.515160014374401e-05, -0.000497751753682878, 0.025272110185473855, 0.28003], [-1.2193996623884155e-05, 5.541318550764399e-05, 0.024186809776264293, 0.34015], [-2.715491321974879e-05, -3.506396433203596e-05, 0.02423713890105728, 0.400125], [-4.710671927429207e-05, -0.00023858953099206817, 0.023553462958099576, 0.46003499999999997], [3.1386917944583003e-05, -0.0006140201725285052, 0.021288422974390285, 0.52004], [7.10800481941415e-06, -0.0003274856705361149, 0.01842338741677616, 0.58002], [-6.152016812151743e-06, -0.0002538264646068812, 0.016415370101110268, 0.640045], [7.178382504405304e-06, -0.0003260994383853008, 0.014144409164766503, 0.700065], [-8.332844063949567e-07, -0.00022497829586036558, 0.011556750544235727, 0.760035], [3.93094315469763e-06, -0.00023969137271549878, 0.008821901756499696, 0.82009], [1.1581603014293443e-06, -0.00013953140359673565, 0.005601051181138074, 0.880135]]}}