{"cdf_smooth": {"x": [0.6011105855887291, 12.020788221611328, 17.88156867223194, 21.497002166018806, 24.719868202642896, 27.78227614246575, 30.611201983578027, 33.425943204785334, 36.246322393742524, 39.61465199650243, 43.40703721723878, 47.59968839676394, 52.90336226460839, 58.41188589417494, 65.90038372616449, 78.30505324812174, 128.59441167796032], "c": [[6.452832941270601e-06, 0.00019522230590506533, 0.0, 0.0050055], [2.385874593673846e-05, 0.00041629012199031806, 0.006983274796986799, 0.040074000000000005], [-5.811386945099398e-05, 0.0008357827372773959, 0.014321398933335696, 0.1001035], [-1.3224776840759989e-05, 0.00020546224707735516, 0.018085950925009437, 0.16005999999999998], [3.7673228560254256e-05, 7.759719471129445e-05, 0.01899821358629587, 0.22003999999999999], [-6.287240986353121e-05, 0.00042370957749634266, 0.020533419425791514, 0.28003], [3.70070198459564e-05, -0.00010987457737149447, 0.02142123536749017, 0.34008499999999997], [-0.00012387188394159693, 0.00020262097533185278, 0.021682292476947695, 0.400335], [6.6372041209039e-05, -0.0008454760753655447, 0.019869197331297668, 0.46032], [4.7673040739680375e-06, -0.00017478734176552325, 0.016432613860762106, 0.52019], [-2.9189740838000027e-05, -0.00012054898122690572, 0.015312584754299004, 0.580255], [3.9686116207256734e-05, -0.0004876961852903253, 0.012762424939460044, 0.640185], [-2.7792707884993967e-05, 0.00014375046704366977, 0.010938249021638277, 0.700075], [6.834543144822959e-06, -0.00031553989729872245, 0.00999194288576856, 0.7600450000000001], [2.8005164335349935e-06, -0.000161998512730786, 0.006415897537570851, 0.820045], [2.7966416904418435e-07, -5.778007018435004e-05, 0.0036896168485045077, 0.88005]]}}