{"cdf_smooth": {"x": [0.3276196083851723, 0.9480436464736277, 1.513767010820044, 1.9366382940432196, 2.3247683181088377, 2.6809585179386817, 3.0083411819778183, 3.3366605125865445, 3.679477550050932, 4.086686175964695, 4.578367462674313, 5.201892617541648, 5.871117971553381, 6.7122224712328835, 7.9292353604019885, 9.622959846004726, 17.759374151068656], "c": [[-0.05873078838698741, 0.12741782064840945, 0.0, 0.005001], [0.017390121636107096, 0.018103841974889442, 0.09028513755409302, 0.0400215], [-0.032095521865502345, 0.04761783633000509, 0.12746542651523088, 0.1000405], [0.010332032274663287, 0.006901012779057549, 0.15051988219783094, 0.16003], [0.009141823718396978, 0.018931528585292685, 0.16054626709925238, 0.22009499999999999], [-0.03620818526639797, 0.02870021263648731, 0.17751222652328177, 0.280095], [0.0037182409498827886, -0.006861583821120782, 0.18466181500381837, 0.340015], [-0.04422645035295149, -0.0031992726819978154, 0.18135864133136387, 0.40003500000000003], [0.021322122247247752, -0.04868401474469152, 0.1635721664418329, 0.46004999999999996], [-0.005539778751294302, -0.022636358439090332, 0.13452989527800827, 0.520025], [0.01854022711839449, -0.030807775072659346, 0.10825241494587057, 0.58004], [-0.009777838888235538, 0.003873118883158409, 0.0914579792740134, 0.640055], [0.0015742644366468477, -0.015757614191188873, 0.08350457369424591, 0.7000649999999999], [0.002240210800797877, -0.011785251487141588, 0.060338145438134, 0.7600899999999999], [-3.090043526092093e-05, -0.003606155230061, 0.0416066050808545, 0.820105], [0.000161690555493798, -0.003763165701512609, 0.0291250057767835, 0.88008]]}}