{"cdf_smooth": {"x": [0.3409089784410332, 0.8833632180613087, 1.3568245456629773, 1.6943532301019018, 2.051040813274707, 2.4307931123798387, 2.7872633758253014, 3.183188056435622, 3.571456556949514, 3.9979245445770264, 4.438377881110968, 4.985620789229199, 5.677106069270004, 6.490300345324395, 7.571516601114421, 9.251679180731491, 16.667634467678166], "c": [[-0.08671480988334775, 0.16612365497490295, 0.0, 0.0050505], [0.049563813802954874, 0.025007206197638444, 0.1036797459653194, 0.040092], [-0.13207380707452474, 0.09540685345008554, 0.16069114650803712, 0.1000465], [0.015606810037908142, -0.03832924160202852, 0.1799564777460274, 0.160075], [0.052895025625054215, -0.021628975541653023, 0.1585701261816974, 0.22009499999999999], [-0.08248356229777888, 0.038632047235363946, 0.16502708174923378, 0.28009], [0.06425437573840144, -0.049576764311264426, 0.16112561556985147, 0.34009], [-0.05281560694587114, 0.026742915264861965, 0.1520851311790503, 0.4001], [0.03546677981177132, -0.03477699427295173, 0.14896575136956922, 0.46009], [-0.03671508013421226, 0.010599344368910983, 0.1386547576694304, 0.520045], [0.012450823768315022, -0.0379144942697638, 0.12662370875767512, 0.5800350000000001], [0.005522865037881952, -0.017473619247443017, 0.09631295644133621, 0.640015], [-0.002080009140030285, -0.006016679615400897, 0.08006976055392039, 0.700085], [0.001099530335547468, -0.01109103419584123, 0.06615786560624164, 0.7601], [0.0008218049699850046, -0.007524543978256719, 0.04603039987347698, 0.820055], [0.00013612985190382333, -0.0033822461033203048, 0.027705219314672635, 0.88005]]}}