{"cdf_smooth": {"x": [0.39084542723192023, 0.9881903689786129, 1.5285119391787125, 1.9310467943380514, 2.298597283621837, 2.6627396092836872, 3.029880778831755, 3.4062198463080495, 3.8153626622296177, 4.216285399632908, 4.693284315684313, 5.2422857142857175, 5.8808739630184865, 6.657106646676663, 7.736981678625058, 9.420077883175239, 16.93901312569522], "c": [[-0.06459442653310858, 0.13675903390952004, 0.0, 0.0050125], [0.0187413442554607, 0.02100357204577763, 0.0942386946641738, 0.040042999999999995], [-0.030502078701836653, 0.05138262971309114, 0.13335052085934695, 0.10005049999999999], [-0.013453180024162553, 0.014548180216183511, 0.1598899698847654, 0.160065], [-0.0022500732097812796, -0.00028598848472759296, 0.16513204543392107, 0.22013], [0.002792411692269315, -0.0027440291592850117, 0.16402868776223384, 0.280115], [-0.027561114618939838, 0.00033159872439338794, 0.16314298523091436, 0.340105], [0.04487961861616252, -0.030785373798504045, 0.1516820399183908, 0.40008], [-0.05648760686702873, 0.024301146815804083, 0.14902906503161437, 0.46006], [0.02336780449841093, -0.04364035110766637, 0.14127553830771958, 0.520075], [-0.002394416873258039, -0.010201098858936736, 0.11559322503501387, 0.58007], [0.001773969098643282, -0.01414471349569722, 0.1022273400022325, 0.64006], [-0.0010881925003143474, -0.010746206035671233, 0.08633229128934766, 0.700035], [0.001888601621200741, -0.013280277790238392, 0.06768214927029209, 0.760065], [0.0007418732983837531, -0.007161916582142535, 0.04560713396932191, 0.820045], [0.00013894563157371053, -0.003415984183842075, 0.027803509337984752, 0.880055]]}}