{"cdf_smooth": {"x": [0.370701385479697, 0.7664203239446788, 1.18244815371765, 1.4925196553099958, 1.7539981171058314, 2.0472171390524196, 2.3274473205479453, 2.615630168477407, 2.942403998000998, 3.260350805359025, 3.6274171435100016, 4.086559074085917, 4.633792004807493, 5.280202270058714, 6.196181926579729, 7.624694378082182, 14.753977275046262], "c": [[-0.28057948946154887, 0.33457441015469347, 0.0, 0.0050315], [0.06356174960816052, 0.001482556980381241, 0.13298410629845311, 0.040037], [0.014565783959139666, 0.08081292721854923, 0.16722131798985004, 0.10019549999999999], [-0.25138197756195657, 0.09436223073078998, 0.22153814225687785, 0.16025], [0.17775330501719672, -0.1028306877174977, 0.21932382315020948, 0.220135], [-0.07629825376143486, 0.05353126301724999, 0.20486829405707346, 0.28008500000000003], [-0.06723948320514805, -0.010611957480824972, 0.21689557883720756, 0.34002], [0.11370995457234025, -0.0687437547709192, 0.19402662368102902, 0.40003500000000003], [-0.1014797137747679, 0.042728557160751884, 0.1855255379321418, 0.460065], [0.01037127504651704, -0.05406689585813009, 0.18192054934256655, 0.52011], [0.017744072448572196, -0.042646057998285136, 0.14642047951872778, 0.5801149999999999], [0.004179213194195088, -0.01820491495733614, 0.118481246318461, 0.64007], [-0.0051091241853050764, -0.011343905704227226, 0.10231115858846745, 0.70014], [0.004327015039987949, -0.021251676663700744, 0.08124103954399713, 0.760155], [0.0010603492963771651, -0.009361303413432451, 0.053200172567859985, 0.820065], [0.00023438722268563866, -0.004817136894982518, 0.03294609404440491, 0.88005]]}}