{"cdf_smooth": {"x": [0.4572959074189692, 0.8296287509133785, 1.1370246653289688, 1.3335976495002584, 1.5222002553889937, 1.6940804647407384, 1.8605600473849107, 2.0269946983240996, 2.2073587978436406, 2.408449098046024, 2.643927023247123, 2.883565587649724, 3.1806581132006637, 3.5492936132562374, 3.9992186652698907, 4.706800705660741, 7.857539591371678], "c": [[-0.27048632640290504, 0.3539970836628558, 0.0, 0.0050355], [0.2985361930742704, 0.0518642545550044, 0.15111550612310198, 0.040149], [-0.6746352806718175, 0.32717067272364764, 0.26762929418937015, 0.1001735], [0.37324183509496694, -0.07067453832303544, 0.3180495047568985, 0.1603], [-0.24739911105364615, 0.140508609853777, 0.3312203926274168, 0.220275], [0.019308590987881978, 0.012939576849768639, 0.3575950990826678, 0.2801], [-0.25725670624787095, 0.022583035357095663, 0.3635088887372976, 0.34008000000000005], [0.0647757270563149, -0.10586625496129297, 0.349647675153381, 0.40002000000000004], [-0.12715028338120452, -0.07081660791758551, 0.3177804296896975, 0.46002], [0.28748143927708847, -0.1475226738854179, 0.2738745179659586, 0.520025], [-0.2639621257346572, 0.05556392467896733, 0.252220262498735, 0.58009], [0.0946194431439673, -0.13420258992416875, 0.2333754056528382, 0.64009], [0.018984029418896438, -0.04987040193457458, 0.17868869561580664, 0.7000599999999999], [-0.016912581184124195, -0.028875840400860688, 0.14966003519498605, 0.760105], [0.015873169535976724, -0.05170402230771704, 0.11340513627457603, 0.820055], [0.0016590202130476325, -0.018009313244508142, 0.06407723206208053, 0.880035]]}}