{"cdf_smooth": {"c": [[0.0050395, 0.01064243005842491, 0.02446559880174233, 0.0400925], [0.0400925, 0.053660860920553756, 0.07712835836833694, 0.100123], [0.100123, 0.11741381172631854, 0.1385427773823914, 0.16014], [0.16014, 0.17861856773891635, 0.1992548327334769, 0.220105], [0.220105, 0.2392492752405016, 0.26050379398557566, 0.28005], [0.28005, 0.30050271694402975, 0.32077159599308286, 0.34008], [0.34008, 0.36082585008368745, 0.38193013968242023, 0.40016], [0.40016, 0.4221821534304352, 0.44008202618568837, 0.460465], [0.460465, 0.4803533946404852, 0.5015042724283859, 0.52097], [0.52097, 0.5415590837161977, 0.5629636869767978, 0.58062], [0.58062, 0.6028378092810505, 0.6225730993093791, 0.640085], [0.640085, 0.6626403393688571, 0.6832903574081669, 0.70014], [0.70014, 0.7236694180900299, 0.7437792721014543, 0.7601249999999999], [0.7601249999999999, 0.7842657772895029, 0.8055977496352553, 0.8201], [0.8201, 0.8467792952146593, 0.8724257666791768, 0.8800699999999999], [0.8800699999999999, 0.9305309066033582, 0.95502, 0.95502]], "x": [0.13277845198928465, 0.34758982032222485, 0.5341039691225201, 0.674353209917808, 0.7943503568775441, 0.9045297324243567, 1.019818990066783, 1.1436911472089555, 1.2933319893668764, 1.439341896963463, 1.5937779538660677, 1.788112459256322, 2.0384154273689608, 2.387947066025338, 2.9041654624657567, 3.853834834286341, 10.122766650505243]}}