{"cdf_smooth": {"x": [-7.836431731582977, 8.093866992229902, 12.65433253794279, 15.572069638887488, 18.117396652252626, 20.48783846076209, 22.876601371003627, 25.511935300210606, 28.0654355397516, 30.39553795186769, 32.73687876072208, 35.496662465753374, 39.15259525613064, 43.43438253476006, 48.928988018837316, 56.972860284924224, 94.05041059295671], "c": [[1.8630259042875678e-05, -0.00015856046910525998, -1.217225537060392e-17, 0.0050745], [3.231882272694462e-05, 0.0007317963064598184, 0.009131818128253099, 0.0401525], [-8.292935060998101e-05, 0.0011739629390325138, 0.01782296750574469, 0.10008299999999999], [-6.93111504948936e-06, 0.00044806480993652954, 0.022555618047673507, 0.16002], [-5.439958420399958e-05, 0.0003951389468319175, 0.024701847347547178, 0.22022000000000003], [-0.00010663396359332635, 8.28580054384277e-06, 0.02565814223531405, 0.28027], [0.0001266558896116417, -0.0007558839710675074, 0.023872307453802692, 0.340155], [5.053578767290971e-05, 0.000245457718614854, 0.022527163832356242, 0.400135], [-8.848682657507478e-05, 0.0006325871563993578, 0.024769251631032777, 0.46009999999999995], [-0.0001260550090400628, 1.4037052270125729e-05, 0.02627595225938618, 0.52013], [-1.805039989656871e-05, -0.0008713761582078924, 0.02426862922362734, 0.58011], [8.249641798457458e-05, -0.0010208217567194392, 0.019046572251316694, 0.64007], [-2.0322492216080946e-05, -0.00011601767792401187, 0.01489036368480974, 0.7000900000000001], [7.070723774067226e-06, -0.0003770674438465945, 0.01277907808313092, 0.7601249999999999], [4.328513468878999e-06, -0.00026051493097044076, 0.009275814469910246, 0.82013], [1.3694130772983988e-06, -0.00015606090263334328, 0.0059249316752627386, 0.8801399999999999]]}}