{"cdf_smooth": {"x": [0.15485291070046517, 0.5589521293130195, 0.9838992140694711, 1.2980026515604084, 1.5844265121389294, 1.9129139740656342, 2.276251410282938, 2.6527122525405176, 3.038195579427231, 3.5242811323696857, 4.051373277161943, 4.783233523934895, 5.549863048582054, 6.611815871752845, 8.311188855073542, 11.010792245507208, 27.752373409994043], "c": [[-0.27691233691665196, 0.3292688935015048, 0.0, 0.005009], [0.07570581227466962, -0.0064312834150817635, 0.13045842597466809, 0.0405045], [-0.04859354961715353, 0.0900816092606383, 0.16600538808166465, 0.1005905], [-0.13237864732352295, 0.044291406336735714, 0.20821241418682304, 0.160115], [0.04704259277450081, -0.06945780333696222, 0.20100415760116647, 0.220275], [0.017072695389332582, -0.023099097628119784, 0.17060037611934517, 0.28047500000000003], [0.016598426250816187, -0.004489649511882244, 0.16057635146504923, 0.34023000000000003], [-0.07289035806697854, 0.014256323067715564, 0.164253121617933, 0.40093], [0.05659104602857803, -0.07003773010915272, 0.14275031925317797, 0.46219], [-0.03411882951445126, 0.01248653959202686, 0.11477551698816438, 0.52153], [0.023822199919106318, -0.04146476148769383, 0.09950132385691143, 0.5805], [-0.012545755547063005, 0.01083880184672123, 0.07708740147641087, 0.64045], [0.0034197361157008617, -0.01801503798743191, 0.07158588697510208, 0.700265], [0.0008704286609401971, -0.0071202427197290235, 0.044893404666942256, 0.760065], [0.00017199987342589914, -0.0026826938687996896, 0.02823455907119062, 0.820065], [3.0531964946734105e-05, -0.0012896995444355353, 0.01751067234468445, 0.88012]]}}