{"cdf_smooth": {"x": [0.03353729674011053, 0.5641024243775916, 1.2259663720067246, 1.7315156646575334, 2.212872583939475, 2.727649074413803, 3.227967544601123, 3.785442301771822, 4.4198765560945965, 5.164438422783866, 5.882024856462774, 6.830984328985972, 8.095845121218842, 9.668485259982795, 11.965327903129957, 15.889958528354908, 43.001069796852924], "c": [[-0.14199806394672507, 0.2002524735363676, 0.0, 0.005059], [0.03435039084917639, -0.025765189230140473, 0.09257686826905082, 0.040222], [-0.026212358902885813, 0.04244066663997804, 0.10361376557612638, 0.100168], [-0.013081383295279225, 0.002685748133789064, 0.12642739264487124, 0.16000999999999999], [0.01933236006564779, -0.016204694955096362, 0.1199199540510303, 0.22003], [-0.021858006729603047, 0.013650838446444491, 0.11860528876033138, 0.280105], [0.007647315387811636, -0.019157055018453023, 0.11585042690850404, 0.340125], [-0.005850334195355876, -0.0063674991519688, 0.10162113227045773, 0.40008], [0.012961970843434874, -0.017502456390277726, 0.08647721482529479, 0.460495], [-0.013944560636831369, 0.011450511231201645, 0.08197116724055195, 0.5205299999999999], [0.004425154398386691, -0.018568771378607532, 0.07686320032737619, 0.580095], [0.0009025550758998602, -0.005970894827427252, 0.05357605162860204, 0.640095], [-0.00023453065451694503, -0.002546075242417763, 0.04280327011863422, 0.700135], [0.0002733272155404318, -0.00365257220560957, 0.03305502833581972, 0.76024], [0.0001040540325720891, -0.0017692033930517606, 0.020602062939239663, 0.8202050000000001], [8.153191773940572e-06, -0.0005440824643200325, 0.01152327041849856, 0.8801]]}}