{"cdf_smooth": {"c": [[0.0129915, 0.024972597815840013, 0.03672804234637991, 0.048044], [0.048044, 0.06601954210728303, 0.08173810135968866, 0.1000625], [0.1000625, 0.11890257084340178, 0.13963802470251474, 0.16002], [0.16002, 0.1796400178504521, 0.20101057249744492, 0.220055], [0.220055, 0.24105720244876283, 0.26123973032303416, 0.280065], [0.280065, 0.301283679933942, 0.32060888036812313, 0.340045], [0.340045, 0.3606112838973279, 0.3811460315137376, 0.40004], [0.40004, 0.4212369227009305, 0.4415186060903749, 0.46018000000000003], [0.46018000000000003, 0.4817061867424694, 0.5016588992669623, 0.5203949999999999], [0.5203949999999999, 0.5417439134482236, 0.5623793405098552, 0.5802799999999999], [0.5802799999999999, 0.6030426605552285, 0.6232393293205177, 0.6416999999999999], [0.6416999999999999, 0.6639408774112029, 0.684431352619767, 0.702105], [0.702105, 0.7242122840995914, 0.7442387534777516, 0.76071], [0.76071, 0.7841954089755403, 0.8051944301299072, 0.820605], [0.820605, 0.8458968544533828, 0.8720996427087987, 0.88043], [0.88043, 0.9287154703984088, 0.9550799999999999, 0.9550799999999999]], "x": [0.0, 0.24219677084646365, 0.6269294099974965, 1.0224889216438353, 1.4032608814830192, 1.8231763547248276, 2.296479111015743, 2.797303300186819, 3.359172112042529, 4.00729588175392, 4.745802706650861, 5.684895491590079, 6.816287079155312, 8.23150119518248, 10.249374114391188, 13.561110708707147, 32.75701716293195]}}