{"cdf_smooth": {"x": [0.4579081643835616, 0.9158163287671234, 1.3228458082191785, 1.7298752876712322, 2.2895408219178095, 2.900085041095891, 3.765022684931508, 5.189625863013693, 7.9370748493150725, 24.370890082191785], "c": [[-0.722604718766379, 0.807804064515961, 0.0, 0.05], [0.2153100390491072, -0.18485573651967674, 0.28525312537858755, 0.15000000000000002], [-0.1682339879352868, 0.07805686282520236, 0.2417828354126599, 0.25], [0.09020168190884104, -0.12737171478112566, 0.22171023689178515, 0.35], [-0.03973303026145119, 0.024076602705228076, 0.16389952280676803, 0.45], [0.011858384978350584, -0.048699713104442134, 0.14886602509434405, 0.55], [0.002217951850202116, -0.017929422415831505, 0.09123597760663459, 0.6499999999999999], [0.0007894182772683512, -0.00845031865193793, 0.053655314644505146, 0.75], [4.787036082416979e-05, -0.0019436593149917915, 0.025098390415625206, 0.8500000000000001]]}}