{"cdf_smooth": {"x": [6.234073971110137, 9.020126025856436, 10.923274882638903, 12.513653273819173, 14.425090720043839, 16.396092624263016, 18.799028883024665, 22.086523112547926, 27.954045581786296, 45.71625530847124], "c": [[-0.002675757402180825, 0.02033793408802345, 4.3752083054428285e-17, 0.05], [0.0014866063105920915, -0.0020264641370220725, 0.05101670848241256, 0.15000000000000002], [-0.0027100065168264987, 0.006461235164444759, 0.05945673789334404, 0.25], [0.0014330687304258752, -0.006468572248510949, 0.059445069153390886, 0.35], [-0.0008072184184252939, 0.0017490914545380048, 0.05042407683705292, 0.45], [0.00016816168996764793, -0.003023995664973142, 0.04791123821058822, 0.55], [7.695824055389008e-06, -0.001811750198499456, 0.03629124913709326, 0.6499999999999999], [7.550799809667904e-05, -0.0017358502669789003, 0.024628533078179117, 0.75], [2.5265580001630693e-06, -0.0004067156406604827, 0.012056979473280932, 0.8500000000000001]]}}