{"cdf_smooth": {"x": [0.049214059711755735, 0.17923477714500302, 0.38225430506044744, 0.5868867488599684, 0.7746305394630391, 0.9439910656005289, 1.1198507321907574, 1.307379159541117, 1.5205265303413524, 1.7487712301281337, 2.020709317446093, 2.3869298815942863, 2.8122377621457084, 3.405527395705172, 4.341404982665454, 6.087024891350975, 16.578928850466514], "c": [[-10.326435080742117, 3.429086027393752, 0.0, 0.005068], [1.194069676034395, -0.598865465784076, 0.3679873079148181, 0.04034], [-0.15113222272785826, 0.12839291999587593, 0.2724721937717204, 0.100357], [0.20685698166177727, 0.03561325177491036, 0.30603317749938047, 0.160195], [-0.4678141403013858, 0.15212159332458547, 0.34127922894664026, 0.220275], [0.10788414317171172, -0.08556615348341531, 0.3525510932554529, 0.280165], [-0.17425966318117608, -0.028648745137765795, 0.33246529926429513, 0.340105], [0.1704178185870008, -0.12668466689867308, 0.30333586879013624, 0.40029499999999996], [-0.11918615648463325, -0.017712336990680054, 0.27255802705968907, 0.460845], [-0.0071964128493571524, -0.09932316250740607, 0.24584529461235238, 0.520715], [0.09126249218927489, -0.10519409874481925, 0.1902292617639147, 0.58008], [-0.03655840500233034, -0.004927494619440373, 0.14990046971715765, 0.64012], [0.016261128765312955, -0.05157322786308552, 0.12587026718849056, 0.70017], [0.0038594085509836085, -0.02263055048377824, 0.08184593472435214, 0.7600899999999999], [0.0017519594567721945, -0.01179474859841296, 0.04962806888892502, 0.82003], [9.239272276129537e-05, -0.0026199826775587243, 0.024465426995237006, 0.8800399999999999]]}}