{"cdf_smooth": {"x": [3.452148928085949, 5.40677876017362, 7.024166355852922, 8.099433465029556, 8.998881754884628, 9.804905964692743, 10.574962908113596, 11.345222181691177, 12.136022424725919, 13.013405150684912, 13.963274764483707, 14.893503863110078, 16.077894611330162, 17.55281563578683, 19.413629238962454, 22.08421438698518, 32.78454078300073], "c": [[-0.0016629535082560746, 0.012440822407577157, -8.580372351616676e-18, 0.0050135], [0.0012144473638743653, 0.0026894467977406325, 0.029574075556231563, 0.040125999999999995], [-0.0011445153919199878, 0.008582143103548105, 0.047804605246160065, 0.10013249999999999], [4.995224741384383e-05, 0.004890163832914204, 0.062290933779670196, 0.16003499999999998], [-0.0012237449707162684, 0.005024952223446659, 0.0712090679602785, 0.220055], [-0.0010866677047711257, 0.0020658480043619616, 0.07692442461080513, 0.280075], [5.54177535386067e-05, -0.0004445400293887371, 0.07817292407435691, 0.34004], [-0.0022297461646391906, -0.00031648191363691457, 0.07758673986534538, 0.400015], [0.0005951144098063411, -0.005606333340344289, 0.07290297612304716, 0.46007], [0.002958917274985395, -0.0040399040309441634, 0.06443953408297856, 0.52012], [-0.005105767348385396, 0.004391852796814693, 0.064773839521293, 0.58022], [0.001989416772252855, -0.009856747278038792, 0.059690235653935636, 0.640165], [3.444813765556173e-05, -0.00278800681980842, 0.044713905886927474, 0.70034], [7.404914372228061e-05, -0.0026355819723637357, 0.03671454074934524, 0.760335], [0.00010264899206599944, -0.002222207010537965, 0.02767510092860509, 0.8200050000000001], [3.480328303336912e-05, -0.0013998083895250808, 0.018002200395287122, 0.88002]]}}