{"cdf_smooth": {"x": [3.5507785786015598, 6.167494998000359, 8.24695967012113, 9.984963314578845, 11.352796412274378, 12.628781726013678, 13.902053957648798, 15.11364394520548, 16.3798960518127, 17.629619161665726, 18.97866132264528, 20.45306182895224, 22.172966458641966, 24.12020815890415, 26.686375910156713, 30.500596777760528, 46.308247662221206], "c": [[-0.0003762321052661995, 0.0060967978098681085, 2.0021192945289616e-17, 0.0051195], [-0.00043601709046468264, 0.003143319627802978, 0.02417876701632713, 0.0401245], [0.0007254535006618901, 0.00042327321961641864, 0.03159537084237435, 0.100075], [-0.0008052533279588468, 0.0042057957037213494, 0.039640709501581314, 0.16007500000000002], [-0.0004392178761287217, 0.0009014392416865945, 0.04662655449761753, 0.220105], [0.000779227717504172, -0.0007798674367294682, 0.04678167833530763, 0.280155], [-0.0012006397214556995, 0.0021966396077259804, 0.04858561499919087, 0.340065], [0.0009622861185475421, -0.002167409587809743, 0.04862102979865748, 0.40002000000000004], [-0.000987232499744841, 0.0014880808864994044, 0.04776082839954449, 0.460065], [0.0003254545260421081, -0.0022132209226879266, 0.04685460413844007, 0.52015], [-0.0003245028546577375, -0.0008960652913506648, 0.04266004594514952, 0.58013], [0.0003399585146090986, -0.0023314068109669328, 0.03790145944340086, 0.6400399999999999], [-0.00024686719275619605, -0.0005773181414310358, 0.032898729931277564, 0.70006], [0.00010774486209773678, -0.002019448417915639, 0.027842197801071406, 0.7601100000000001], [4.468152825897127e-05, -0.001189974246480539, 0.01960628085955886, 0.8200799999999999], [1.1977009386559715e-05, -0.000678698594035143, 0.01247874991653944, 0.88003]]}}