{"cdf_smooth": {"x": [4.0401997072695455, 6.821937509579999, 8.898683607282324, 10.610093342068557, 12.107724082397443, 13.328086139793932, 14.655110308002216, 15.828030927002256, 17.01864199774536, 18.209573089049115, 19.451924835197985, 20.852743259300897, 22.412713040029026, 24.236719460374996, 26.673257148337512, 30.37747924383557, 44.83675462736016], "c": [[-0.0002335408798610303, 0.0051810793914300705, -6.682467261245172e-18, 0.0050755], [-0.0002883949687135881, 0.0032321309097472625, 0.02340334513357267, 0.040139999999999995], [-0.00017362443238601536, 0.0014353615321284774, 0.033096541848293214, 0.1000995], [0.001226710503605865, 0.0005439339007820036, 0.036483927320194134, 0.160075], [-0.00306643130071484, 0.006055411979835416, 0.04636731057706958, 0.220055], [0.002648182697166443, -0.0051710572531806324, 0.0474465435307583, 0.28008500000000003], [-0.002074795102597552, 0.005371550069732035, 0.04771260234387408, 0.34013000000000004], [0.0007170854974633568, -0.0019291597983788415, 0.05175025287178934, 0.400135], [-0.0004135280780590842, 0.0006321499974687222, 0.05020601864396347, 0.460225], [-0.0004607572441072377, -0.0008453003383942231, 0.04995217127583329, 0.520215], [0.00033662878923476565, -0.0025625680386963203, 0.04571840004690932, 0.580085], [-0.00010211698809490875, -0.001147900608565786, 0.04052070720376837, 0.6400250000000001], [-9.866212033558827e-05, -0.0016257988551469048, 0.0361938198595548, 0.700055], [0.00010229764797383315, -0.0021656798779580953, 0.029278138307766093, 0.760065], [6.574715863451146e-05, -0.0014179236539235923, 0.02054655324362077, 0.820025], [1.1363461289416012e-05, -0.0006872974207330738, 0.01274834682296939, 0.88002]]}}