{"cdf_smooth": {"x": [9.889441935687913, 14.131032595901095, 17.639321561550307, 21.24626534027276, 24.938010910260754, 28.681130193450972, 39.039628327398674], "c": [[-0.0005561103320903503, 0.010358790688107538, 1.582285603460416e-17, 0.04213351], [-0.0004216843425117862, 0.0032824135161800896, 0.05786040434696724, 0.18606221], [-0.00018267907298191475, -0.001155758061283354, 0.06532132621311922, 0.41124499999999997], [0.00011103520812216318, -0.003132497498668064, 0.04985382949958048, 0.6232464], [5.240492999523977e-05, -0.0019027562855749832, 0.03126495364783591, 0.7701880000000001], [2.4867682016486554e-05, -0.0013142825735767386, 0.01922319345937284, 0.8633054]]}}