{"cdf_smooth": {"x": [3.502999762795465, 5.77301649170404, 7.6222331316789935, 8.882560154681787, 9.932627008953368, 10.944101378548938, 11.863466860624204, 12.770968301374424, 13.837815358904107, 15.010656323287671, 16.115337266619946, 17.359091992167002, 18.92802537774562, 20.795402800964254, 23.317506385942238, 26.952255171547094, 42.69671903265046], "c": [[-0.0009558403981860816, 0.008968951556160164, 0.0, 0.0050185], [0.000569484074648798, 0.0024596304740130536, 0.02594307239619712, 0.0400545], [-0.0002028192754485714, 0.005618928755136965, 0.040882078549764514, 0.10004099999999999], [-0.0018107934342561256, 0.00485207291423591, 0.05407896491158252, 0.16008499999999998], [0.0017918496194391463, -0.0008522895814989828, 0.05827900481355748, 0.220125], [-0.0011853305086265266, 0.00458494031119786, 0.06205448535730007, 0.280055], [-0.003098982448898162, 0.0013156844477519674, 0.06747931608335726, 0.34006000000000003], [0.0014007886453262924, -0.007121308663952287, 0.062210703742701164, 0.400065], [0.0017831567956696733, -0.002638026930490268, 0.051798985280325435, 0.46003000000000005], [-0.0021857659065120574, 0.0036360510771506795, 0.05296950888297275, 0.52003], [-0.00016854042898922035, -0.0036076707533771327, 0.053000860085811, 0.5800350000000001], [0.0006694924215176724, -0.004236539618380384, 0.043244586367752406, 0.64005], [-0.00021608299723142828, -0.0010853725838475127, 0.0348948606385588, 0.700055], [0.0001614776923902022, -0.00229589811556168, 0.028580752072691423, 0.760025], [2.645084192252548e-05, -0.001074107714947782, 0.020081248286166815, 0.820095], [1.5354877769633704e-05, -0.0007856812182794068, 0.013321382719637946, 0.880165]]}}