{"cdf_smooth": {"x": [3.959221652117937, 6.570051578057153, 8.512916824269064, 10.17552741785628, 11.600375807391728, 12.868236122205847, 14.059484481967012, 15.246727348654444, 16.393998372304562, 17.565874696614433, 18.67473624309238, 19.93567220939466, 21.505480163553482, 23.332324075153846, 25.559007943287, 28.89841425351139, 41.52770837375407], "c": [[-0.00021758540653370122, 0.005717252626872267, 7.142949226598489e-18, 0.0050115], [-0.0006001324340839923, 0.00401301715439476, 0.025404079532393976, 0.0401105], [0.0003608101584701999, 0.0005150878064757224, 0.034201577292068956, 0.100214], [-8.304949660253955e-05, 0.002314748181715025, 0.03890649258414926, 0.16016000000000002], [-0.0001104748298322669, 0.001959749357257442, 0.044997003518627426, 0.220055], [-0.0006373725000652786, 0.0015395493996669225, 0.049433625542210195, 0.28003], [0.0007276007013784025, -0.0007382574361119535, 0.050388163279484824, 0.340025], [-0.0011303605257532703, 0.0018532587914129154, 0.05171194068491268, 0.40002499999999996], [0.0015286236228147705, -0.002037230841010983, 0.051500874883247276, 0.46008499999999997], [-0.0021702758629669867, 0.003336842656061277, 0.053023859200098056, 0.5201], [3.344639699193515e-05, -0.0038827636930187153, 0.052418508354802586, 0.58004], [0.0005545761357725334, -0.003756242398287634, 0.04278621082747219, 0.6400300000000001], [-4.9164870167096655e-05, -0.0011445083109204639, 0.03509297338280781, 0.7000850000000001], [-7.047394131053378e-05, -0.0014139579421086133, 0.03041905488542665, 0.7600750000000001], [0.00010672927150781414, -0.0018847275068283914, 0.02307392521023303, 0.82002], [1.3670576750628228e-05, -0.0008154902985518489, 0.014056800831965992, 0.8800300000000001]]}}