{"cdf_smooth": {"x": [0.8419259703112033, 1.1363700920896507, 1.3785131809285718, 1.5542060802456017, 1.70573303229077, 1.8526928890846959, 2.002223527671233, 2.1561261504612617, 2.3167609312054287, 2.485307759026464, 2.681978795123487, 2.9113100707070263, 3.18478844107853, 3.5283115265753486, 3.9983811834100673, 4.67672486345898, 7.585305457927593], "c": [[-0.41574992954925377, 0.5261587631964133, 0.0, 0.0050095], [0.130224453607127, 0.15891339453967, 0.20171546983946673, 0.040013], [-0.14928970411211245, 0.25351224885604007, 0.3015814890476837, 0.10002349999999999], [-0.3262472871332021, 0.17482482599512308, 0.3768372716132604, 0.160025], [-0.1374610856788732, 0.026519054898225657, 0.407346296197975, 0.220005], [0.0067650601215835365, -0.03408472950008633, 0.40623444574193585, 0.280005], [-0.07575179452224463, -0.03104997821991392, 0.39649481130241643, 0.34001000000000003], [0.10078031365690232, -0.06602517779398709, 0.38155469018412563, 0.40002000000000004], [-0.32446844807558567, -0.0174587070311713, 0.3681442746495649, 0.460025], [0.15890472541545458, -0.18152308998463457, 0.3346065239684218, 0.520025], [0.0021505387109554196, -0.0877672190201237, 0.2816449198855685, 0.58002], [0.01691253560549716, -0.086287661662799, 0.24172869207701328, 0.64002], [0.009991530303573649, -0.07241202363407485, 0.1983277607635538, 0.7000200000000001], [0.02142912454569669, -0.06211505967791928, 0.15211460202133004, 0.7600100000000001], [0.004702330426080052, -0.03189551601352697, 0.10792308296721752, 0.8200149999999999], [0.0023141691428413304, -0.022326127635427583, 0.07114217367608491, 0.880015]]}}