{"cdf_smooth": {"x": [0.9037422424310353, 1.2023394762692587, 1.428216888679158, 1.5962644911226116, 1.739623185181632, 1.8573496778970746, 1.9865713130003442, 2.111913956070305, 2.2494250370909725, 2.420192313236832, 2.5859484843527674, 2.752869939327787, 2.959081840833234, 3.251398254348388, 3.6208448814194423, 4.11743295075898, 5.985954326327954], "c": [[-0.2652284221493654, 0.4717590468634504, 0.0, 0.005011], [0.043750374125793835, 0.23416962729621932, 0.2107883493911619, 0.040012], [-0.36059780045093387, 0.2638162911947165, 0.32327212007646167, 0.100076], [1.2265526040311703, 0.08202350375823064, 0.38138966844783984, 0.16014], [-3.1036571278778586, 0.6095344422840258, 0.48053051245859657, 0.220115], [1.9166407711981792, -0.48661356248501164, 0.49500155651883143, 0.28007], [-1.190468952059272, 0.2564008005944467, 0.46525308700569334, 0.340045], [-0.5341955275920149, -0.19124877423706255, 0.47341941419069195, 0.400045], [1.0855432643553198, -0.4116221876638153, 0.39051797650373277, 0.46014], [-0.27557842592769255, 0.14450361151351465, 0.3449028648465853, 0.52023], [-0.4503455346177945, 0.007467137341722316, 0.3700929542984508, 0.580115], [0.0271582954545565, -0.2180498582979932, 0.33494218012383137, 0.640005], [0.18545595827265302, -0.20124876705599998, 0.24847781329096433, 0.70004], [-0.012294218442124706, -0.03861330529416539, 0.1783621925632514, 0.76011], [0.007535682006346599, -0.052239477901918595, 0.14479693825144044, 0.8201149999999999], [0.005229924603073401, -0.04101308856585348, 0.09848882630825256, 0.8800600000000001]]}}