{"cdf_smooth": {"x": [0.9418008919682421, 1.3226992571301448, 1.60115075576603, 1.7854151404469358, 1.958566813436616, 2.132364994165694, 2.315973721647672, 2.517752468217536, 2.7496824357384146, 2.9969498453454126, 3.2721191337751856, 3.6000385753424595, 3.97792341917809, 4.440444931506839, 5.010013392288504, 5.817876909589044, 9.299146115169567], "c": [[-0.1486350481928871, 0.29786202121052247, 0.0, 0.005014], [0.22721937573292184, 0.1280174806232286, 0.1622168060044413, 0.040014999999999995], [-0.5688109106594925, 0.31782620769905634, 0.2863626491751319, 0.100016], [0.011649921481436927, 0.0033914303416839723, 0.345551619597363, 0.16001500000000002], [-0.13766671776274414, 0.009443040525812017, 0.34777392970000715, 0.22001], [-0.012118419941826386, -0.06233563475651294, 0.3385812930486699, 0.280015], [-0.07639257215572, -0.06901077775034377, 0.31446494538896264, 0.340005], [0.1518260747114164, -0.11525397012083116, 0.2772842355265049, 0.40002], [-0.05453127846526532, -0.009614920390906867, 0.24832339780574927, 0.460025], [-0.02324445785819157, -0.05006634429689875, 0.2335661660843259, 0.520015], [0.0457414641983881, -0.06925482708322137, 0.20073264426105109, 0.5800099999999999], [-0.0148737280000087, -0.02425628089400684, 0.17006853395282137, 0.64], [0.015785958916874218, -0.041117950041617904, 0.14536460290483846, 0.7], [-0.003589579355231734, -0.01921391326624165, 0.117459818246076, 0.76], [0.00409774233776207, -0.025347446830880617, 0.0920790729652206, 0.8200050000000001], [0.0013253931195640193, -0.015416197216953224, 0.05914761210675033, 0.88001]]}}