{"cdf_smooth": {"x": [0.623230636873393, 0.9924609120361306, 1.2593907245030436, 1.4296282406621992, 1.5831781017018816, 1.7179653373313337, 1.844171801672123, 1.9715122157774205, 2.119910301534411, 2.264204043050879, 2.4311056031227753, 2.622268244308577, 2.841025438849975, 3.1007601445230577, 3.444144984436493, 4.015983269916278, 6.582811638939438], "c": [[-0.17209646958342406, 0.320399708488985, 0.0, 0.005035], [0.3344313988206469, 0.12977002803251486, 0.16621629568577057, 0.0400525], [-0.7538960170246147, 0.3975791597432422, 0.3069815154833324, 0.10002749999999999], [0.5278880071090942, 0.01255500360158783, 0.37680173674317, 0.16009], [-0.3987737658143097, 0.2557263940099402, 0.41799630806595145, 0.220155], [-0.08755629079840437, 0.09447755340296618, 0.46519933004425945, 0.280165], [-1.3279552625385447, 0.06132704372558409, 0.48486287737589495, 0.340205], [1.5536811850172223, -0.4459800754093203, 0.43588100103443, 0.4002], [-1.263983643284517, 0.24570986579030527, 0.4061612852928169, 0.46014], [0.4184338715356335, -0.30144492152511365, 0.39811906556721255, 0.520065], [-0.017192896615422757, -0.09193312368645194, 0.33246365612336937, 0.58006], [0.022805422717857942, -0.10179304226636757, 0.29543045057302947, 0.640135], [-0.011921977912446717, -0.08682649138409981, 0.25416857055594644, 0.70013], [0.00820425796102461, -0.09611614565649094, 0.20665201856915105, 0.7600800000000001], [0.035520206988682586, -0.08766449223682662, 0.14354453364696537, 0.8200400000000001], [0.002989394167884949, -0.02672904944394061, 0.07812992690227508, 0.8801000000000001]]}}