{"cdf_smooth": {"x": [1.2027110953172462, 1.6170304898026027, 1.955343509606439, 2.1891747386487594, 2.3961913814193774, 2.5947065664457707, 2.8202446586767507, 3.076259954550847, 3.356623532044925, 3.654341445321959, 3.9798541583414586, 4.358508767123285, 4.803335666193466, 5.343598722861948, 5.9929537332819, 6.962373644922558, 11.764204807305937], "c": [[-0.16058569761860386, 0.270456556320398, 0.0, 0.005019], [0.10419589294489084, 0.07085524931935297, 0.14141210064336512, 0.040024500000000005], [-0.17909709811733104, 0.1766077308993818, 0.22513204877082268, 0.1000105], [0.021754577557277145, 0.0509722471873159, 0.2783473547522596, 0.16002], [-0.32302590576422263, 0.06448292601971742, 0.30224849710007984, 0.22002], [0.10251867664962099, -0.12789371633359198, 0.2896604923282513, 0.28003500000000003], [0.026093866954004244, -0.0585281160847918, 0.24761526789440566, 0.340035], [0.026154507402197182, -0.03848682887860577, 0.2227779580553923, 0.40003], [-0.011170097959978366, -0.016488515089978957, 0.2073648739463922, 0.46004], [-0.015888775581400026, -0.026465129857213738, 0.19457680440507147, 0.52002], [0.014243432737222079, -0.04198112519539267, 0.17229667822687303, 0.580005], [-0.0012492601589208373, -0.025801100842923766, 0.14663062594397308, 0.64], [0.010148102344502027, -0.0274682144107978, 0.12293500162406822, 0.70001], [-0.006150274038597995, -0.01102028003472202, 0.10214108996836378, 0.7600100000000001], [0.004407203688902827, -0.023001413821980152, 0.08004893259954055, 0.8200050000000001], [0.0007217675219117352, -0.010184120789944469, 0.04787821456830057, 0.880005]]}}