{"cdf_smooth": {"x": [0.2546850607541986, 0.701062759665005, 0.858826086992261, 0.9602124882191782, 1.0449995090221067, 1.1254407953837058, 1.2033642237176518, 1.2810741041095892, 1.3614534993026275, 1.4476501270759718, 1.5423032301369888, 1.6487898191780805, 1.7716954763247208, 1.9243581592365868, 2.122992123287673, 2.4203477900060695, 3.6680874501791894], "c": [[0.538829324101141, -0.06485030627839691, 0.0, 0.0050005], [0.5027584312132999, 0.656713875115401, 0.2641946979265992, 0.0400035], [-0.7672141068120515, 0.8946644039655224, 0.5089452971776387, 0.10000300000000001], [-2.0861323380446395, 0.6613091721849275, 0.6666998584677095, 0.16], [0.24506081896835333, 0.13067833435456125, 0.7338501196603332, 0.22001], [-0.7516558185004037, 0.18981735689848478, 0.7596312053380782, 0.280015], [-0.7582606523296844, 0.014102561984341351, 0.7755213445230092, 0.340005], [-0.6777179939648421, -0.1626704718110106, 0.7639761500202982, 0.4], [-0.06708227772408916, -0.32609415921000745, 0.72468954458708, 0.460005], [-0.07024144468362642, -0.34344095757952203, 0.6669778753439902, 0.520005], [0.18277819186967445, -0.36338666968790245, 0.6000744470938726, 0.5800000000000001], [-0.21149705655629206, -0.30499639107800813, 0.5289006147800666, 0.64], [0.3065917681222211, -0.38297894523990195, 0.44434455396923295, 0.700005], [0.03476794941813338, -0.24256357959921016, 0.34884755385183164, 0.760005], [0.12642979414043634, -0.22184529275465661, 0.25660017859568834, 0.8200000000000001], [0.024399071943660637, -0.10906144556555966, 0.15820318480087056, 0.88001]]}}