{"cdf_smooth": {"x": [0.8239670312023607, 1.1444931566578327, 1.40699344508058, 1.5834681715068495, 1.7346766910456233, 1.8795390826998155, 2.01114588694526, 2.150668084569378, 2.29826098060536, 2.450362542971383, 2.6184863709125383, 2.8101344390966307, 3.032093604169432, 3.352963664998762, 3.7386860261172354, 4.304111435020602, 6.908561770528148], "c": [[-0.36088547373410224, 0.457302830179479, 0.0, 0.0050995], [0.2535179563937256, 0.1102831622920162, 0.18192613902968702, 0.0401975], [-0.2332159172666434, 0.3099287723131116, 0.29223189306221375, 0.100138], [-0.47783449105852244, 0.18645862671946756, 0.379831723507935, 0.16008], [0.7128142092006545, -0.030299311213103725, 0.4034443424178411, 0.22012500000000002], [-1.1920867705960434, 0.27948060223659216, 0.4395413401909829, 0.2801], [0.2851337359152141, -0.19117958854765837, 0.45116235441421654, 0.34007], [0.14384356823951697, -0.07183213219266239, 0.4144663811356262, 0.40007000000000004], [-0.2947851168552359, -0.00814126575480413, 0.4026628757267217, 0.46014], [0.0254732951281959, -0.14265309626260012, 0.3797268176678868, 0.52016], [0.10831963197582911, -0.1298050926009179, 0.33392010400223776, 0.58009], [-0.22274302861737907, -0.06752734795717849, 0.2961017229792262, 0.64008], [0.22535504414466614, -0.21584691793028069, 0.2332042075197279, 0.70004], [-0.06111579964481495, 0.0010821422384058692, 0.16429262087947846, 0.7600899999999999], [0.023598313531615126, -0.0696390493835194, 0.13784868878448553, 0.8201149999999999], [0.0035629201274318453, -0.029609791149389362, 0.08173087254298057, 0.88006]]}}