{"cdf_smooth": {"x": [0.6372077878356165, 0.9766547855435287, 1.1934740687527008, 1.3407814328872163, 1.4604319963111172, 1.5690849041095891, 1.6731049056121228, 1.7791607342465747, 1.8903674099978778, 2.006243623252277, 2.1330071618200606, 2.2763861428959644, 2.4442156109589055, 2.6528094246575322, 2.9135292337121896, 3.2989685917808256, 4.890950682800371], "c": [[-0.0006359976288329475, 0.30397569213213704, 0.0, 0.005], [0.10287942526598581, 0.3033280296751665, 0.20614742506433048, 0.040000499999999994], [0.026577430690794112, 0.37024675940459406, 0.3521914280203735, 0.1000055], [-0.5062100830645484, 0.3819919131861802, 0.4630017240797673, 0.160005], [-0.18383881217183512, 0.2002869482375847, 0.532671717918948, 0.220005], [-0.6950753608321181, 0.14036308371152548, 0.5696843344318611, 0.28001], [-0.22338741689977748, -0.07654213652286805, 0.5763229894543184, 0.340005], [0.2787476499408967, -0.1476167493403126, 0.5525496330683229, 0.4], [-0.44210317397160587, -0.054620950770062945, 0.5300594507274585, 0.460005], [0.008463978616438066, -0.20830867577280476, 0.49959216125127776, 0.520005], [0.03349947542609466, -0.20508990413346026, 0.447188294423463, 0.5800050000000001], [-0.034273001539679104, -0.19068054217394795, 0.39044313109195106, 0.640005], [0.17170731842575224, -0.2079366010259227, 0.32354342798794766, 0.7], [-0.042055400119783204, -0.10048534785474696, 0.25920851744256596, 0.76], [0.059596014881015735, -0.13337937552158746, 0.1982353514192676, 0.8200050000000001], [0.010953853645124207, -0.06446742636402478, 0.12197740710454466, 0.88001]]}}