{"cdf_smooth": {"x": [4.355502712640658, 14.877327445311721, 19.898343016529488, 23.47392069214131, 26.416873129923264, 29.034042665477717, 31.854058676648393, 34.72947985397056, 37.33816450955825, 39.88241429525324, 43.345859242341675, 47.834795610624695, 52.22063144380116, 56.41704446315149, 63.04052320625761, 73.70747598208033, 117.4801668877925], "c": [[1.8438707514812757e-05, 0.00012404627752772733, 1.1055761617125296e-17, 0.005007], [-1.2978965805925066e-05, 0.0007060728238312611, 0.008734367691741697, 0.0402185], [4.990909421505456e-06, 0.0005105700556017044, 0.014843150533985829, 0.1002315], [1.679373415315871e-05, 0.0005641062085273055, 0.018685738992515452, 0.16005999999999998], [-0.0001796192194678572, 0.000712375691123803, 0.02244236451087823, 0.22036499999999998], [8.184520624703751e-05, -0.0006979061564502271, 0.022480233736219546, 0.28076], [5.694986359407843e-05, -5.491780287587004e-06, 0.02049664029239448, 0.34043999999999996], [-1.958510981464391e-05, 0.0004857727511844815, 0.021877650367176253, 0.400685], [-0.00023288722359654266, 0.0003324986248301019, 0.024012262349892108, 0.460715], [9.526825791382369e-05, -0.0014450711813497198, 0.02118159986139695, 0.520125], [4.116561151695871e-05, -0.0004552020818810687, 0.014600108029773027, 0.58011], [1.3077883410261696e-05, 9.916735010218777e-05, 0.01300189077391893, 0.6402], [-7.916365486153875e-05, 0.0002712396991506773, 0.014626435283393304, 0.7002349999999999], [2.9087000572685306e-05, -0.0007253704766102758, 0.012720714976374163, 0.76054], [1.8897011113074768e-06, -0.0001473990866285875, 0.00693994432663155, 0.821425], [5.514232870092675e-07, -8.692702908437803e-05, 0.00444039871617938, 0.8809750000000001]]}}