{"cdf_smooth": {"x": [2.409576845603111, 12.311550513322695, 17.053112926135558, 19.65679712436306, 22.411524805351377, 25.117829667685616, 27.76287499742767, 30.200195482179616, 32.50571461494499, 35.1841878669276, 38.16280445951795, 41.303992857703136, 45.291977762679544, 50.39291884087103, 57.11056581298392, 66.66570352837965, 108.58240006337444], "c": [[6.861308794623747e-06, 0.00028966101137800057, 5.853677163592016e-18, 0.0050005], [0.00011459084279668021, 0.0004934825084093711, 0.0077546665109798, 0.040063], [-0.0003932870257807631, 0.0021235014075812277, 0.02016325908197665, 0.1001425], [0.00015908515340324052, -0.0009484842355985655, 0.023222632725313875, 0.160095], [-5.720948684696207e-05, 0.00036622459154397495, 0.021618665966314284, 0.22019500000000003], [7.737459955762246e-05, -9.825434573277051e-05, 0.02234387514551406, 0.28025], [8.687942880449585e-06, 0.0005157236238688878, 0.023448100309958766, 0.34009500000000004], [-0.0002600587841400239, 0.000579249527327509, 0.026116900801623138, 0.400435], [0.00012274970542559997, -0.0012194619801080713, 0.024640878742702904, 0.46053999999999995], [2.521681785415836e-05, -0.00023311657209443124, 0.020750185944224883, 0.52015], [-8.5322070965378e-05, -7.782875876249419e-06, 0.02003263885135353, 0.5805549999999999], [4.4439030573440405e-05, -0.000811820974152986, 0.01745810874653379, 0.64076], [2.0358371275137345e-06, -0.00028015442479698585, 0.013103327338915697, 0.70029], [4.421127298356173e-06, -0.0002490003691002603, 0.010404139914003288, 0.76011], [1.6366024896293342e-06, -0.0001599016518728765, 0.007657280490922254, 0.820105], [8.389943910204122e-07, -0.00011298776535157321, 0.005049784528268555, 0.8801]]}}