{"cdf_smooth": {"x": [2.0336771152175337, 3.270423424872329, 4.222209717626301, 5.172594721242736, 6.247924304284932, 7.548003861106852, 9.193605973150685, 11.446330365830125, 15.377443752854793, 32.061814161073976], "c": [[-0.03227002897564791, 0.10528891152951211, 0.0, 0.05], [0.007124061405932916, -0.01444060621474558, 0.11235630633642978, 0.15000000000000002], [-0.005110992135457125, 0.0059011457699680294, 0.10422856493757579, 0.25], [0.0006252198425527908, -0.008671085067451885, 0.10159605616831924, 0.35], [0.0002679411171030845, -0.006654132889645815, 0.08511639593248252, 0.45], [0.00030470977184297095, -0.005609098583312596, 0.06917321939391415, 0.55], [8.861319430804393e-05, -0.004104805450997043, 0.0531879983988631, 0.6499999999999999], [0.00020559931165755926, -0.003505942138004134, 0.03604308165859394, 0.75], [2.163710963766163e-05, -0.0010812395187438715, 0.01801035043903787, 0.8500000000000001]]}}