{"cdf_smooth": {"x": [1.5598439667254793, 2.6710697586575343, 3.5941399412613713, 4.559480448851506, 5.556082355112332, 6.777009660361644, 8.467570995254798, 10.80341890099725, 15.039902801950687, 34.180577061238374], "c": [[-0.04692107025796791, 0.13312318558030745, 0.0, 0.05], [0.009149880101693925, -0.02329652478682237, 0.12204221811549351, 0.15000000000000002], [-0.0008612022899318283, 0.0020414197019991472, 0.10242226438358197, 0.25], [-0.0031855191828826786, -0.0004526406651026338, 0.10395597714550828, 0.35], [0.0003513609177797872, -0.00997672413537668, 0.09356205230426114, 0.45], [0.0010744960119613868, -0.008689765719832286, 0.07077162514687725, 0.55], [-4.09476335138128e-05, -0.0032402614828758508, 0.05060318243375535, 0.6499999999999999], [0.00020905126927240093, -0.0035272038148408953, 0.034795412790898955, 0.75], [1.5603558817787674e-05, -0.0008702768046016693, 0.01616555694187578, 0.8500000000000001]]}}