{"cdf_smooth": {"x": [3.9443866556679446, 6.408626426896437, 8.467757583100276, 10.460413924329858, 12.796905723912332, 15.591209961172606, 19.137991207495894, 24.178279196021897, 32.7076686708493, 67.84330859575891], "c": [[-0.004443928256900365, 0.027418647534562694, 2.021889829504477e-17, 0.05], [0.0013156419990892735, -0.005434066718857277, 0.05417527839984824, 0.15000000000000002], [-0.0009352840856984385, 0.002693171573347796, 0.04853141580984182, 0.25], [0.00026501821085519745, -0.002897927719306503, 0.048123407177191435, 0.35], [-2.9178262827095158e-05, -0.0010402890900969423, 0.038921795897042435, 0.45], [2.6014247437175664e-05, -0.0012848879204578742, 0.032424543924068926, 0.55], [2.477217503879028e-05, -0.0010080873856157069, 0.02429186211020474, 0.6499999999999999], [1.525615984026082e-05, -0.000633510696722673, 0.016017735013807287, 0.75], [2.3072003241582508e-06, -0.0002431335092192575, 0.008540495150477757, 0.8500000000000001]]}}