{"cdf_smooth": {"x": [1.1762729650094095, 2.141015588667067, 2.971546097614923, 3.574247783013699, 4.132742458082189, 4.647490063254302, 5.181302023308658, 5.753657141681993, 6.3821367343725415, 7.048072059498499, 7.789329445888351, 8.652089638356177, 9.712515059359188, 10.936572087671244, 12.58754259726026, 15.080682246109665, 27.26233112137554], "c": [[-0.014120527976906423, 0.05123139396653592, 0.0, 0.005008], [0.006110930337354668, 0.010363368342919756, 0.059423092593994066, 0.0400115], [-0.014158560892268373, 0.025589310592603925, 0.08928288932835342, 0.1000135], [0.00878003736968017, -1.0854945170131643e-05, 0.10469906765695962, 0.16002], [-0.014711098543042868, 0.014699957408435847, 0.11290285316422909, 0.22002], [0.0013448490473124885, -0.008017550825010933, 0.11634260594983341, 0.28002499999999997], [-0.002304842774390703, -0.005863861307241609, 0.10893254213119337, 0.34004999999999996], [0.004228400586149799, -0.009821426984146491, 0.09995498709445601, 0.400045], [-0.0028753795548537987, -0.0018490365497988008, 0.0926203389261322, 0.46003499999999997], [0.00040004128220356153, -0.00759348700596493, 0.08633222893201506, 0.520045], [-0.000561159492699455, -0.006703886340082085, 0.07573419533328428, 0.58003], [0.0020561342251465635, -0.008156324555861622, 0.06291339692058737, 0.64002], [-0.0010419049407395069, -0.0016151935518423945, 0.052551430717386806, 0.700015], [0.0005179040111796281, -0.005441246748478161, 0.04391394537291501, 0.7600100000000001], [0.00016995096131488074, -0.0028761140007118936, 0.030182228058389042, 0.82001], [4.513334457341438e-05, -0.0016049795606692843, 0.019010236030305824, 0.880015]]}}