{"cdf_smooth": {"x": [1.1470182260790185, 16.95048222596416, 22.897410222306405, 26.372754140919792, 29.344326020052154, 31.93512935267884, 34.56056680949453, 37.07350017848006, 39.34643787454506, 41.59311256502114, 44.12975002909514, 46.77341471229683, 50.04425951344658, 54.15353676460524, 59.72097945205483, 68.26016201793472, 103.48880445273993], "c": [[8.52356128767943e-06, 5.829032320069528e-06, 4.667212320831936e-18, 0.005042], [3.174216267215579e-05, 0.0004099344142020401, 0.006570502659580319, 0.040139499999999995], [-7.4620324404485e-05, 0.0009762394817805196, 0.014813979009397809, 0.10038749999999999], [7.200761879791021e-05, 0.00019824560990826438, 0.01889571863030051, 0.16053], [-0.00015319515130571848, 0.0008401730552177306, 0.021981454334355062, 0.22032000000000002], [7.291792768559469e-05, -0.00035052247041758046, 0.023250042701277885, 0.28024499999999997], [6.188040571062845e-05, 0.0002238019054398509, 0.022917345783436464, 0.34019], [-7.554882669994409e-05, 0.0006903059146296398, 0.02521443782733974, 0.400175], [-0.00018097029769990712, 0.00017515258633027337, 0.027181571078551462, 0.46016500000000005], [0.00017011299414797522, -0.001044591576380632, 0.025228224504692233, 0.520065], [-0.00016469714815194622, 0.00024995340586402633, 0.023212515550976604, 0.5801149999999999], [6.581064993237775e-05, -0.001056258696115981, 0.021080914731258827, 0.640185], [-7.415085207235528e-07, -0.0004104894295411691, 0.016283409249856988, 0.70014], [8.41233038752729e-06, -0.00041963062182842067, 0.012872215807033285, 0.76007], [5.805405867160067e-06, -0.00027912511992707464, 0.008981933262283245, 0.82018], [9.946063428161888e-07, -0.00013040485822094443, 0.005484882012676507, 0.88014]]}}