{"cdf_smooth": {"x": [5.885207867569976, 18.196370582757115, 24.698701787236946, 28.29468769139138, 31.362357893390122, 34.394809220626655, 37.328821233902545, 40.08751599239142, 42.56682382477832, 45.28754721748004, 48.086724312224995, 51.387070908941205, 55.50932454231214, 60.77270760840096, 67.8127571198785, 77.5274318056334, 127.99826087275308], "c": [[1.9473760886121205e-06, 0.000207032450449296, 0.0, 0.005057], [3.426329908717543e-05, 0.0002789558421330014, 0.00598308094765664, 0.0400695], [-5.109607930581519e-05, 0.0009473297986018973, 0.01395679633501273, 0.1001875], [-5.134693275177855e-05, 0.00039610745577809396, 0.018787777764879107, 0.16025], [2.729558154200943e-05, -7.643891092189772e-05, 0.019768415434450754, 0.22013], [-1.0275248985315906e-05, 0.0001718786565023814, 0.02005783181760741, 0.280135], [9.699902978244539e-05, 8.143554461543395e-05, 0.020801058726820452, 0.340205], [-0.0002402910018802875, 0.0008842076897334522, 0.023464973655988958, 0.400245], [0.00014176950401483644, -0.000903058399308223, 0.023418236944094173, 0.460195], [-0.0001167327214129889, 0.0002540884185264383, 0.02165256913621998, 0.52008], [2.392450357125529e-05, -0.0007261782614330092, 0.020331106061294162, 0.58012], [1.3435240143248426e-05, -0.0004893007996144576, 0.01631960387878634, 0.64017], [4.860537307832409e-06, -0.0003231503971273047, 0.012970473981081034, 0.70007], [5.743185468459474e-06, -0.0002464017878528893, 0.009972702655402389, 0.760095], [4.506893749702844e-07, -0.00012510485769823024, 0.00735727747687957, 0.820095], [8.176302950333525e-07, -0.00011196995571174234, 0.005054172788415641, 0.8801749999999999]]}}