{"cdf_smooth": {"x": [4.626511261334286, 7.002303158523445, 8.3158873447484, 9.5514075154757, 10.833776479336388, 12.183845506127758, 13.53159773524747, 14.999488350404048, 16.5113323210519, 18.165381451241018, 20.115474045573638, 21.89528265205484, 23.697775307348074, 25.807660372800374, 28.54464055890414, 31.929566459974062, 36.05942465753425, 41.581129273627255, 50.52940603793047, 85.07176789619953], "c": [[-0.0012443085977402726, 0.011849123530709112, -3.169447673018312e-17, 0.025012], [-0.0005625355851643098, 0.002980468678366685, 0.03523202500894172, 0.075207], [-0.0004306216582138224, 0.00076365513178479, 0.040150246837225, 0.125355], [-6.848779265780923e-05, -0.0008324701022408391, 0.04006522455317853, 0.175315], [0.000477659672195275, -0.0010959499613639456, 0.037592278514325506, 0.22518], [-0.0006761692860581045, 0.000838670624970525, 0.037244933651027316, 0.27510999999999997], [0.00046714594331706923, -0.0018952553626707756, 0.03582091921553797, 0.325175], [-0.000195047098266548, 0.0001619020756399963, 0.03327654619275469, 0.37515], [-0.00030412383408258675, -0.0007227402628799289, 0.03242864636086694, 0.42515499999999995], [0.0006484297968271734, -0.0022318475525821713, 0.027541612954634476, 0.47544], [-0.0003298249429063794, 0.0015616468816296628, 0.02623465958949323, 0.52547], [-0.0001784348167801885, -0.00019942893442115653, 0.02865914681583806, 0.57525], [-1.9490761378765907e-05, -0.001164311274505805, 0.026201015105519143, 0.625215], [9.969286549574379e-05, -0.0012876810735478672, 0.02102759306975739, 0.67513], [1.2990359598976374e-05, -0.00046910888087459265, 0.016219293773356982, 0.72508], [6.991644097074301e-07, -0.0003371946668622288, 0.01349001601049804, 0.77511], [4.038871552889267e-06, -0.00032853231725561054, 0.010740657967801956, 0.82512], [5.524425549651955e-06, -0.0002616279501634244, 0.007481967294959588, 0.8750899999999999], [1.0342980949563646e-06, -0.0001133256838172034, 0.004126778404319683, 0.9250499999999999]]}}