{"cdf_smooth": {"x": [-1.960796389592573, 9.383516970098249, 15.767715536461754, 19.5525367233315, 22.61988947000599, 25.484979585683256, 28.291518350413828, 31.194936888210723, 34.163523683776205, 37.22747996898424, 40.57049835616436, 44.11764575342472, 48.417344573234985, 53.28021716727415, 59.753647160371344, 69.61006633525686, 117.40390410958908], "c": [[2.097687899166636e-06, 0.0002483343572783039, 4.347542659757642e-18, 0.0050425], [2.2308536084552137e-05, 0.0003197248438552374, 0.006444241584514533, 0.040063999999999995], [-1.590769441653181e-05, 0.000746991216121233, 0.013254368725333263, 0.10004149999999999], [-4.2858100642710185e-05, 0.0005663678795354178, 0.018225198056542637, 0.160045], [-6.0564955281312285e-06, 0.00017198514136441362, 0.02048998722321514, 0.22003999999999999], [-3.60914892985043e-05, 0.00011992792494454101, 0.02132634446413395, 0.280015], [1.3606701553597228e-05, -0.00018394856643479964, 0.021146668052048644, 0.340015], [-1.7959577657262344e-07, -6.543071784784595e-05, 0.02042261561511988, 0.400195], [-3.1807935552729676e-05, -6.703015480046726e-05, 0.02002939401764702, 0.46024], [3.669358839394873e-05, -0.0003594045269693106, 0.018722816794207845, 0.520065], [-5.289660210670125e-05, 8.59749510845849e-06, 0.017550062436344934, 0.58001], [3.950689465970446e-05, -0.0005542986383516471, 0.015614380046407852, 0.64001], [-2.0387911037058947e-05, -4.469539332354446e-05, 0.013038886115340624, 0.70004], [7.658639146153268e-06, -0.00034212683481901003, 0.011157818903341018, 0.760045], [3.1024133380420756e-06, -0.00019339384175395667, 0.007691163293689857, 0.8200149999999999], [7.20034781610311e-07, -0.00010165778281346087, 0.004783010803722437, 0.880005]]}}