{"cdf_smooth": {"x": [1.3618814763219984, 1.9860773127133402, 2.837254188811079, 3.972154723108017, 5.10705272744323, 6.241956730277676, 7.376858631164382, 8.511758773855187, 9.6466603651001, 10.781569330802348, 12.48391818536667, 14.753704573924251, 17.023526677990812, 19.293270583890425, 21.56319344328752, 23.832867046027637, 32.45820194410949], "c": [[-0.08010458711368816, 0.17704767174792185, 0.0, 0.017], [-0.0073435059774763995, 0.0270448224912869, 0.12739368514283797, 0.0665], [-0.004718185695943262, 0.00829295505874656, 0.1574723842461123, 0.19], [-0.0023110934809699116, -0.007771059342967947, 0.1580646839727967, 0.37250000000000005], [0.0006216287893158074, -0.015639625481122663, 0.13149594448581572, 0.5385], [0.0008514861951047844, -0.013523158477307754, 0.09839898423759687, 0.6685], [0.0007610572442165133, -0.010624098573098052, 0.07099421630989133, 0.764], [0.0008929139848844304, -0.00803292664792649, 0.04982035572436465, 0.8320000000000001], [0.00011394469143338813, -0.004992818141055931, 0.035037417236198326, 0.8795], [0.000657112651690716, -0.004604867585350131, 0.024144917655307577, 0.913], [-2.1397915241264875e-05, -0.001248962675573883, 0.014179656415809613, 0.944], [0.00013854435683456688, -0.0013946687658482836, 0.008179177753706732, 0.9695], [2.3103925170023242e-05, -0.0004512556352379298, 0.003989257745685418, 0.9824999999999999], [2.552548417938236e-05, -0.00029393565516686596, 0.0022978643555596617, 0.9895], [3.1237009826732826e-06, -0.00012011301505898834, 0.0013580058141110236, 0.9935], [3.7818760235833005e-06, -9.884367006930728e-05, 0.0008610456057318509, 0.996]]}}