{"cdf_smooth": {"c": [[-0.024827860252105365, 0.072004654742144, 0.0, 0.005262], [0.03033811774208858, 0.010534308264256657, 0.06811835041239919, 0.0403485], [-0.05771180716431636, 0.07209241934632939, 0.12400343992081726, 0.10062650000000001], [0.016158195128948342, -0.0005634240151121215, 0.15402040257220542, 0.161095], [-0.02407350824985318, 0.017999336560941277, 0.16069727597772931, 0.2209], [-0.028374530518989305, -0.00823061827372243, 0.1642452014511989, 0.280485], [0.05476866856068276, -0.04068704697368436, 0.14559358343049383, 0.34034], [-0.05097913734664835, 0.030742605710507326, 0.14127038183711055, 0.400445], [0.022186730276834897, -0.0322441550426866, 0.14065197377538394, 0.46028], [-0.02940440431815624, -0.0015235487192607616, 0.12506661681091108, 0.52051], [0.029297860357321577, -0.04702930207511903, 0.10002009623906404, 0.580585], [-0.016534414875991426, 0.01755954617525562, 0.07836416222684764, 0.640315], [0.0068069647018297345, -0.018554208118599494, 0.0776399963522808, 0.700295], [-0.0034411495034358175, -8.783920345631314e-05, 0.06078221718725865, 0.760365], [0.0016706307253055493, -0.010964002474502774, 0.049138662766928846, 0.82028], [3.1297300657940644e-05, -0.0025060292979627655, 0.026406895318676, 0.88001]], "x": [0.7266423436060043, 1.5519295525950094, 2.228285631608576, 2.647933111800264, 3.0308711076163277, 3.394063633918536, 3.775349574822957, 4.210085069655792, 4.621931719295338, 5.08347796698648, 5.599338934201742, 6.33419178082192, 7.0622440395946935, 7.966532011499868, 9.020071752622911, 10.70765258630138, 16.63434059979267]}}