{"cdf_smooth": {"x": [0.25093120906104194, 0.6580687879738651, 1.0104493532569763, 1.2542028044806939, 1.4769678301369864, 1.694126586759894, 1.9123064169427904, 2.1484205465739716, 2.4051899505371583, 2.7158221840053067, 3.045600016443835, 3.45012051506849, 3.981155805778295, 4.631786624549801, 5.550727276712339, 7.0560670586219025, 16.757232786585764], "c": [[-0.20187429927361067, 0.29426400990036156, 0.0, 0.005041], [0.1153540476217585, 0.047692169547420234, 0.13922321099464866, 0.040194499999999994], [-0.1941008207726658, 0.16963774307337123, 0.21580604845689214, 0.1002235], [-0.018903495868419027, 0.02769950822729022, 0.2639076845164305, 0.160095], [-0.009196704891429134, 0.01506639500092402, 0.2734344320462782, 0.22005], [-0.11589542739989953, 0.009074960003172382, 0.27867693868216004, 0.280045], [0.06848185287713117, -0.06678317400407989, 0.26608617035128374, 0.340075], [-0.11555055955959952, -0.018274574741235897, 0.24600283403789566, 0.40008], [0.1312939877677474, -0.10728411965842884, 0.21376320291449777, 0.46008499999999997], [-0.07658120078051037, 0.01506831432527589, 0.18511800134279668, 0.52007], [0.016993938494854116, -0.06069603287153333, 0.17007099122149663, 0.5800099999999999], [0.01775221582038362, -0.04007284345092786, 0.12930791512568837, 0.64], [-0.004304063380132015, -0.011791684184166025, 0.10176602061545958, 0.700025], [0.0034382503380343972, -0.020192753027345203, 0.08095596004458816, 0.76006], [0.0015072452144378869, -0.010714109003551017, 0.052554388093618815, 0.8200700000000001], [0.00016033200768591796, -0.003907360456392534, 0.030544108445590044, 0.880045]]}}