{"cdf_smooth": {"c": [[-0.1955873112697232, 0.36153601206091746, 0.0, 0.005053], [0.10060991493195173, 0.15870093391782367, 0.17983835608674814, 0.040176500000000004], [-0.20510894968064414, 0.23801001511223907, 0.2840785160107449, 0.1002135], [-0.19821931492986256, 0.12307150244371468, 0.35152587775774835, 0.160245], [0.1741047335325228, 0.025217046748177267, 0.37592762904047605, 0.22054], [-0.052383713965689124, 0.10665937747800124, 0.39649058395345166, 0.28042999999999996], [-0.5453355615925713, 0.0836812923511827, 0.42432152467480855, 0.34052], [-0.030096452638857785, -0.14713623071314072, 0.41536892574279544, 0.40052], [-0.2142266507683452, -0.16085018196885537, 0.36858920830538566, 0.46011], [0.5546722818062605, -0.2772758437890078, 0.28921982339374563, 0.52033], [-0.36752775455310416, 0.11477921768189371, 0.25093437880066183, 0.580335], [0.11405223519139338, -0.14124406035628348, 0.24478915966158774, 0.64019], [-0.015148450246840242, -0.04540660047432671, 0.19250865506274933, 0.70018], [0.019154511362325113, -0.06095442378687408, 0.15612028121133528, 0.76012], [0.006184228288676153, -0.0349258335132239, 0.11269051358132672, 0.82011], [0.0018991597053688628, -0.02291495651164361, 0.07524479509478003, 0.8801049999999999]], "x": [0.6319549571257004, 0.9776404327091608, 1.2404014182046665, 1.4271940355713297, 1.591749905972023, 1.7476758421932592, 1.8938923115706825, 2.0349782406270713, 2.1868671406277067, 2.3680236578064067, 2.603631285547839, 2.835834409317806, 3.115932558267218, 3.4580538767123254, 3.9110122734975645, 4.558405202785834, 6.857165156805043]}}