{"cdf_smooth": {"x": [1.0081294756882138, 1.52052987830086, 1.9155796389750586, 2.2078812509797126, 2.4429506226773805, 2.7122903732203625, 2.9677180936548773, 3.250070917158076, 3.583582219737212, 3.975227429378986, 4.434213304109586, 4.894951226314496, 5.475109794154275, 6.256656219178077, 7.244239202142104, 8.721767479771165, 15.663057366004415], "c": [[-0.049467612338700305, 0.15868732588946324, 0.0, 0.005008], [-0.02153240303690669, 0.0826456524535541, 0.12365911526667117, 0.040017], [0.11529150381931935, 0.05712654045414336, 0.1788760866237648, 0.100439], [-0.4444886995483525, 0.1582262177046261, 0.24182404498322171, 0.160485], [0.30163188309554956, -0.15523082028400764, 0.24252817117287123, 0.2203], [-0.20226385076418837, 0.08849354816228772, 0.22455317094768815, 0.28025500000000003], [0.014742116476911484, -0.06649783481872339, 0.23017148586636596, 0.340015], [0.020238510138461747, -0.0540104001837169, 0.19614564545804006, 0.40003500000000003], [-0.0031042427512755497, -0.03376108454809877, 0.16687286325582754, 0.460195], [0.0407147169302487, -0.03740836995740597, 0.13899968732592854, 0.520185], [-0.04065520112835923, 0.018654069936510753, 0.1303917285258779, 0.58004], [0.010322921164013774, -0.03754010874759783, 0.1216902142453763, 0.6401], [0.0055836771791410895, -0.01957331527228637, 0.08855537196157429, 0.70008], [-0.0010577712861090187, -0.006481606458752274, 0.06819224102840606, 0.76], [0.0011716362633330043, -0.009615517224839953, 0.05229499560382311, 0.8200050000000001], [0.00020641912621277938, -0.004422140094329454, 0.03155395996308375, 0.8800600000000001]]}}