{"cdf_smooth": {"x": [0.6133881499062952, 1.8389484528404325, 2.4212116851031693, 2.8060303238293245, 3.131735778115112, 3.435997299980149, 3.7087782828374927, 3.9793360351408604, 4.2703756456602715, 4.584169807370854, 4.928967600318019, 5.333509721505338, 5.783466405045038, 6.36569791916072, 7.151131405039797, 8.359858356164379, 13.515601326322143], "c": [[0.010230040459067839, 0.010814695808726273, 0.0, 0.005102], [0.006102523409989353, 0.04842729026085714, 0.07260462639385873, 0.040177000000000004], [-0.014211328654419944, 0.05908711527783549, 0.13520631167762454, 0.100075], [-0.038073330357114556, 0.04268076283598403, 0.17436848799943377, 0.160045], [0.05828105116603259, 0.005478688755573877, 0.1900542840582164, 0.22005000000000002], [-0.07286570019976461, 0.058676732726587855, 0.2095743102342717, 0.28002499999999997], [-0.04379987984274123, -0.0009523992246528949, 0.22532041066171457, 0.34008], [0.01639751528367544, -0.03650359034888195, 0.2151864023124006, 0.400105], [0.0003359340776514263, -0.022186610963941814, 0.19810522898101077, 0.460045], [-0.022551211923938323, -0.021870368507081798, 0.18428040604040055, 0.520035], [0.03281416577331783, -0.04519719280605468, 0.16115565892128228, 0.58005], [-0.02426060714878171, -0.005373056125263849, 0.14069786314963598, 0.64002], [0.012154693482846056, -0.03812172312524002, 0.12112709652678795, 0.7000299999999999], [0.0008784093371399666, -0.01689118635485148, 0.08909684694428525, 0.76003], [0.00230621283458689, -0.014821390031755814, 0.06418872752674581, 0.8200149999999999], [0.00035276486080367355, -0.0064586452071720415, 0.038466975412572886, 0.88002]]}}