{"cdf_smooth": {"x": [0.8400553825035032, 1.3398584546242114, 1.7617143318337969, 1.988071077101766, 2.224939241966543, 2.4666359700995533, 2.673098609755491, 2.9178325635087976, 3.178248389948396, 3.5052504839450975, 3.8737846275998624, 4.309399134871439, 4.77785839682899, 5.326082228261856, 6.179910466923939, 7.724958123157519, 12.198111064489138], "c": [[-0.15197513957636702, 0.21664444043429237, 0.0, 0.0050295], [0.25032274038195673, -0.011228484504432618, 0.10266752583635591, 0.0401735], [-0.5981255437341381, 0.30557187318358064, 0.22683801426843983, 0.10027900000000001], [0.07663053161656508, -0.10059738084030058, 0.2732353732182189, 0.16034500000000002], [0.3471441791366312, -0.04614338065041631, 0.23847715833305286, 0.22044000000000002], [-0.6686614593813288, 0.20556745621281403, 0.2770094357821142, 0.280285], [0.33311707488683634, -0.20859337360736824, 0.27638469688945366, 0.34035499999999996], [-0.20634351764890255, 0.035981802792006815, 0.23414078470024144, 0.400385], [0.1248393737086953, -0.12522355024497087, 0.21090082128436366, 0.460155], [-0.03899859242695371, -0.002755340397030825, 0.16905145605705432, 0.520095], [0.034841526005638675, -0.04587227898845711, 0.15113051798885385, 0.5800700000000001], [-0.012533460580162548, -0.00033985643784880965, 0.13099984138515625, 0.64008], [-0.010122551985933247, -0.017954103517319863, 0.12242986640627695, 0.7000850000000001], [0.008503273280089381, -0.03460237621814, 0.09361715171907942, 0.76014], [0.0022993070338071906, -0.012821371675336778, 0.05312541658443745, 0.82014], [-0.00017683738476567305, -0.002163754844701235, 0.029972681976289082, 0.880095]]}}