{"cdf_smooth": {"x": [1.208401137646733, 1.8229396780038727, 2.246871431186048, 2.5530039558144164, 2.8093537417018584, 3.0253509620236905, 3.2416336456942942, 3.4758414197177947, 3.7054218039387834, 3.9752504705004097, 4.278272088639811, 4.606428635854284, 5.107312751239764, 5.701080474395511, 6.540424143437528, 8.026761080339387, 13.478487759079801], "c": [[-0.013413754491319327, 0.10094496071721945, 0.0, 0.005144], [0.0028164037050122754, 0.07621515339980625, 0.10887171793898127, 0.0401535], [-0.0330840341123761, 0.07979704228080996, 0.17501024157166553, 0.1002195], [0.10144766233835868, 0.04941274561767157, 0.21456556014772374, 0.160325], [-0.21511895763390498, 0.12743100517533135, 0.2598994177990421, 0.220285], [-0.11033284122396132, -0.01196428548702936, 0.28483990829139555, 0.2802], [0.21249429768994635, -0.08355353447779373, 0.2641810578510383, 0.34013], [-0.2689128570078349, 0.06574991488615356, 0.26001131173691927, 0.40015], [0.10213362302001056, -0.11946143621531391, 0.24768020003307678, 0.460055], [0.0415346389309618, -0.03678569828352251, 0.20552024407718078, 0.520195], [-0.1178959764954754, 0.0009719822095650837, 0.19466791388086507, 0.5802499999999999], [0.08194000730102212, -0.11509302752213582, 0.1572183456865853, 0.6400699999999999], [-0.020653378701135223, 0.008034316692821055, 0.10359433801853399, 0.70024], [0.005993401927123808, -0.028755612247718394, 0.09129070153606536, 0.7602599999999999], [0.0022774779216031145, -0.013664040357051556, 0.055686034679289925, 0.8201700000000001], [9.079796182925867e-05, -0.0035087416834800036, 0.03016149442308299, 0.8802300000000001]]}}