{"cdf_smooth": {"x": [0.7593422135222231, 1.0873578624422033, 1.310058568926936, 1.4747643981249716, 1.616856962215866, 1.753140645196589, 1.8828644219260782, 2.020814737553236, 2.174034140428649, 2.3316807225069778, 2.528135918342199, 2.7755407939165995, 3.1001382507903097, 3.5127581380904696, 4.089838029810629, 5.112581809296989, 11.053583086757993], "c": [[-0.05977718968132441, 0.34566612168296135, 0.0, 0.0053115], [-0.06400713926450378, 0.2868425606911647, 0.20747274589647047, 0.0403935], [-0.048034037840749375, 0.24407925528835006, 0.32570940940326554, 0.100117], [-0.51199156947696, 0.22034479719148004, 0.4022027580664677, 0.16016999999999998], [0.3614534579996054, 0.0020942124917734464, 0.4338096873062004, 0.2203], [-0.7440408375232557, 0.14987483793868644, 0.4545205891979467, 0.280375], [-0.15251281187023016, -0.13968452451478, 0.455842515141353, 0.34023499999999995], [0.6035925234224481, -0.20280209611882938, 0.4085963777268678, 0.40005999999999997], [-0.7984678440416971, 0.07464416193772397, 0.38896009557789235, 0.460075], [0.3174648717041071, -0.30298301760015206, 0.3529632554270336, 0.52012], [0.005382636157764184, -0.11588014697585114, 0.2706754104020945, 0.580175], [0.0697118093612987, -0.11188507568922998, 0.21432518382846458, 0.6401300000000001], [-0.0009253386936009979, -0.04400024759100236, 0.16372520432776494, 0.700295], [0.007929551190888439, -0.045145687033406906, 0.12694181882977384, 0.7602949999999999], [0.0076531013948378974, -0.031417733405524825, 0.0827586084531501, 0.8200400000000001], [0.0004890987440548084, -0.007936247869478276, 0.04250956890611798, 0.880005]]}}