{"cdf_smooth": {"x": [1.214475374164838, 1.8029149801134179, 2.2389551996321977, 2.5571619675965063, 2.845388871308763, 3.1145700500101476, 3.4007134566476642, 3.703888454794521, 3.9960347729187764, 4.325388633808502, 4.71792386320554, 5.183946928140995, 5.759324349902287, 6.501700061705535, 7.5480310258914205, 9.164006713562882, 15.836568458432055], "c": [[-0.03249085502792142, 0.12023044556675583, 0.0, 0.0050345], [0.012963921249683793, 0.06287372777806835, 0.10774574761056877, 0.0400455], [-0.0665867471638801, 0.07983210098067717, 0.16997122850914162, 0.100056], [0.033391299516707364, 0.016267040167852784, 0.20055062561816114, 0.16008], [-0.10353986160570124, 0.04513985277974018, 0.21824974423903587, 0.22003499999999998], [0.008360337687307748, -0.038473093189062245, 0.22004431044377326, 0.28003500000000003], [0.07867102504640765, -0.031296326669604135, 0.20008025096629145, 0.34004500000000004], [-0.10777307027822078, 0.04025693694836313, 0.20279688397094905, 0.40002000000000004], [0.012843782495450299, -0.054199580075823296, 0.1987235921163411, 0.460015], [0.013034777810356788, -0.04150913201590968, 0.16720155826814556, 0.520045], [0.0012355352667419457, -0.026159303522126573, 0.14063931340128394, 0.5800700000000001], [0.004006768884354567, -0.024431939726598035, 0.11706262716361825, 0.640055], [0.0016415754202260037, -0.017515726675778085, 0.09292688702011628, 0.7000850000000001], [0.0020104240187078662, -0.013859729512571006, 0.06963451039913893, 0.7600899999999999], [0.0007996740036448739, -0.0075490228068197975, 0.047233869942773926, 0.8200799999999999], [0.00014903309115686005, -0.0036722615629607644, 0.029100547216760773, 0.8800699999999999]]}}