{"cdf_smooth": {"x": [1.2778122163872259, 1.927650113625861, 2.3759326882232057, 2.6996495961412044, 2.9707242234898135, 3.199128416629201, 3.427834470254339, 3.6754952390971254, 3.9182628188858613, 4.203590559585753, 4.52401786921408, 4.871023869005427, 5.400678982439278, 6.028552977843152, 6.916108906611824, 8.48782167356554, 14.252697866966807], "c": [[-0.011344428497745546, 0.09027610699997732, 0.0, 0.005144], [0.0023819200264166497, 0.06815998831893028, 0.10295777902873887, 0.0401535], [-0.027980194482294225, 0.0713633080447112, 0.16550364153894048, 0.1002195], [0.08579743668379869, 0.04419032192245384, 0.20291030533061166, 0.160325], [-0.1819327791459696, 0.11396284645203536, 0.2457816165117277, 0.220285], [-0.09331190823779731, -0.010699782427288463, 0.2693673333314007, 0.2802], [0.17971302276944445, -0.0747227772951809, 0.24983067680671706, 0.34013], [-0.2274279494547205, 0.05880081887524395, 0.24588743234295274, 0.40015], [0.08637757492251691, -0.10683557972106825, 0.23422614970668118, 0.460055], [0.035127133259883925, -0.032897824821736185, 0.19435633308817882, 0.520195], [-0.0997082864749229, 0.0008692535945253252, 0.18409350417860426, 0.5802499999999999], [0.06929920735709992, -0.10292886731261255, 0.14867820588204073, 0.6400699999999999], [-0.01746720338914126, 0.007185171288189417, 0.09796706770364882, 0.70024], [0.005068806027760881, -0.025716437053227157, 0.08633176782786349, 0.7602599999999999], [0.0019261337646771838, -0.012219890528074467, 0.0526611553673687, 0.8201700000000001], [7.679065442711255e-05, -0.0031379034416632104, 0.028523114512887214, 0.8802300000000001]]}}