{"cdf_smooth": {"x": [1.49915549779599, 2.10208511277448, 2.5514188473445225, 2.8467690136028834, 3.114458145785222, 3.3571867420250987, 3.6461337537532055, 3.9154867388223695, 4.219682708073457, 4.558813378521543, 4.946921824701931, 5.363983492586726, 5.882340128565848, 6.57834568195354, 7.503669585292428, 8.962766959013633, 14.244880507435639], "c": [[-0.043210023527525794, 0.12237771035586309, 0.0, 0.0052535], [0.06287865944404268, 0.04421990180987512, 0.10044663415942444, 0.04027], [-0.149634316968044, 0.1289804104281242, 0.1782713772860219, 0.1000365], [0.1383751411115401, -0.003603150755280074, 0.21530157177541415, 0.16008499999999998], [-0.3728356573021456, 0.10752141356398984, 0.24311936136457402, 0.220115], [0.30884655510737635, -0.16397221361137532, 0.22941713791245433, 0.28013], [-0.2353483447108873, 0.10374865393101385, 0.2120157203071846, 0.34018], [0.07580731455602202, -0.08642668360587841, 0.2166814447215393, 0.400215], [-0.02306988434179156, -0.017245845022804976, 0.18514467939062587, 0.46026500000000004], [0.034398552904683445, -0.04071696105478053, 0.1654877141044822, 0.52017], [-0.030523966661744815, -0.0006658542987090753, 0.14942669393906952, 0.580275], [0.009323837079835876, -0.038856983637931004, 0.1329432332296741, 0.640265], [0.006248667763410919, -0.024357765168567514, 0.10017544869407227, 0.700035], [-7.452430445349554e-05, -0.01131044277474141, 0.07535017788614216, 0.760065], [0.0017326827406754903, -0.011517320135613041, 0.05422710320543833, 0.820045], [0.00011784473109852247, -0.003932861626378051, 0.03168378357300188, 0.8800300000000001]]}}