{"cdf_smooth": {"x": [1.69160188764069, 2.2595071673449185, 2.8062118933973106, 3.234045658440168, 3.534077405246022, 3.8446294499938176, 4.1595950024184765, 4.547696857211985, 4.9107022907027025, 5.320149008409852, 5.783584825854918, 6.260119324522217, 6.859600971213685, 7.445133361539795, 8.349041954117826, 9.757878042531866, 14.472684431047382], "c": [[-0.07858865275100316, 0.15523303603872432, 0.0, 0.005113], [-0.007638759199792571, 0.02134030357231354, 0.10027693182011617, 0.040784], [0.09917643698368334, 0.008811866305204898, 0.11676126559289023, 0.10073599999999999], [-0.21627153556223858, 0.13610495161999941, 0.17876157342386068, 0.16007], [0.09758196946675744, -0.05856002817736919, 0.20202751226027924, 0.220115], [-0.13914913178164764, 0.03235281226788608, 0.19388880777244238, 0.28013], [0.13471540808770682, -0.09912873721516856, 0.17285669168275392, 0.34006000000000003], [-0.09324646648130942, 0.05772116202914157, 0.15678633495055527, 0.40009], [0.0191033248172758, -0.04382575993043506, 0.16183044141292421, 0.46015], [0.020789985204604816, -0.02036037899925321, 0.13554963750586807, 0.520375], [-0.03719271670404825, 0.008544092364647015, 0.13007354705019428, 0.58089], [0.0383123673609492, -0.04462674546126846, 0.11287891804620971, 0.64079], [-0.03648225735950119, 0.024275937761302487, 0.10067898233473263, 0.7006749999999999], [0.012520812398433882, -0.03980869230730046, 0.09158405143706559, 0.760625], [0.0002422018007124168, -0.0058556825682946735, 0.05030763061231079, 0.82013], [0.00015465420282571393, -0.004832014655727118, 0.035250417061066346, 0.8800600000000001]]}}