{"cdf_smooth": {"x": [1.3980633080493605, 2.16892878750557, 2.9164829557613134, 3.4103980948924963, 3.8618576338729764, 4.292419142739776, 4.738265436039614, 5.157353715747704, 5.591863202645255, 6.042301926717893, 6.505515541581962, 7.014652938311575, 7.743125700640944, 8.619048150274798, 9.84359274786451, 11.700289975103688, 18.082444740975962], "c": [[-0.03859932359039795, 0.08875020500172709, 0.0, 0.005082], [0.02259289954524757, -0.0005144532568654506, 0.0680178950739819, 0.040138999999999994], [-0.03266156176727227, 0.05015379542723393, 0.10512599222291394, 0.100137], [0.008490678289958255, 0.0017576759536618888, 0.13076585383251352, 0.16036], [-0.023290731477469077, 0.013257269072909954, 0.137544493992027, 0.220535], [0.02924026647604477, -0.016827008389741507, 0.1360075016455108, 0.280355], [-0.02665883357374835, 0.022282984880590648, 0.13844002854028697, 0.34024], [0.004090283459301199, -0.01123422922374872, 0.1430704325414279, 0.40021], [0.0008435687152012351, -0.005902428322249374, 0.1356243922639773, 0.46059], [0.0002921825529577704, -0.004762500275021057, 0.1308204954342971, 0.52056], [-0.02489565980666657, -0.004356471465353423, 0.12659646357059484, 0.580165], [0.01948937890680893, -0.04238240573685004, 0.10279995330579984, 0.6402049999999999], [-0.004852898574434762, 0.0002100393281305275, 0.07207853305407362, 0.700135], [0.0021111056930523844, -0.012542249093300057, 0.061276473667167784, 0.76017], [0.0003764285172137533, -0.004786819879195535, 0.04005625587563883, 0.820275], [6.680329791945957e-05, -0.0026900785267019427, 0.02617391933705996, 0.880555]]}}