{"cdf_smooth": {"c": [[-0.10687913895506827, 0.17412348606142075, 0.0, 0.0051325], [0.015440143377756243, -0.0034147710618623517, 0.09452211795206042, 0.040373], [0.02074509864214469, 0.024883744870398752, 0.10763814678905978, 0.1003655], [-0.05094557352950692, 0.05484441883071431, 0.14602005664496057, 0.160265], [0.03874385789573189, -0.00361033930513913, 0.1656153195860153, 0.221285], [-0.031585651153068495, 0.03763433787507868, 0.17768870715946422, 0.28132999999999997], [-0.048215395622008474, 0.00767928518848552, 0.19201348140280095, 0.340265], [-0.00871295742162495, -0.038543364249474944, 0.18215066000687336, 0.400835], [0.06479664592412805, -0.047938214527304075, 0.15106739535165095, 0.46092], [-0.06437172718323966, 0.03303827148339879, 0.14486056673036798, 0.520215], [0.016317261729876655, -0.04546135494988684, 0.13981069233187185, 0.5802350000000001], [0.006182017375769879, -0.021120717940100193, 0.10670362460602222, 0.64052], [-0.0009328650177089466, -0.009540824520844548, 0.08755898987026148, 0.700415], [0.000816933791771776, -0.01163220006117426, 0.07173649862553541, 0.76013], [0.0012041864503525089, -0.009222243614356036, 0.0512296140257241, 0.8202], [9.407070250348157e-05, -0.003824877116745281, 0.031736483122915646, 0.8801699999999999]], "x": [1.5095332274453024, 2.063237342389316, 2.6741668145648414, 3.1555764955878223, 3.538041899914508, 3.892891067587458, 4.209016181292058, 4.528572821113974, 4.8879934641558, 5.304560735788555, 5.711051959333688, 6.20828892251073, 6.83267482090923, 7.579969624418944, 8.563303676330055, 10.057359821326196, 15.170589819524048]}}