{"cdf_smooth": {"c": [[0.016635487043019516, 0.16029846173475135, 0.0, 0.0050355], [0.043507821148449775, 0.183084896985307, 0.15678295941198223, 0.040035999999999995], [-0.09818912917342949, 0.2201269228847868, 0.27121282727139573, 0.10027049999999998], [-0.2260205055984674, 0.16313738040368475, 0.3453624385967302, 0.16027], [-0.1816847809000174, 0.052354346096341126, 0.3805699039055225, 0.220065], [0.16698421118308682, -0.03274055274741818, 0.3836320458429688, 0.280065], [-0.6347785594676524, 0.04573441620831394, 0.3856675537201991, 0.33999999999999997], [0.8546930784198113, -0.2576730996616704, 0.3519005082394018, 0.40004], [-0.6505435555372711, 0.20496189680664062, 0.3423898633219838, 0.46016500000000005], [-0.18981541317330547, -0.12167012190199505, 0.35632987822560336, 0.52016], [0.19841480829727917, -0.22581950392571123, 0.2927754506467691, 0.5801], [0.049167105790544355, -0.08295210667576268, 0.21866573284584567, 0.6401049999999999], [-0.04004416475469645, -0.038257346000099335, 0.18193773898443164, 0.700115], [0.039940035053201164, -0.08294206317128458, 0.13685617006076925, 0.760435], [-0.0008172829316270058, -0.012390504190858794, 0.08072317601902099, 0.820415], [0.0011998337700033258, -0.014498750353205792, 0.05760218755543725, 0.880145]], "x": [0.5765107067383223, 1.0330935766723277, 1.3168894929137722, 1.5103581011016953, 1.6737400827704356, 1.8298619447158349, 1.9865134197260277, 2.1458380174379355, 2.3262673076511535, 2.493630950935, 2.6765268501361636, 2.9165415252436344, 3.219554145551656, 3.591516098434728, 4.180328459152066, 5.040188237923336, 9.539205492263063]}}