{"cdf_smooth": {"c": [[0.005197, 0.008960414676047745, 0.023979194443500947, 0.040373], [0.040373, 0.05302505271008671, 0.07643049376703923, 0.10018099999999999], [0.10018099999999999, 0.1168327397299363, 0.1398263493464293, 0.16038], [0.16038, 0.1800332611837606, 0.19815026349915282, 0.220785], [0.220785, 0.23846356986853995, 0.2602459992833075, 0.28067], [0.28067, 0.3001036368223259, 0.3218986295364037, 0.34033], [0.34033, 0.36177775901237963, 0.3798664941573453, 0.400075], [0.400075, 0.4198709437103902, 0.44019811499332523, 0.460345], [0.460345, 0.4802869005803139, 0.5012989361740823, 0.52034], [0.52034, 0.5412862723219072, 0.5611097966434929, 0.58022], [0.58022, 0.6011393023312568, 0.6228537855280007, 0.6403399999999999], [0.6403399999999999, 0.6632173502839213, 0.683318493871184, 0.70058], [0.70058, 0.7236471750150684, 0.742790764768314, 0.7605200000000001], [0.7605200000000001, 0.7828030338211887, 0.8031290955278759, 0.820125], [0.820125, 0.8434518874439103, 0.8716144704306147, 0.880425], [0.880425, 0.927752827229577, 0.9552978828022265, 0.95536], [0.95536, 0.9998640125068389, 1.0, 1.0]], "x": [0.12608019058413572, 0.4014880347640609, 0.614036277411382, 0.7630561754254601, 0.9055479899751663, 1.0168393893302121, 1.1227342463915297, 1.2459593413125705, 1.3666687624720302, 1.4861500259562699, 1.6175863314687748, 1.761465272002566, 1.9497032080259327, 2.2012523707885956, 2.517412567677076, 2.951342597064939, 5.282299584253939, 1675.301917808219]}}