{"cdf_smooth": {"x": [0.3573027749207671, 0.8009124201784108, 1.0373435869282197, 1.2603209610608213, 1.4645691119079454, 1.6604267822991794, 1.8371436055758905, 2.0457161800767105, 2.167548695934248, 2.3014112063999996, 2.493497805764382, 2.7808885450520586, 3.062969540383558, 3.401192770980828, 3.6329905588602713, 4.404497033819177, 5.274671164668495, 6.429977867835615, 8.058292566443841, 13.3411487387178], "c": [[-0.15854404545807463, 0.3244102420153987, 0.0, 0.025], [-0.17102887657019183, 0.11341523872529405, 0.19422360619613602, 0.07500000000000001], [0.13729714044918653, -0.007894431780904359, 0.21917201369837938, 0.125], [-0.20318233330691352, 0.08394803577891843, 0.23613024661117749, 0.175], [0.47537678572342246, -0.04055081180930395, 0.24499404935886954, 0.225], [-1.379241242760243, 0.23876775762028535, 0.28381635859747345, 0.275], [2.3779099412589364, -0.4924376352381555, 0.23898862366385148, 0.32499999999999996], [-3.6910013654380003, 0.995462759900255, 0.3439058689532214, 0.375], [-0.07015012177075458, -0.3535891872545017, 0.4221069411711198, 0.42500000000000004], [0.2699166441860713, -0.3817606014836353, 0.3236711723801726, 0.475], [0.38872005277688965, -0.22621849060298993, 0.20688653609660806, 0.525], [-0.3349161163549031, 0.10892513942749558, 0.17317751318875352, 0.575], [0.4560366461589746, -0.1744952749343589, 0.15468142410095634, 0.625], [-0.8236652411130724, 0.2882312882695376, 0.19314958596643492, 0.675], [0.151754340275334, -0.28454005426005796, 0.19400520584437772, 0.725], [-0.03502135612173689, 0.06669831411655361, 0.025938892807348762, 0.775], [0.007029105472751709, -0.02472572025663696, 0.06246235818889318, 0.825], [-0.0008216004217057579, -0.0003634022468206955, 0.03347672678406746, 0.875], [0.0002446886557022659, -0.004376874375959307, 0.02575806468372583, 0.925]]}}