{"cdf_smooth": {"x": [1.333455124398702, 2.1018650380022756, 2.6822341544714257, 3.062908250512728, 3.4155927652983253, 3.758320872254223, 4.092682639800695, 4.447853842326531, 4.823475024657536, 5.21702473154385, 5.694364609476083, 6.268953315177973, 6.954320672748352, 7.8343208004145435, 9.054377293150672, 10.932762110113728, 20.98394530420831], "c": [[-0.02144653404614755, 0.0758002050438496, 0.0, 0.0050305], [0.02834187013752978, 0.026361016923360587, 0.07850169574545948, 0.0400565], [-0.062188599629144053, 0.07570725531576547, 0.1377389687244136, 0.100036], [0.001371612476688857, 0.004686488472069132, 0.16834278446822348, 0.16000999999999999], [0.00720028182080647, 0.006137727914514152, 0.1721603179724598, 0.220025], [-0.03605468666800871, 0.013540944788495988, 0.1789047522153672, 0.28003999999999996], [0.008839216165952499, -0.022624981499452763, 0.17586739764423462, 0.340025], [0.011210515211567545, -0.013206676394311095, 0.1631410246216121, 0.40003], [-0.03433890621771658, -0.0005739554593853519, 0.15796472739145845, 0.46004], [0.016525471976792168, -0.04111615488972195, 0.14155759668350906, 0.520025], [0.0028083963555888456, -0.017451354561198562, 0.11360098887141182, 0.580025], [-0.00031544123114135054, -0.01261033608003145, 0.09632788095465683, 0.64007], [0.0015723449498387407, -0.01325891544919973, 0.07859794039174418, 0.7000649999999999], [0.0009265550056662686, -0.009107924179419547, 0.05891511866306997, 0.760035], [0.0005286308751902203, -0.005716575827798659, 0.04082839117769659, 0.82004], [9.92657313806104e-05, -0.0027376591985930642, 0.02494808446508514, 0.880065]]}}