{"cdf_smooth": {"x": [1.0366641086490442, 1.6753010834410131, 2.250023980462543, 2.749903081126516, 3.3592607295838404, 4.3088139472093445, 5.513828937797232, 6.812436418739749, 8.520413586897508, 14.678356879382005], "c": [[-0.09944445596205274, 0.2430194131096055, 0.0, 0.01105221], [0.0001156923916437221, 0.052492693563289845, 0.18872495781997953, 0.08426686], [-0.045622681717818345, 0.05269216676275666, 0.24917710546936975, 0.21009205000000003], [-0.01935189281870691, -0.015725308558189304, 0.26765606530304187, 0.34211845], [0.00697882195994815, -0.05110198026180507, 0.22693434573491136, 0.49499899999999997], [0.00194360928711184, -0.031221691719892253, 0.14876363811794416, 0.6703840999999999], [0.004315741517774147, -0.02419545673944544, 0.0819851434888078, 0.8077115500000001], [0.0007236127419785836, -0.007382094077058275, 0.0409782997686536, 0.88282655], [0.00020357416764826754, -0.003674351951395924, 0.022094142391085304, 0.934887]]}}