{"cdf_smooth": {"x": [0.033821734065481404, 0.08975305796876087, 0.1569134129122683, 0.23868976629881622, 0.3250873439674748, 0.4188055927671232, 0.5230859902243665, 0.6587256780411234, 0.8174495097978173, 1.0093604016496887, 1.2586330591780808, 1.5707501596045454, 1.9393292869030858, 2.495941601124365, 3.28826999260767, 4.616359948595953, 10.908843476260087], "c": [[-101.80474257810374, 16.885569279439274, 0.0, 0.0052875], [-6.734938909736451, -0.19665281663844886, 0.9334331922756863, 0.040298], [6.855466076996136, -1.5536154797406616, 0.8158845522444969, 0.1000605], [-2.196983711840417, 0.1282295698851088, 0.699321690367944, 0.16014], [0.960043869848161, -0.4412126427564228, 0.6722807110205692, 0.22010000000000002], [-1.902150391984743, -0.17129175199740515, 0.6148778717621521, 0.28002000000000005], [1.6351351802379948, -0.7663627486962664, 0.517098887752243, 0.34012], [-0.2295601032213825, -0.10099507253923018, 0.3994507436544376, 0.40024], [0.0635258655263558, -0.21030505014450915, 0.3500399953557455, 0.46018], [0.12081350939723325, -0.1737311336180341, 0.27633926882648663, 0.52006], [0.06304975489837929, -0.08338461995969543, 0.21224734163975087, 0.58002], [-0.05050221494592358, -0.024347899915250874, 0.1786221799147461, 0.6400600000000001], [0.039707774818224184, -0.08019008684948589, 0.1400916599834529, 0.70006], [-0.0015144330017432886, -0.013884577547038432, 0.08772854332411338, 0.76004], [0.0031662270650105228, -0.01748436233987998, 0.06287404164097488, 0.8200799999999999], [0.00023650122771357536, -0.004869259249623784, 0.0331864213279921, 0.88016]]}}