{"cdf_smooth": {"x": [0.5056609702761024, 4.430101037118617, 6.831024270981614, 8.56951037655814, 10.158820726178135, 11.669015188690235, 13.109411236344721, 14.306883936445656, 15.413210355158125, 16.86071300997188, 18.42327144743356, 20.13105393855613, 22.19566566251368, 24.737955783371113, 27.77074469606022, 32.63210115616434, 55.070868568053214], "c": [[5.015548795457031e-05, 0.002079901558807857, 0.0, 0.0051135], [-1.5930737783558417e-05, 0.002670398178310714, 0.01864226661785959, 0.040178], [-0.0003770724007801897, 0.0025556527428793256, 0.031189613695895915, 0.1001095], [5.688392455781183e-05, 0.0005890473542210884, 0.036656631120910145, 0.16007500000000002], [-0.0002393051010814166, 0.0008602659843013053, 0.038960039809666065, 0.22005], [0.0009929846661574761, -0.00022392573121084603, 0.03992103733615682, 0.28002499999999997], [-0.00012794435138813024, 0.004066947834333352, 0.04545651118454333, 0.34003], [-0.0036162693507524753, 0.0036073182305751297, 0.05464623529058226, 0.40007499999999996], [0.0021204889194951578, -0.008395004729177827, 0.04934949123266512, 0.46004999999999996], [-0.0004570091785607102, 0.0008132352922393682, 0.03837485984451089, 0.5203249999999999], [-8.595298054116769e-05, -0.0013290753516330424, 0.037568829607324584, 0.58053], [8.096036878223581e-05, -0.0017694423373170688, 0.03227723534970204, 0.640385], [0.00011564393209355073, -0.0012679871576258667, 0.026006122803748373, 0.7001949999999999], [-9.225109194398352e-05, -0.00038598587933023784, 0.021801243491730293, 0.760015], [5.8669205273350845e-05, -0.0012253201458237639, 0.016914492443694074, 0.82001], [4.918862871005755e-06, -0.0003696843856294283, 0.009160606860818758, 0.88002]]}}