{"cdf_smooth": {"x": [2.3289335007868144, 3.8201608053943024, 5.20906622439217, 6.285688347816565, 7.200742351339249, 8.068249952116412, 8.969427509225723, 9.797365475067762, 10.734844303875464, 11.711536074274186, 12.775615062309178, 13.898953606180905, 15.329552500445645, 17.442319329173383, 19.890501228884634, 23.860872006285636, 40.153869903757084], "c": [[-0.0042053309864973085, 0.022027309081951163, 0.0, 0.0050185], [0.0005682079848625492, 0.0032139959060209673, 0.03764052320198923, 0.0400565], [-0.00010778664869185856, 0.005581557353901344, 0.049856714787779664, 0.100058], [-0.0008460209412855289, 0.0052334208821270215, 0.06150035962104119, 0.16007], [-0.0030908104511284803, 0.0029109563339650207, 0.06895290459882508, 0.22008], [0.005126449831259847, -0.005132948342781186, 0.06702530964231082, 0.28007000000000004], [-0.007375704504619154, 0.008726576263953383, 0.07026380647347258, 0.340055], [0.0039362253497988, -0.009593301088665669, 0.06954621208515549, 0.400025], [-0.0019510795865431817, 0.0014770827038919955, 0.06193742917945035, 0.46003499999999997], [0.0014444730925263383, -0.004239727422817024, 0.0592391768179408, 0.5201199999999999], [-0.0017286115762955435, 0.0003713729768006274, 0.055122942133662964, 0.580095], [0.00016281473687027381, -0.005454075056306333, 0.049413346980737245, 0.640035], [0.0008128425388939387, -0.00475530730869644, 0.034807815858238285, 0.70004], [-0.00034172477898771104, 0.0003967329507654004, 0.025599164534258305, 0.76002], [0.00013509418035948903, -0.0021130803050362305, 0.021397234007915177, 0.820055], [6.799929740537303e-06, -0.0005039583473474645, 0.011006620219162057, 0.880155]]}}