{"cdf_smooth": {"x": [1.9517150706510524, 3.266156005909706, 4.284198621240884, 5.147875305047775, 5.869475602271299, 6.580386594112717, 7.259536657534247, 7.898628163067614, 8.53085696717112, 9.233289780122004, 10.025159452054782, 10.919588192063841, 11.92545774256992, 13.166948624997445, 14.892619136087031, 17.411239756864735, 27.883099291093227], "c": [[-0.0024839377033459057, 0.023530015724948877, 1.3631833872985662e-17, 0.0050785], [-0.00392390453459679, 0.013735047531218254, 0.04898272459890916, 0.0400915], [0.00437636019277228, 0.0017509414270858942, 0.06474812129901085, 0.100053], [-0.007432973119839918, 0.013090222202400036, 0.0775660882863607, 0.16010000000000002], [0.0032510647143763924, -0.003000684635192837, 0.08484670159370535, 0.220095], [0.0003421348682167429, 0.003932968286721142, 0.0855094722890908, 0.280065], [-0.0010579298373022928, 0.004630051039065535, 0.09132504740727858, 0.34006000000000003], [-0.006510502866683287, 0.002601709121655008, 0.09594680389604968, 0.40004], [0.001748490074907487, -0.009746673202891744, 0.0914295517996068, 0.46009500000000003], [0.0002806838504969058, -0.0060620827976898585, 0.08032496285286411, 0.520115], [0.0008332286563087799, -0.005395287711860429, 0.07125221862625425, 0.58006], [-0.0007685719777292889, -0.0031594967402552923, 0.06360057354769928, 0.64007], [0.00012652347055796919, -0.005478746189565705, 0.05491162801471796, 0.7000649999999999], [0.0005085669079098156, -0.005007512984233306, 0.041893032859674516, 0.760035], [0.00010208884303744057, -0.00237465623654539, 0.02915384112750358, 0.82003], [4.390510975311351e-05, -0.0016032870408690806, 0.01913491116072345, 0.8800250000000001]]}}