{"cdf_smooth": {"x": [-5.486286648193168, 22.74532809547944, 30.383376579045407, 34.843892229153276, 39.46551582512736, 44.2755588031676, 48.845963905494955, 53.687541255176825, 58.2046611701617, 62.767136361451556, 68.30873538668153, 73.8633916789331, 80.2663489207385, 89.00188147156217, 99.69920784349665, 115.17482991918382, 173.4371161471878], "c": [[3.2212569424707126e-06, -4.6911874492708064e-05, 0.0, 0.005077], [1.9029882577382448e-05, 0.00022591198047793392, 0.005053462031251455, 0.0401695], [-6.731251476863753e-05, 0.0006619654777657784, 0.011835113104782238, 0.1004275], [1.5335749755755088e-05, -0.00023878009895509294, 0.013722738109864114, 0.160415], [1.1210569443619992e-05, -2.61519101556366e-05, 0.012498322085229139, 0.22025], [-2.6414264342624838e-05, 0.00013561805234071445, 0.013024858933779623, 0.28101], [3.11212159860028e-05, -0.0002265536132365547, 0.012609246582278279, 0.34085], [-1.567241658060624e-05, 0.00022547371000060693, 0.012604018147231283, 0.40012000000000003], [-2.926791185595013e-05, 1.3091154844017166e-05, 0.013681644249236622, 0.46021], [3.210527004393512e-05, -0.00038751121038687654, 0.011973362034700964, 0.5201250000000001], [-1.8775489673425095e-05, 0.0001462323891537736, 0.010636291554146951, 0.58004], [-2.0794750663743895e-06, -0.00016664178641001058, 0.010522924367256528, 0.640415], [6.9186352836986365e-06, -0.00020658615621619764, 0.00813316180917392, 0.700415], [-1.850034268021332e-06, -2.5272265032118025e-05, 0.0061077550231766736, 0.76031], [1.0041457550399847e-06, -8.464352612497946e-05, 0.0049319499317398135, 0.8204899999999999], [1.3719876677340914e-07, -3.8024185483266266e-05, 0.003033590786001217, 0.880265]]}}