{"cdf_smooth": {"x": [10.300823781060412, 22.515399841027783, 29.05217007920678, 34.460411657185105, 39.6278396773242, 44.25007797119586, 49.08756038272091, 53.407456447104295, 57.71188105246623, 61.755714057151586, 67.29038088874042, 72.58340365630885, 79.93340981172803, 88.73173099602938, 100.62278582126807, 118.57238689079307, 193.95187719419005], "c": [[7.967400308027925e-06, 0.00013809024669177449, 0.0, 0.005514], [-1.493573900346462e-05, 0.00043004549787961866, 0.0069395372644534695, 0.040636], [-1.0247495368191068e-05, 0.00013715101527044812, 0.01064717055081173, 0.100202], [1.963675526477499e-05, -2.9111776290724776e-05, 0.011231472855115002, 0.160175], [-3.778768244035429e-05, 0.0002753027818487119, 0.01250364715554156, 0.22014499999999998], [4.1591962903048456e-05, -0.00024868823658869097, 0.012626665925816414, 0.28009], [-4.147967380099207e-05, 0.00035491293042420766, 0.013140526013915356, 0.34006000000000003], [4.737900876310369e-05, -0.00018265070839022928, 0.013884680908921877, 0.400105], [-0.00010534692824943682, 0.0004291674049024577, 0.014945793443021653, 0.46026500000000004], [7.42617585052296e-05, -0.0008488487512894231, 0.013248672163051268, 0.5207550000000001], [-5.1837645669131223e-05, 0.0003841935236736397, 0.010676960286641828, 0.58067], [1.9862660543151037e-05, -0.00043893999255793017, 0.010387185980393301, 0.64026], [-4.363682862193151e-06, -9.679607924445457e-07, 0.007153859815450193, 0.70078], [1.8429664587356416e-06, -0.00011614721089646507, 0.0061234429193765694, 0.760675], [3.5260942206615163e-07, -5.0402765290760806e-05, 0.004142988021392072, 0.820165], [1.2094953384687975e-07, -3.1415169912431344e-05, 0.002674388724162529, 0.8803300000000001]]}}