{"cdf_smooth": {"x": [2.749093808587397, 4.856720460992875, 6.023248926233427, 6.781123833928763, 7.637813737052053, 8.564318582597267, 9.631853039736985, 11.441604508865748, 14.073062234301362, 23.460667717019184], "c": [[-0.005516211089510143, 0.03413803866834311, -9.517324760662534e-17, 0.05], [0.011903438028723151, -0.0007403018692956186, 0.07038996020769565, 0.15000000000000002], [-0.02841160974002296, 0.04091679601490158, 0.11725698426211549, 0.25], [0.00912271961164499, -0.023680542312685883, 0.1303199084456956, 0.35], [-0.001959807198219982, -0.00023451697172265627, 0.10983211862414793, 0.45], [-0.004046274168235106, -0.005681829568178206, 0.10435059488700507, 0.55], [0.003237981461372634, -0.018640440861054118, 0.07838573312792904, 0.6499999999999999], [-0.0002800175398415025, -0.0010606157408616914, 0.04273171699922307, 0.75], [0.00011379123462061209, -0.0032711786962818816, 0.03133278306260259, 0.8500000000000001]]}}