{"cdf_smooth": {"x": [1.278514269326731, 2.6826371529608557, 3.761925151814717, 4.572527084755281, 5.29367450704996, 5.885050494983878, 6.461287863205666, 7.072700854622776, 7.697872070040574, 8.330532228453247, 8.991325952336284, 9.788277513031368, 10.73064380827388, 11.861987568321622, 13.378149823353782, 15.667973370887193, 26.423620791191922], "c": [[-0.0028231134112306896, 0.021747875342340607, 2.571656095972869e-17, 0.0050155], [0.0005128342312677489, 0.009855880910930388, 0.04437555736401289, 0.0400775], [-0.004239439608523926, 0.011516368404556469, 0.0674423695587306, 0.10009699999999999], [0.008916296775402793, 0.0012068745807936182, 0.07775585491592786, 0.160075], [-0.011614610902117972, 0.020496767888781763, 0.09340738073726752, 0.22011999999999998], [-0.004187345430346737, -0.00010903810134235562, 0.10546419458204422, 0.28012499999999996], [0.003726649768906412, -0.007347752833198069, 0.10116731299854462, 0.34006000000000003], [-0.00017329666591360695, -0.0005121865836852741, 0.09636164392731077, 0.40002000000000004], [-6.065727197138733e-05, -0.0008372068454566521, 0.09551804199713743, 0.46002], [-0.006771310855550159, -0.000952333163339654, 0.0943858713316866, 0.5201], [0.003825793419404854, -0.014375652310765447, 0.08425723473062756, 0.5801000000000001], [6.036371310514773e-05, -0.005228736201290432, 0.06863348670947188, 0.640055], [-0.00013593534453584075, -0.005058082015232536, 0.05893953593693399, 0.70014], [0.000421652905087547, -0.005519450826664263, 0.04697271015955404, 0.76015], [0.0002499288107071414, -0.003601568168409076, 0.033143765431792475, 0.8201499999999999], [5.7515638658247165e-05, -0.001884689540516381, 0.020581203342058266, 0.88016]]}}