{"cdf_smooth": {"x": [1.17389198583551, 1.9736860023448946, 2.712455458462532, 3.470494114346096, 4.245893544571647, 5.010461379633201, 5.776340174139664, 6.89340625829019, 7.187302983591114, 11.391616700600299, 22.48910147687146], "c": [[-0.07124482580341403, 0.18914556394798282, 0.0, 0.026153595], [-0.0032386231534658368, 0.01820200779351112, 0.1658353472165971, 0.110695245], [-0.012468531135813574, 0.011024220196543533, 0.1874267917731797, 0.2418378], [-0.002814847183778026, -0.017330665552559917, 0.18264626241210188, 0.3848182], [0.010266481131201323, -0.02387855825998017, 0.15069265374782098, 0.51470975], [-0.04739280728559274, -0.00033029450343163846, 0.1321833436011754, 0.62055445], [0.11463835624214262, -0.1092217328399322, 0.048279768963700745, 0.7003063], [-0.4301897197846037, 0.2749541262626586, 0.23341380470131898, 0.7777433499999999], [0.009590177650343992, -0.10433992344579315, 0.2835567601990235, 0.8591716], [-0.0007677267293693187, 0.016620422885895294, -0.08524353925414987, 0.9197028]]}}