{"cdf_smooth": {"x": [1.367840303888219, 1.951989627169315, 2.292950827870685, 2.596658112729863, 2.9035446406356167, 3.1904561863364393, 3.502693178432878, 3.802450379967119, 4.124878612273972, 4.485306368613701, 4.863371354235609, 5.266643195441109, 5.757079283506841, 6.369991925128777, 7.044332084186296, 7.874606545052049, 8.98234565799453, 10.765686534378064, 13.669004086224684, 25.3486094520986], "c": [[-0.10307220223180583, 0.20673810600857861, 0.0, 0.025], [0.014831369002767618, 0.026109434460173688, 0.13601773319248928, 0.07500000000000001], [-0.07480503459512937, 0.041280198609859806, 0.15899498339887266, 0.125], [0.08287479775089937, -0.02687630324219102, 0.16336955135238304, 0.175], [-0.12389992151187926, 0.04942317355580407, 0.1702888820980691, 0.225], [0.10206134382252692, -0.05722178042374779, 0.1680513717472744, 0.275], [-0.07647274519177392, 0.03838020058965096, 0.16216833353353108, 0.32499999999999996], [0.002964028449725007, -0.030389567687330928, 0.16456358329081805, 0.375], [0.021190632420169768, -0.027522508326674883, 0.14589109499240213, 0.42500000000000004], [-0.0022023688214144344, -0.0046094320308097125, 0.13430985182251196, 0.475], [-0.01861983295474699, -0.007107347641216429, 0.12988014768427236, 0.525], [0.005904477712523381, -0.029633910597015325, 0.11506343282633387, 0.575], [0.011071681854637768, -0.02094660374281172, 0.0902569232411565, 0.625], [-0.005528820931756319, -0.0005886824246407025, 0.07705767410817893, 0.675], [0.0018496686256130055, -0.01177360038420406, 0.06872129035254856, 0.725], [6.486616430800706e-05, -0.00716640252147066, 0.0529958896512437, 0.775], [0.0009669854709152856, -0.006950838159539111, 0.03735766998206647, 0.825], [6.999372119303703e-05, -0.0017774440080824848, 0.021792167611937415, 0.875], [3.430203724897435e-05, -0.0011678020103060736, 0.013241183152243539, 0.925]]}}