{"cdf_smooth": {"x": [2.0497565565826315, 3.2878252375185553, 4.179887555117559, 4.778712398717575, 5.286646229204375, 5.772250862063065, 6.237054159049989, 6.737191475797254, 7.269964844369032, 7.861979274168239, 8.506901348333644, 9.1647553609984, 9.919158216449276, 10.925015432889069, 12.150102917927024, 14.415746828141964, 21.82532401413915], "c": [[-0.0035396460501571597, 0.027277143632557264, 0.0, 0.0050275], [0.00422099066025939, 0.014130168883662924, 0.05126509678805825, 0.040121], [-0.004473550663143671, 0.025426329016527204, 0.08655195798100193, 0.1000935], [-0.011120033866870885, 0.01738970918794594, 0.11219126536236788, 0.16008], [0.008693045032483708, 0.00044498499651795306, 0.12125010989504328, 0.22009499999999999], [-0.02144938294667625, 0.01310913382078768, 0.12783205278704415, 0.28007499999999996], [0.00868702936237835, -0.016800097915062935, 0.12611648050696467, 0.34017], [-0.004876841359934643, -0.003765975247649218, 0.11583061985933793, 0.40013], [0.002012661406441852, -0.011560728845616888, 0.10766496009046571, 0.46003499999999997], [0.005085729363440012, -0.007986155060876233, 0.09609292276021188, 0.52014], [-0.005270185020662283, 0.0018535423282646291, 0.09213786543664287, 0.580155], [-0.002777151760522122, -0.008547494761720497, 0.08773422196770693, 0.64007], [0.004446786220133029, -0.014832768416195453, 0.0700960846650942, 0.7001999999999999], [-0.002091530140789124, -0.001414272387737908, 0.053753881426666025, 0.7602249999999999], [0.0012138937209309674, -0.009101194587919177, 0.0408715144354586, 0.82011], [-3.473970816355675e-05, -0.0008504418384929775, 0.01832464996928473, 0.88011]]}}