{"cdf_smooth": {"x": [0.19729056978748305, 0.4241639394130336, 0.6065646769634375, 0.7379021144575437, 0.8534939391645968, 0.966419247840568, 1.099042664575087, 1.2256819519518138, 1.359796701742217, 1.5058088225211512, 1.6656939178082186, 1.8408221276091132, 2.0604298545120465, 2.3424993077819893, 2.7404692330232194, 3.346545450399194, 5.979773015024153], "c": [[-0.8726203181118748, 0.8780979225550363, 0.0, 0.0051145], [0.3846044468112968, 0.2841749866337535, 0.26368877133215224, 0.040121500000000004], [-0.7475072934140825, 0.49463139092439284, 0.40574362900771604, 0.10000700000000001], [-0.07865963196293028, 0.2001043136489084, 0.4969884361820362, 0.160135], [-2.2808077514101472, 0.17282708248076734, 0.5400962567512142, 0.220135], [2.315695173795234, -0.5998556755948433, 0.49187392106034095, 0.280045], [-1.37925358664101, 0.32149054259823573, 0.45495618602257204, 0.34013], [0.23026436831707078, -0.20251253137380054, 0.4700234765775348, 0.4001], [-0.05771990572417701, -0.1098669869463336, 0.4281287756383834, 0.46005], [0.16966294953729513, -0.13515040448417626, 0.3923532666878925, 0.5200400000000001], [-0.32360228425529636, -0.05377067392380963, 0.362147602064896, 0.58001], [0.1833571867940056, -0.22378634011114257, 0.31353953907927334, 0.640045], [0.0020413281975897074, -0.10298637510169882, 0.24177772587748178, 0.7000500000000001], [0.04354616319282252, -0.10125898611578281, 0.1841663485059447, 0.7601], [0.012313312800224551, -0.049268796184613384, 0.12426081823712809, 0.8201], [0.003050510551213161, -0.026880378048631665, 0.07810861476153895, 0.880055]]}}