{"cdf_smooth": {"x": [0.7870637190565478, 1.3694904398475618, 2.10933034520548, 3.2269606027397244, 4.816828997260276, 6.800229172602747, 13.694905972602731, 28.019462794520514], "c": [[-0.774405863933033, 1.0406210076189186, 0.0, 0.1], [0.14145840707551152, -0.31248299605662816, 0.4240870343575147, 0.30000000000000004], [-0.013378570463255598, 0.0014867274518566703, 0.1939995844262949, 0.5], [0.006373777748256176, -0.04337015800500855, 0.14718939515075816, 0.7], [0.0015053133680774636, -0.012969754618055907, 0.057616348721298415, 0.8500000000000001], [0.00021585331648061635, -0.004012838223485277, 0.023933071101615824, 0.925], [-2.0025572212434752e-05, 0.000451878336540603, -0.0006185964166321834, 0.97]]}}