{"cdf_smooth": {"x": [0.2106149103522096, 0.34827281386865816, 0.49193464633251355, 0.59514520264303, 0.6913935831309009, 0.7889623316233849, 0.8895126895381256, 0.9905148447306665, 1.1302193690786617, 1.2838608037317738, 1.439369668802954, 1.6672000131178892, 1.9598925500139628, 2.294105123461592, 2.8707964206261125, 3.7389729865483963, 7.42258700184343], "c": [[-6.927547734672577, 2.801497519054424, 0.0, 0.0050295], [2.439500113429988, -0.059397573941024184, 0.37747172967687925, 0.040046], [-3.0521283267679133, 0.9919915958323853, 0.5114498958066285, 0.1002815], [-0.16482500391532195, 0.04695600822198198, 0.6186802559985576, 0.16028], [-0.7889348235441668, -0.00063641085029012, 0.6231384422304335, 0.220115], [1.851654922796807, -0.2315625609763174, 0.6004830791480696, 0.28017499999999995], [-4.745899333779689, 0.3269911346891139, 0.6100784563901845, 0.340095], [2.7514830773075265, -1.1110470484266672, 0.5308871193112348, 0.40015999999999996], [0.10411113561893189, 0.04213685527374762, 0.38155552920608293, 0.460145], [-1.225792369567956, 0.09012420799331775, 0.40187630871518115, 0.52014], [0.6198888345450189, -0.4817405326199594, 0.3409764985291453, 0.5802050000000001], [0.04676604961694242, -0.05805207278583223, 0.2179953633808877, 0.640215], [-0.10068770350115042, -0.01698785167686026, 0.19603173752141237, 0.7002200000000001], [0.06342864872515207, -0.11794114118181456, 0.15093677158541796, 0.76008], [-0.0025948149559977414, -0.008204892049712522, 0.07818945204896986, 0.820065], [0.001281389221648128, -0.014963164662818142, 0.05807548813319221, 0.880065]]}}