{"cdf_smooth": {"c": [[-1.9124909069018063, 1.2542839176920235, 0.0, 0.0050905], [0.4614227763313079, 0.10156262408867782, 0.2724044637160233, 0.040209999999999996], [0.5829287285293216, 0.37004067814327474, 0.3638716556014131, 0.1002295], [-3.0287074598455503, 0.6161978110532953, 0.502693451465795, 0.16040500000000002], [2.102446315452592, -0.4039300028311845, 0.5265254323829084, 0.220325], [-0.8282409608798463, 0.3389374623901954, 0.5188707234499801, 0.28017000000000003], [-1.582544167929087, 0.06570410005176767, 0.5633672648632595, 0.340225], [1.2052755168765314, -0.4494370774066153, 0.5217303737124598, 0.400105], [-0.43477808606556867, -0.0023321724523316725, 0.4658681124310712, 0.460025], [-0.22402120151334493, -0.17365275335746255, 0.4427529948675997, 0.52019], [0.527140044537495, -0.2713949071429932, 0.3780271019898001, 0.58022], [-0.4762749646389699, 0.0017351665253427934, 0.331453656227454, 0.64013], [0.22542207005359266, -0.2714137113451027, 0.2798991289954168, 0.7002299999999999], [0.030543323032522534, -0.0899454239487252, 0.18293254626283179, 0.76015], [0.016642994879786887, -0.05389455979048397, 0.12634019154115514, 0.82006], [0.0022081296402166775, -0.02392585870474815, 0.07963031195726426, 0.8800749999999999]], "x": [0.17327819966012434, 0.37418918428988973, 0.5681386147805252, 0.7088974650840366, 0.821170640732866, 0.9389489100694715, 1.0489142362825001, 1.1574190915019067, 1.28107129071385, 1.4124184356872465, 1.557854303848008, 1.7305662023897421, 1.9217364983674727, 2.19007503823513, 2.583514701189222, 3.1837412289706504, 7.80755323092107]}}