{"cdf_smooth": {"x": [0.916781640751374, 1.9296469667381626, 2.856440291313335, 3.5878186658387987, 4.220050534285343, 4.85204777292097, 5.483343775565151, 6.147680438356165, 6.932129113525423, 7.796145498727891, 8.771633906107642, 9.950210042007312, 11.371313592026901, 13.220887853820397, 15.949143404579003, 20.459027772996745, 47.26080746915639], "c": [[-0.012615005505883027, 0.04689576420614486, 0.0, 0.00501], [0.0007263562911519567, 0.008563859214020846, 0.05617312955457066, 0.040012], [0.0007265787951510327, 0.010583405699729272, 0.07391868686050669, 0.10000699999999998], [-0.008254652579377549, 0.012177617754216111, 0.09056560719678913, 0.160015], [0.0026606325246391286, -0.003478945516694838, 0.09606518499852133, 0.220055], [-0.00209117239933851, 0.0015655917090934028, 0.09485595067558424, 0.28005], [-0.00542818293545147, -0.0023948546205330235, 0.09433244031445115, 0.34003], [0.004725225303375167, -0.013213277429603909, 0.08396338595586172, 0.40005], [-0.0009360546029265078, -0.0020931872422772185, 0.07195625002247955, 0.460065], [-0.00035920431030934973, -0.004519486785395315, 0.06624279131256769, 0.52007], [0.0007612803533102826, -0.005570685707158148, 0.05639994501761975, 0.580055], [-6.749275903688518e-05, -0.0028790051357357946, 0.046441341034454936, 0.6400349999999999], [0.0001331343718832961, -0.0031667477341395826, 0.0378497001685339, 0.7000249999999999], [0.00014949509544380038, -0.0024280220113534136, 0.027501758046609096, 0.76004], [5.616295514849982e-05, -0.0012044395394861947, 0.017591474657613692, 0.8200350000000001], [6.3462223565794575e-06, -0.0004445742389610955, 0.010154613194888775, 0.8800250000000001]]}}