{"cdf_smooth": {"x": [0.6697818814016319, 1.2642611307404121, 1.905576304128222, 2.4505605477621284, 2.924712985316547, 3.4249931687550736, 3.930014541496105, 4.496145765660062, 5.111658460159927, 5.879231506849318, 6.667191446352359, 7.619267125111721, 8.877494004251847, 10.541825779787542, 12.62113116187382, 16.76160947322978, 38.93254992655196], "c": [[-0.08111043157029287, 0.1474783619052471, 0.0, 0.005045], [0.005940165434984664, 0.002822956484890514, 0.08935101493119799, 0.040124], [0.006367384959506937, 0.014251511162558905, 0.10030113011102655, 0.10015399999999999], [-0.02985916349186325, 0.024661884590807585, 0.1215083176629017, 0.16008], [0.01684918304731786, -0.017811500868200852, 0.12475644380315873, 0.220055], [-0.018092092060077523, 0.007476436288903866, 0.11958601579957889, 0.28012000000000004], [0.012149122644860417, -0.019934243214908488, 0.11329455704446527, 0.34009], [-0.012958808974431335, 0.000699749811450154, 0.10240530974779184, 0.400045], [0.012728923923435536, -0.023229184476633614, 0.08853815671146609, 0.46032], [-0.0070105254305556424, 0.006081952274333079, 0.07537640344765581, 0.52035], [0.0012417637830850496, -0.010490087308102365, 0.0719029696331257, 0.58009], [0.000723383333252114, -0.006943328018183891, 0.05530503890325786, 0.64011], [0.0006313361474117731, -0.00421278695672452, 0.04126811517505042, 0.700145], [-0.00033645392932257024, -0.0010605285231794098, 0.03249156865942203, 0.76007], [0.00022492661929783515, -0.0031592999213729055, 0.023717256663183656, 0.82002], [4.80022151743192e-06, -0.00036538855482499006, 0.009123360473199988, 0.8800250000000001]]}}