{"cdf_smooth": {"x": [1.0049844895617148, 2.004441766005479, 2.914868624535553, 3.654036170962194, 4.342481948777444, 4.969972661888235, 5.630738102445499, 6.3304109808365405, 7.110087757202805, 7.975869374731993, 8.968581418879596, 10.197078206974096, 11.641970729391586, 13.543045927048679, 16.479188646575352, 21.425718942198095, 47.99058901003878], "c": [[-0.013050773588233804, 0.04810473721056459, 0.0, 0.005023], [0.0008367349457955224, 0.008973665332623419, 0.057047424749575575, 0.040046], [-0.004810928339128085, 0.011259023236992282, 0.07546780784362811, 0.100053], [0.005238878014564309, 0.0005907769475890913, 0.08422679557171114, 0.160045], [-0.010216074783536552, 0.011410827296436742, 0.09248924934052043, 0.22002], [0.0029716267109255266, -0.007820648856906835, 0.09474205296973606, 0.28002499999999997], [-0.002410689986713377, -0.0019300041584574602, 0.08829915843431782, 0.34007], [0.0011087775533583347, -0.0069900873641940715, 0.08205801232315268, 0.40008], [-0.00011917101338283966, -0.004396623038664912, 0.07318005866283535, 0.460335], [-0.0004705560615093225, -0.004706151256852481, 0.06529904400925919, 0.52032], [0.0011707346951638263, -0.0061075312659733885, 0.05456417112726153, 0.580045], [-0.00036235730771212764, -0.0017927998278147708, 0.04485863975365972, 0.6400300000000001], [0.00015354074368011515, -0.003363501920884514, 0.03740833791363587, 0.70001], [0.00016897912585234605, -0.0024878244219642305, 0.026284526529848525, 0.760025], [4.195662202084234e-05, -0.00099938393159419, 0.016045585111075372, 0.82003], [5.091451030652679e-06, -0.0003767648258099232, 0.009238423591292334, 0.8800250000000001]]}}