{"cdf_smooth": {"x": [1.2790727813353044, 2.3977684870855795, 3.328459073777379, 4.075580394948732, 4.7799012015172995, 5.497171857387827, 6.104450080446184, 6.889366257605581, 7.636873553382331, 8.512137944656807, 9.587988472370315, 10.849016390242555, 12.364577939915746, 14.35772407708381, 17.023608818120522, 21.519008917691803, 42.64911479616546], "c": [[-0.006875324688112834, 0.03579052499100323, 0.0, 0.0052165], [-0.0012275404726130106, 0.012716336378311162, 0.054264417513275966, 0.040382], [-0.0027425470238237348, 0.0092889552903788, 0.07474453532673316, 0.1009105], [-0.0040900182572798024, 0.00314190922293762, 0.08403189924522415, 0.160795], [0.014070908915334716, -0.005500145650604885, 0.08237094426241022, 0.22011], [-0.03374242788406657, 0.02477780454858497, 0.09619824330381263, 0.281555], [0.023369000278045123, -0.036695320392747116, 0.08896099545870005, 0.341555], [-0.014170825382736625, 0.01833279869409305, 0.07454795512398604, 0.400075], [0.0028466921177680913, -0.013445587388228895, 0.07820118123112214, 0.460125], [0.0008685661782801676, -0.00597076265741645, 0.06120674142764818, 0.52018], [0.0001027106383112965, -0.0031674205136460296, 0.05137542224071797, 0.5802], [-5.183972343954665e-05, -0.002778857566526914, 0.04387699957418808, 0.640155], [0.0002718884053012724, -0.0030145564412989104, 0.03509672406258919, 0.70009], [-1.77486616851266e-05, -0.0013888164669978548, 0.026320158359906965, 0.7602199999999999], [8.232499011903988e-05, -0.0015307641260784608, 0.018536893006597905, 0.8201799999999999], [5.976985705866765e-06, -0.00042051281974345096, 0.009765122430058937, 0.880055]]}}