{"cdf_smooth": {"x": [0.38376550143451726, 0.6090897686002972, 0.8463328335125903, 1.0289741650907351, 1.1946590265753423, 1.3361156044136242, 1.4926598849397539, 1.6344214156088137, 1.7895668511354856, 1.9427434019412126, 2.141822353424656, 2.399915729806329, 2.7152379340355126, 3.1119464768203002, 3.630854597004332, 4.5114460921023, 8.00915103891705], "c": [[-1.553075651669894, 1.04023108115279, 0.0, 0.005085], [0.40604299430206403, -0.009605818043814288, 0.23222488213256892, 0.0401315], [-0.5555701450087931, 0.27938683531934616, 0.29622855752617205, 0.10010650000000001], [0.864955818044895, -0.025023377889061463, 0.3426858380960601, 0.160145], [-1.9097933908368117, 0.4049068768201586, 0.4056267829967469, 0.22017], [1.6745907478167015, -0.40555163551767504, 0.4055355776378651, 0.28024499999999997], [-1.6485722981262125, 0.38089117586036225, 0.4016751237233674, 0.340215], [1.114069038881235, -0.3202212213425829, 0.4102757893414301, 0.400115], [-1.2939013823473835, 0.19830695738944593, 0.39136134776350723, 0.46021999999999996], [0.46650340325324086, -0.3962790951027583, 0.36103665855294576, 0.52017], [0.06275066728484144, -0.11766606995341679, 0.2587209939735768, 0.58002], [0.015495054873637667, -0.069079475184173, 0.21052320570477998, 0.640035], [0.014932548514694347, -0.05442167061194989, 0.17158055218751664, 0.700035], [-0.0030298427799590496, -0.036650061927967124, 0.13545161788272017, 0.76047], [0.011861150056468742, -0.04136669199217213, 0.09496809076316047, 0.820465], [0.0005578130431900205, -0.010032208406750644, 0.04970665621448148, 0.880115]]}}