{"cdf_smooth": {"x": [3.2193441231285935, 4.899062083036479, 7.22227702608702, 8.312499008753473, 9.496672111419528, 10.2742589428037, 11.057898332660631, 12.130389383561647, 13.1472560069566, 14.169366807617706, 15.247888223653353, 16.508985244696213, 17.866244112831613, 19.49264443648554, 22.103371090168327, 26.084269160976014, 41.86885265444302], "c": [[-0.006220333178013752, 0.022996552433566148, -1.194705453262277e-17, 0.0057265], [0.003776399220406209, -0.008348663633595654, 0.02460432189204403, 0.0411305], [-0.009628427999433364, 0.017971497665720718, 0.046960233709972224, 0.100584], [0.010564314883314174, -0.013519873924789646, 0.05181349177089521, 0.160665], [-0.010456621123898597, 0.024010058673956322, 0.06423568639285605, 0.220605], [-0.008041624365072839, -0.0003827339861948876, 0.0826079829308974, 0.28015500000000004], [0.008200680136479992, -0.019287934818907858, 0.06719327203038893, 0.340785], [-0.0026305932543047796, 0.007097533354121644, 0.05411917555251512, 0.40078], [-0.00013575014910103, -0.0009273540859696413, 0.06039342491066235, 0.460385], [-0.001111372075799838, -0.0013436091667322144, 0.058072248842171326, 0.5209999999999999], [0.001362046672314308, -0.004939524921534575, 0.05129575416815199, 0.580675], [-0.0007001886674803644, 0.00021349408139616298, 0.04533577075429676, 0.64024], [-0.0003222845448908529, -0.00263751775352075, 0.04204574312873555, 0.700415], [0.0004400376505705281, -0.004210008817878155, 0.030908923696783455, 0.760435], [9.203499826490201e-06, -0.0007635547489728564, 0.017924308729019872, 0.820265], [1.1174221908459065e-05, -0.0006536401648609965, 0.012282600230580224, 0.8801]]}}