{"cdf_smooth": {"x": [3.034650724808732, 5.03494784820891, 6.451170879108212, 7.285867785224531, 7.845492534096474, 8.644693919483288, 9.448438239992248, 10.411345194073432, 11.346548130964976, 12.410273132297519, 13.336043868280811, 14.532446339072527, 16.024018132294174, 17.77626960180254, 19.651970807002392, 23.577624513290843, 38.8102463777735], "c": [[-0.0009909026666942253, 0.010747870044818357, -2.939746248654505e-17, 0.0058845], [0.0019435138332398849, 0.004801570783544288, 0.031103501759455046, 0.040958], [0.011405607296695439, 0.013058917938061416, 0.056397937230110294, 0.10015850000000001], [-0.05684230636773196, 0.04161959330684966, 0.10203792139728389, 0.162965], [0.030853327500674075, -0.05381149097218238, 0.09521503372804963, 0.22314], [-0.015656408892303644, 0.02016257527481305, 0.06832277368594794, 0.280615], [0.009260266800984884, -0.017588673905452053, 0.0703915322931221, 0.340425], [-0.0073288959353568555, 0.009161651992494364, 0.0622770942909406, 0.400165], [0.007407675237675959, -0.01140036301626028, 0.0601834451666632, 0.460425], [-0.008867871900427792, 0.012238825039943457, 0.06107533818392284, 0.5204599999999999], [0.0029206333205622705, -0.012390023847650224, 0.06093536275243227, 0.5804549999999999], [-4.592843675650734e-05, -0.0019072650846582934, 0.04383005094819532, 0.640625], [0.0003926726104932825, -0.0021127817669765836, 0.03783386245686722, 0.701605], [-0.0007357309268715322, -4.859829065895736e-05, 0.03404658107470926, 0.763525], [0.0003388603892402786, -0.004188632449366192, 0.02609880226893426, 0.82236], [-4.094502734912648e-06, -0.00019788682055985242, 0.008878846639243375, 0.880765]]}}