{"cdf_smooth": {"x": [3.285409425546119, 5.6349904560022805, 7.276185395065091, 8.379073527293798, 9.5635317903443, 10.530851691041734, 11.41297850058263, 12.405099045384501, 13.414956438124571, 14.366870730760986, 15.632648223009868, 16.892421067564168, 18.213201617066638, 20.310574431358177, 22.66343561278416, 26.188633148216706, 42.07406784205426], "c": [[-0.000593266217342406, 0.007737881985319499, 0.0, 0.0059815], [0.001400063306010929, 0.003556100834484905, 0.026536127791710207, 0.0410035], [-0.005411395600270725, 0.010449431271062917, 0.049521936202217065, 0.100322], [0.004748513218524536, -0.0074550606879367634, 0.052824391981841655, 0.16038999999999998], [-0.0019721033970325364, 0.009418186468720967, 0.055149632534299, 0.22038999999999997], [-0.0039174765670259145, 0.003695221882173195, 0.06783449339809086, 0.280765], [0.0019633626636172347, -0.00667191143439227, 0.06520867574039821, 0.34079], [0.0022018210417069383, -0.0008282341279775287, 0.05776762723896656, 0.400835], [-0.006398175760996642, 0.005842341641397681, 0.0628311607793874, 0.460595], [0.00412239424426932, -0.012429203219680086, 0.05656103309940276, 0.52018], [-0.0008652774603446518, 0.0032248983260372093, 0.044910431133233404, 0.58022], [-0.0019545641289616844, -4.526081660408002e-05, 0.0489160521231435, 0.640185], [0.0014542325015367255, -0.007789911669467548, 0.03856750870154316, 0.70021], [-0.0005071227307541069, 0.001360291473679366, 0.025082198096677187, 0.76025], [0.00014253134207412737, -0.0022192766885508726, 0.023061125129187166, 0.82019], [1.3064489203700528e-05, -0.0007119232811460516, 0.012728066220151615, 0.88015]]}}