{"cdf_smooth": {"x": [1.9631449052369712, 3.0696864342050647, 3.9427581725334298, 4.63282306249015, 5.2222417543371416, 5.7984025391022165, 6.385507346617548, 7.017860118617892, 7.679324803759423, 8.424977798298926, 9.198108810958908, 10.061318046020459, 11.136165436318299, 12.4955756109589, 14.29012648851662, 16.88155185166588, 27.175888053746867], "c": [[-0.005629200091022472, 0.03482460139025924, 0.0, 0.0051155], [-0.0024279826322556727, 0.01613777036349727, 0.056391980760242065, 0.040129000000000005], [0.002502023623344275, 0.009778361311373725, 0.07901862289236843, 0.1000485], [-0.008902086929605722, 0.014958037280310298, 0.09608834306446443, 0.160055], [0.00043833565474734096, -0.000783132017959006, 0.10444329718125461, 0.22006499999999998], [-0.005123551138351914, -2.547657346986098e-05, 0.10397740862064922, 0.280065], [0.004913796381205344, -0.009049661088101062, 0.09864935167067751, 0.34006499999999995], [-0.0058588799590055815, 0.0002720972000002501, 0.09309883481462687, 0.40007], [0.005667088466061966, -0.01135422936209663, 0.08576839575332891, 0.460075], [-0.0029275868586526167, 0.001322815093021559, 0.07828844166412675, 0.520065], [-0.001040697743571874, -0.005467409485018968, 0.07508412720477695, 0.58003], [0.0011451925942110122, -0.008162429194495894, 0.06331872458422062, 0.6401], [0.0002473689545081644, -0.004469707380667544, 0.049741105552520315, 0.70015], [0.00020321654976155476, -0.0034608797597217647, 0.038960184703001235, 0.76013], [0.00011426235345403648, -0.002366832446595249, 0.028502058649001263, 0.820075], [3.744266080900415e-05, -0.0014785253642135027, 0.01853710088768735, 0.88003]]}}