{"cdf_smooth": {"x": [0.23649369941338205, 0.39665926594690293, 0.5334916982960909, 0.643677495703736, 0.7440761806967825, 0.8397217769627632, 0.9407261049985433, 1.045137469372795, 1.1676317010214186, 1.3009656760284247, 1.4550309302091822, 1.6302626136986287, 1.8571029925818046, 2.1405749250966677, 2.5268729747038696, 3.177340254285946, 7.552311954849268], "c": [[-2.6283432644840277, 1.7875544292711198, 0.0, 0.005037], [-0.17906684786617388, 0.5246441652691752, 0.37033459783255723, 0.040094], [-0.7749466896455517, 0.45113770822927973, 0.5038532050255989, 0.100132], [0.23308126352486858, 0.1949733513882461, 0.575045467343455, 0.16009], [-2.080177062286578, 0.2651765084514916, 0.6212439081710991, 0.22002500000000003], [1.3473478456197565, -0.33170281793214873, 0.6148809596334458, 0.28005], [-2.077270163152912, 0.07656107339968399, 0.5891105391730681, 0.34016], [1.5181405658216423, -0.5741107623264798, 0.537160697308237, 0.40014], [-0.6968170556690046, -0.01622037589169907, 0.46484853811394433, 0.460115], [0.4706143695223942, -0.2949485395467803, 0.423359149719913, 0.520155], [-0.32989559360949827, -0.0774325721620269, 0.36598815909238264, 0.5801000000000001], [0.2601632497123918, -0.25085705289385635, 0.3084614154217213, 0.64008], [-0.022255758083481493, -0.07381046248514468, 0.23481371322208933, 0.70018], [0.02174417703561758, -0.09273711074566805, 0.18760215078269019, 0.760305], [0.02448873338120051, -0.06753791120814961, 0.12568822240117894, 0.82019], [0.0018095477003790318, -0.019750551859508806, 0.06890993329065863, 0.88011]]}}