{"cdf_smooth": {"x": [0.3128585480514915, 0.49609699399923024, 0.6316099765616783, 0.7309324750197419, 0.8200045209593158, 0.9149206329191998, 1.0083755049686631, 1.0999190691236023, 1.2043953189511387, 1.3162189861414202, 1.4446863833196737, 1.5959640556725498, 1.7713529589041082, 2.007000800969381, 2.340352912239945, 2.8683633937074204, 6.091387393971508], "c": [[-1.0037580013311358, 1.227206712208988, 0.0, 0.0050265], [0.1509011360300525, 0.6754255433944107, 0.3486353777268077, 0.040055999999999994], [-0.8905124508674166, 0.7367727324408935, 0.5400065780547965, 0.10007949999999999], [-3.606311295766271, 0.47142896785638944, 0.6600081895696038, 0.16011], [2.2454300186767817, -0.49223560837031066, 0.6581548995299004, 0.22009], [0.3223785505217686, 0.14714685278211626, 0.6254004165683944, 0.280045], [-3.3082321663793097, 0.23753039135362058, 0.6613503791994404, 0.34004], [2.1218638220252086, -0.6710116993335105, 0.6216679552724163, 0.40003500000000003], [-1.071794799954008, -0.00595857502376515, 0.5509406397628502, 0.46008000000000004], [0.269298050480737, -0.3655146500427602, 0.5094011414729107, 0.520115], [0.31153828600306066, -0.2617265912114439, 0.42882109180612593, 0.580095], [-0.2625458904275772, -0.12034023094539972, 0.3710229122669782, 0.640055], [0.1982783425493404, -0.2584831382555369, 0.3045814970243423, 0.70001], [0.03517350049786154, -0.11831154760544427, 0.2157906423995397, 0.760025], [0.0318646137973858, -0.08313606565022885, 0.14863765521034494, 0.8201149999999999], [0.003948265788920252, -0.03266151543143031, 0.08749531867064905, 0.88011]]}}