{"cdf_smooth": {"x": [2.2792204865753423, 3.761490395178082, 5.0328920870137, 6.341503742465752, 7.805166634520549, 9.653361422465757, 12.109332966575346, 15.579323835616425, 21.92394072986302, 51.16308276821919], "c": [[-0.02044700846734638, 0.07582202839841368, -6.54920686212619e-17, 0.05], [0.004856523268428051, -0.01510192771786521, 0.09000357808610565, 0.15000000000000002], [-0.0018771252364568859, 0.0034218479818901963, 0.0751535049490121, 0.25], [-0.0001709631811869099, -0.0039474359076218804, 0.07446571446343482, 0.35], [0.00028643186745964553, -0.004698133300254697, 0.06181151563317438, 0.45], [0.0001615668149111166, -0.0031099876466337186, 0.047380587195489425, 0.55], [3.748208202380237e-05, -0.0019195771469513604, 0.03502811918318907, 0.6499999999999999], [5.973416787205003e-05, -0.0015293896998256303, 0.023060235717247506, 0.75], [4.710286553746156e-06, -0.0003924184678913179, 0.010867099148849464, 0.8500000000000001]]}}