{"cdf_smooth": {"x": [2.19855854741063, 3.353726104354849, 4.208236998345207, 4.973168723960547, 5.727972912052605, 6.5006651380405485, 7.308717517578087, 8.171079873797252, 9.134599253391784, 10.145966598246584, 11.308993394827388, 12.627365458126038, 14.079339861172599, 15.842917797698654, 18.017176679868477, 20.715429957567096, 24.353025021106884, 29.826189765369847, 39.697952017117885, 89.95708276352867], "c": [[-0.019568010604877947, 0.06007401565190135, 0.0, 0.025], [0.006396025873319131, -0.007738977362184976, 0.06045573832371386, 0.07500000000000001], [-0.004268557737497399, 0.008657443998801171, 0.06124057807046909, 0.125], [0.00019115490615049773, -0.0011380217092966537, 0.06699242273801026, 0.175], [-0.0005819919287630302, -0.0007051681380864429, 0.06560117532175674, 0.225], [0.00010438153656072592, -0.0020542700549152516, 0.06346897888193014, 0.275], [-0.0011025712318062427, -0.0018012328079221615, 0.06035353061930054, 0.32499999999999996], [0.0017126232253163775, -0.0046536805840018645, 0.05478705629745029, 0.375], [-0.0014187461344944844, 0.00029675641860621937, 0.05058907542866784, 0.42500000000000004], [0.0006038170842450343, -0.004007864114593849, 0.046835782291706596, 0.475], [0.0002694968648919603, -0.0019010977669630814, 0.03996350128348138, 0.525], [-0.000335574140403862, -0.0008352063535027158, 0.03635603437437033, 0.575], [0.00019100153194966308, -0.0022969415400750045, 0.03180823580633928, 0.625], [6.443019508984928e-05, -0.0012864032773076874, 0.025488727947438155, 0.675], [8.107553023487343e-06, -0.0008661395054455748, 0.020808542682786337, 0.725], [2.6132017487309354e-05, -0.00080051081088636, 0.016311498003966265, 0.775], [1.4389218448215972e-05, -0.0005153377174498455, 0.011524973892924393, 0.825], [6.5968760867106185e-06, -0.00027907402812502496, 0.007177027534615619, 0.875], [6.358183505254712e-07, -8.370565112827746e-05, 0.0035957527912616086, 0.925]]}}