{"cdf_smooth": {"x": [2.3055465591320545, 3.746082908386849, 4.917810665066302, 6.189485543842191, 7.630004943846575, 9.37383509132055, 11.710380525665757, 15.19800170695889, 21.218610134860278, 48.089091235989045], "c": [[-0.021063664962473833, 0.07853237927382645, 0.0, 0.05], [0.0035395332096080736, -0.01249654580707811, 0.09512701846218725, 0.15000000000000002], [-0.0010605053514704242, -5.4437884918728634e-05, 0.08042068249664351, 0.25], [9.095402782406594e-05, -0.004100291927735784, 0.07513721696578957, 0.35], [-2.647862977810803e-05, -0.0037072288029684403, 0.0638903318872737, 0.45], [0.0001950348904013614, -0.003845751501581059, 0.050719217128923126, 0.55], [0.00011307076346491023, -0.0024786278534650948, 0.03594201742182294, 0.6499999999999999], [4.4991060238231785e-05, -0.0012955838845294687, 0.022778996621707914, 0.75], [6.409699620312397e-06, -0.00048296321517791866, 0.012071060963790056, 0.8500000000000001]]}}