{"cdf_smooth": {"x": [1.755190296773773, 3.3064058051900185, 4.65206309768943, 5.781474845006002, 6.86314003365858, 8.033881835036624, 9.234195239999998, 10.574117965401593, 12.047681265753422, 13.619571141674106, 15.47692258183888, 17.70163582894419, 20.518958752561943, 24.056849285883658, 28.823425233837252, 36.082311782739396, 69.88839376795288], "c": [[-0.002916512364577344, 0.019076332645409182, 1.031301794681912e-17, 0.005043], [-0.0005369427384200716, 0.005503915014148839, 0.038129261370218555, 0.0400595], [-0.0005214125697844067, 0.003336292279320113, 0.050025150781881536, 0.10002649999999999], [-0.0015291505150063767, 0.0015696238347810694, 0.05556595007249703, 0.16003], [0.0011870453540766498, -0.0033924628060966245, 0.053594248612705744, 0.22003499999999998], [-0.0010224226787134928, 0.0007767080423507597, 0.05053187516863473, 0.280035], [0.0003781508750724289, -0.0029049748980442954, 0.04797728793240647, 0.34004], [0.000237448731930749, -0.0013848960446241523, 0.042229192367285055, 0.40002], [-0.0003932016868400783, -0.00033520883335949386, 0.039694508946332245, 0.45999999999999996], [0.00019072938222091103, -0.0021894180855760526, 0.035726073451980624, 0.5200400000000001], [-2.1952947683339764e-05, -0.0011266636073268158, 0.029566944343963442, 0.580065], [8.195107662823684e-05, -0.0012731806478992168, 0.02422797903837249, 0.6400250000000001], [1.7402751753071061e-06, -0.0005805327074995542, 0.019005469908391148, 0.70001], [1.3273205569236394e-05, -0.000562061998295271, 0.014963094915336117, 0.76006], [8.580737958112254e-06, -0.000372258771039573, 0.01050958400855115, 0.82005], [1.771480330283414e-06, -0.00018539896100818853, 0.006461609798498382, 0.8800049999999999]]}}