{"cdf_smooth": {"x": [0.38411465498681086, 0.7540627320302701, 1.0934885292423904, 1.3433480342192141, 1.5726567332841788, 1.770803506739598, 2.001862397021938, 2.261336515822067, 2.558799204504086, 2.925365814292259, 3.3465083275055894, 3.9963598304000807, 4.91310248553881, 6.126459276047047, 8.057635462685198, 12.02348050846683, 40.67741986133907], "c": [[-0.29015877129297085, 0.36394600771919916, 0.0, 0.005001], [0.1080687650515319, 0.04191496928781682, 0.15014748799072516, 0.040119999999999996], [-0.22461826243515862, 0.151958949481854, 0.21595329742775835, 0.10013899999999999], [0.30036156204655046, -0.016410074100555623, 0.24982147233069485, 0.16008], [-0.6294393946417575, 0.19021648302548955, 0.2896767938504248, 0.22012500000000002], [0.2222170767794605, -0.18394767237649878, 0.290918938453925, 0.280095], [-0.03379349113426252, -0.029911978889155567, 0.24150476475631472, 0.340235], [-0.015823419231379334, -0.05621758788888405, 0.2191563713139461, 0.400295], [0.05838168443574733, -0.07033821837501032, 0.18151074091436725, 0.46009500000000003], [-0.04729673836866655, -0.006135889963005965, 0.1534778862843272, 0.520055], [0.02866357562203786, -0.06589189175312674, 0.12314392527121394, 0.5800700000000001], [0.0009677100101428964, -0.01001068866419307, 0.07381851931344864, 0.640135], [0.00025288650586444806, -0.00734926553188491, 0.05790390881064939, 0.70014], [0.000616847806332242, -0.00642874085452935, 0.04118627120202782, 0.76003], [0.0002031603928670769, -0.00285501547142293, 0.02325770206279749, 0.8200350000000001], [6.047989611024659e-06, -0.00043790755877009055, 0.010198479577366264, 0.88004]]}}