{"cdf_smooth": {"x": [0.6005448732089828, 0.868410120249118, 1.0858345087104606, 1.2321969975948965, 1.3434809628517106, 1.4516357505895046, 1.563302672640976, 1.6822963875496795, 1.802378394364462, 1.9460462646706151, 2.1126963265680083, 2.2902632971028574, 2.487950495158952, 2.7430417055296483, 3.120867753930606, 3.6964905907505115, 6.453771936715499], "c": [[-0.5482701590894261, 0.6418606215440696, 0.0, 0.005005], [0.21070154654357023, 0.2012730567163996, 0.22584621101509847, 0.040522], [0.718604679353659, 0.33870802143168627, 0.34325126671214207, 0.10130700000000001], [-2.037826088506596, 0.6542383296142972, 0.488581365979951, 0.161055], [-0.15212923064812653, -0.026093773284093347, 0.5584837829628582, 0.22072000000000003], [-0.4071010617255376, -0.07545428723247746, 0.5475008740325036, 0.280625], [0.9927497725541393, -0.21183345481280708, 0.5154203361351894, 0.340255], [-1.6479593271949962, 0.1425594954201498, 0.5071771703606232, 0.40026], [0.6556321283468101, -0.45111129405599615, 0.4701256511741205, 0.460365], [0.26568950852899836, -0.16853147930436665, 0.38110289357483884, 0.52054], [-0.09594050790218026, -0.03569996017882944, 0.3470677115435704, 0.5806], [-0.14407022018434712, -0.08680755619812461, 0.3253144229927663, 0.640565], [0.06310868453118104, -0.17225007065283035, 0.2741020466055399, 0.7003699999999999], [0.06109486812043821, -0.12395465848694562, 0.19854282373175008, 0.76013], [0.014162012194577946, -0.054704960688377, 0.1310405658099179, 0.8207450000000001], [0.0037123723216137532, -0.03024902778481383, 0.08213910996581426, 0.8807499999999999]]}}