{"cdf_smooth": {"x": [0.5349237282588946, 0.7878971611397336, 1.0554981459141684, 1.2021595969386236, 1.3315600373143424, 1.4651709395199002, 1.6115683700308825, 1.7627589983944256, 1.9071736619598871, 2.08827475545974, 2.311974396164657, 2.5237078935494384, 2.786352649433213, 3.122464641210155, 3.6017275603970518, 4.310679480145131, 7.071174311451569], "c": [[-1.3971982265002885, 0.9045313446910214, 0.0, 0.005353], [1.069880097002193, -0.15583075062737234, 0.18940135948020467, 0.0406195], [-1.3439345920115853, 0.7030721520176907, 0.3358436974015958, 0.1006465], [-0.4493775104908015, 0.11176195997855749, 0.4553484506111888, 0.160785], [-0.28044118887751174, -0.06268698327880473, 0.46169877420756505, 0.220605], [0.22383994782659147, -0.17509698406337748, 0.42992824380095945, 0.280505], [0.6334930636336358, -0.07678820444080053, 0.3930528994201732, 0.340395], [-1.3659926271687313, 0.2105464386233473, 0.41327589089503014, 0.400255], [0.34759108576085523, -0.3812616584330717, 0.38862210986070483, 0.460215], [0.53018019452717, -0.19241428126679644, 0.2847287698665032, 0.5201549999999999], [-0.5769718825463248, 0.16338907580697543, 0.2782358418337551, 0.580155], [0.175348408070702, -0.20310374794566755, 0.2698269154043396, 0.640915], [-0.0069311082689502805, -0.0649407284486534, 0.199426439335759, 0.70095], [0.0280417208468299, -0.07192961426514924, 0.1534226758310302, 0.7603800000000001], [0.005696144737282281, -0.03161154328892209, 0.10379923840567565, 0.8204750000000001], [0.001752981878251677, -0.01949666504894447, 0.06756597598966033, 0.880205]]}}