{"cdf_smooth": {"c": [[-2.7669547809744146, 1.5493693638579906, 0.0, 0.005301], [0.2861996301568659, 0.027327396592374063, 0.2891022597066176, 0.0403345], [-0.2617718794323299, 0.1957035805455969, 0.3328399179433606, 0.10023850000000001], [-0.2432899921899918, 0.06394354452234027, 0.37640343926387787, 0.160355], [-0.12685226162052285, -0.05093535440269584, 0.3784508814192258, 0.22023500000000001], [0.3250099472138654, -0.11305826954126319, 0.3516802064797614, 0.280105], [-0.13649613574031308, 0.057861402552664476, 0.34200436887624813, 0.34003], [-0.3322265276294041, -0.012761458883468635, 0.34978257948334, 0.40003500000000003], [0.16912097110992277, -0.19025530241958769, 0.3136283069522293, 0.460045], [0.010877559558310886, -0.08182059156669218, 0.25547965217408686, 0.520035], [0.03121261991068946, -0.07349884918027343, 0.21587124655178624, 0.580045], [-0.00265706477863174, -0.044850243536029455, 0.1796622121368072, 0.640105], [0.017729946587546962, -0.04778723144376105, 0.1455299187371539, 0.70008], [0.001969409084192199, -0.02267133003586994, 0.11225983762088784, 0.7600100000000001], [0.0019982641025664905, -0.01909379887744164, 0.0869703482976772, 0.82011], [0.0008714203115094446, -0.014135693679696738, 0.05948727443799275, 0.88011]], "x": [0.09015447331054104, 0.2735139289512306, 0.46961968429519013, 0.6373994018989151, 0.7947957911365034, 0.9580379605309222, 1.13333482304147, 1.3058009055746098, 1.483886066125176, 1.6976082519689346, 1.952620795355745, 2.2585718895629183, 2.627022059508715, 3.0992156498630155, 3.7047325004323453, 4.531801219956939, 7.39290639550513]}}