{"cdf_smooth": {"x": [0.2443771880038514, 0.4851364417607661, 0.692192051148619, 0.8586961060468431, 1.003181094985849, 1.1580866428998557, 1.312270622465753, 1.4798908505554242, 1.6554635706085479, 1.846930267055949, 2.0649777333665162, 2.327364872977795, 2.65033884642874, 3.070586594872825, 3.6272885790840657, 4.541493945041209, 8.505570454823761], "c": [[-0.7664261722554753, 0.7888024467222774, 0.0, 0.005008], [-0.1274498775281926, 0.23522986684628672, 0.24654525563773444, 0.040035], [0.24383809455581498, 0.15606223067226668, 0.3275644793380894, 0.100037], [-1.1845310189626652, 0.277862325118868, 0.39981467739722365, 0.16003], [0.7446697984448473, -0.23557852839932325, 0.4059240512985463, 0.220025], [-0.6044786473222601, 0.1104819210300147, 0.38654589279181994, 0.28002], [0.3215351348947942, -0.16912084919025694, 0.37750470949059534, 0.34003], [-0.15972787885626927, -0.007433471240529923, 0.34791063402976974, 0.40007000000000004], [0.0037605172046360547, -0.09156504571786298, 0.3305291951261594, 0.46006], [-0.025564978115705815, -0.08940500429954658, 0.29587945749340494, 0.520015], [0.04753223516856531, -0.10612814041278887, 0.2532439507091423, 0.580015], [0.005731591702127974, -0.06871259873715634, 0.20736798927606617, 0.640015], [0.025900554885401154, -0.06315913389845172, 0.16477685180088308, 0.700015], [-0.002083659394382305, -0.030505184276325103, 0.12541463297838287, 0.76003], [0.008606249734141189, -0.03398511623414416, 0.08951275472182543, 0.8200350000000001], [0.0007075128209776696, -0.010381477170986815, 0.0489525769616159, 0.8800399999999999]]}}