{"cdf_smooth": {"c": [[-6.596095479778566, 2.722656110887393, 0.0, 0.0055615], [0.6748225784430617, -0.03455447075151731, 0.37454795843112715, 0.040576999999999995], [-0.7560877892700393, 0.2787509792942074, 0.41233966815976925, 0.10021549999999999], [0.08751629850352059, -0.033100622650136316, 0.4461128438521547, 0.16021], [-0.6136940617553167, 0.0023539942109235823, 0.4419608175068837, 0.220065], [1.5867846597410042, -0.2545523506981309, 0.4067688209324121, 0.280115], [-2.578079801518176, 0.455271972743912, 0.43669845863205325, 0.34037], [1.0903653276155905, -0.5710144843295237, 0.4213401323720691, 0.40031], [-0.14976145440998742, -0.022831814661273608, 0.3218211175646598, 0.460015], [0.1795249792089664, -0.10926417237139441, 0.2964087762109618, 0.520015], [-0.3146202461424961, 0.005741466478974125, 0.27430285539122184, 0.580075], [0.20847593541762427, -0.21334451627116924, 0.22611468913543853, 0.64012], [-0.03313091183065372, -0.0026580351856857337, 0.15335038761742972, 0.7000500000000001], [0.0017690361838731106, -0.04329568727915426, 0.13456177719552395, 0.76004], [0.010955129432343065, -0.04044627245908862, 0.0896002734277762, 0.82008], [0.0004690676131481607, -0.007667115159494364, 0.04161312394661693, 0.88008]], "x": [0.14302906807491328, 0.2823645577895786, 0.43712397656331364, 0.5746087176960935, 0.7096487710625841, 0.8491897144083289, 0.998301382687649, 1.1309952913438865, 1.29857908360888, 1.490956928875396, 1.7044938590510048, 1.936610710436465, 2.2734784975400952, 2.682337876370205, 3.219243197290404, 4.2166194340579235, 10.003337771082231]}}