{"cdf_smooth": {"c": [[-0.1428998459863748, 0.2293451422578935, 0.0, 0.005037], [0.009819614685261635, 0.030642966188936457, 0.12050445201404159, 0.0400785], [0.0014062057500957546, 0.04364467026988861, 0.15329140944801228, 0.1000765], [-0.037601242554831105, 0.045145516022153644, 0.18488004762800922, 0.1602], [-0.08328242189811944, 0.010450612223418695, 0.20197968042382702, 0.22024], [0.058855905788208256, -0.06524294375227956, 0.1853798333048578, 0.28007499999999996], [0.0019254895958738174, -0.002830388579108841, 0.16131750371614456, 0.34004999999999996], [-0.00692271344560724, -0.0006677355436166582, 0.16000784048923458, 0.40015], [0.001845027671777545, -0.00852225086894482, 0.1565321855703856, 0.460195], [-0.02898769780046613, -0.006359006031307424, 0.1507162290476286, 0.5201800000000001], [0.016015848402871756, -0.0428524465676505, 0.13006499472644606, 0.580165], [0.0032211152769407365, -0.01700069984792249, 0.09786130201340515, 0.640235], [-8.357585155130372e-07, -0.010397571858134698, 0.07913959858465772, 0.7001949999999999], [0.0010014903684988365, -0.010399709739672145, 0.061406356452954045, 0.760115], [0.0007647765260119197, -0.006804111551940274, 0.04081769825450472, 0.820425], [7.372753531897285e-05, -0.0022739433370482774, 0.022893021649694898, 0.8803799999999999]], "x": [0.6463283983453949, 1.1098282589118482, 1.5511797272970793, 1.9069469522480205, 2.214515722509997, 2.5174750355340394, 2.870951628564265, 3.2453417819615686, 3.623542005859426, 4.014366286479051, 4.434009138509388, 4.972054247941795, 5.655371196894032, 6.508042352415324, 7.704791484451889, 9.679297788280476, 21.440981110694793]}}