{"cdf_smooth": {"x": [0.10778867847252464, 0.5389871158745035, 1.124491760216097, 1.6203787665552571, 2.0214627528682865, 2.459878823639555, 2.856826147403303, 3.3080732422829655, 3.8119128164383573, 4.383163956856925, 5.109586053804263, 5.854322097042622, 6.935210898800441, 8.322732139093779, 10.546910555575732, 13.757750343671423, 39.61105554870793], "c": [[-0.26609031757403856, 0.3036911235981157, 0.0, 0.005001], [0.03718436347181387, -0.040522063839049646, 0.11347808734065734, 0.040133499999999996], [0.018250284611624167, 0.024792788689849212, 0.1042685236886736, 0.1001475], [-0.08336091746998159, 0.05194302569253696, 0.14232081696175258, 0.160175], [0.07333633324771385, -0.04836116155217817, 0.14375744530959944, 0.220235], [-0.07467769577210354, 0.048094319649526616, 0.14364045753112198, 0.280145], [0.023315643109363158, -0.040835014795212864, 0.14652201916542695, 0.34007], [-0.0004916074113706148, -0.009271666140159545, 0.12391152495927803, 0.400015], [-0.00976593531290706, -0.010014739946549337, 0.11419427032956267, 0.46003000000000005], [0.01681279463257214, -0.026751145000805564, 0.09319171662488825, 0.520175], [-0.014344462645747976, 0.009888411596808517, 0.08094225446529271, 0.5802], [0.006591538098513158, -0.02216010346271588, 0.07180308322123652, 0.6400399999999999], [-0.001342696564865181, -0.0007859443115872063, 0.047000957137392406, 0.7000850000000001], [0.0008441200299547088, -0.006375004320645221, 0.03706498880952038, 0.7602], [-1.6281857824489253e-05, -0.000742583666009142, 0.02123420323219253, 0.82039], [1.5232501931557768e-05, -0.0008994189767901075, 0.015961995814534433, 0.880375]]}}