{"cdf_smooth": {"x": [-8.372082071403119, 15.984869977767472, 22.312232126315823, 26.35019808055123, 29.52671095343197, 32.12293772395503, 34.80733578082191, 37.44101432129515, 40.09918199347507, 42.99718397780478, 46.315529687978156, 49.910895974317356, 54.09126013216007, 59.25224391222668, 66.21722971074571, 76.21699291434419, 127.27804416152054], "c": [[6.308513406666726e-06, -9.449502490273975e-05, 8.773190142750628e-18, 0.0054395], [1.1734298945606362e-05, 0.0003664734507404534, 0.006624565476538116, 0.0405375], [-1.2341249117831038e-05, 0.0005892149277049954, 0.012671551948121397, 0.10009799999999999], [6.907939493798395e-05, 0.0004397142963933798, 0.01682633312434848, 0.16006], [-0.0002124343345175734, 0.0010980090582073346, 0.021710931155167, 0.22016], [0.0001016587146027254, -0.00055657406055099, 0.023116619190580487, 0.28020999999999996], [-3.8203637782589e-05, 0.00026210330727843617, 0.022326142472691504, 0.34021999999999997], [-3.846587032429479e-05, -3.9744995709619795e-05, 0.02291176278616617, 0.40014], [-2.10790345558343e-05, -0.00034649119464454385, 0.021885082231140825, 0.46004], [4.508843312385146e-05, -0.0005297524465562394, 0.019345726420184686, 0.5200400000000001], [-2.5686935998726162e-05, -8.089542065132446e-05, 0.01731938568960995, 0.58005], [5.955239392792917e-06, -0.0003579572517188397, 0.01574154958670039, 0.64008], [8.923666455439549e-07, -0.0002832720437918241, 0.013060977622788867, 0.700065], [5.9059339722870794e-06, -0.00026945557444124906, 0.010208359350293126, 0.76005], [1.4426801694836975e-06, -0.00014605133570933665, 0.0073143596219077695, 0.820075], [7.247922720365054e-07, -0.00010277195548924337, 0.004826185630381936, 0.880055]]}}