{"cdf_smooth": {"x": [-4.725287995259728, 17.47720490609276, 23.87444996247811, 27.843158465918613, 31.113852505410364, 34.29663200000002, 37.23212006002999, 39.94255746455379, 42.93804365939011, 46.12046102598268, 49.509025521267674, 53.30345190865145, 57.749543076154, 63.04865600000005, 69.95540595376679, 79.8148384730789, 118.13245443418269], "c": [[6.776638679564929e-06, -7.910732239812495e-05, 0.0, 0.005063], [1.2291963708875586e-05, 0.000372267494136088, 0.006508886631971403, 0.0402355], [-7.449131752731959e-06, 0.0006081716063457039, 0.012780995820615457, 0.10032750000000001], [-6.0228213879234534e-05, 0.0005194813087547494, 0.017256321533704124, 0.160165], [3.6364044455108634e-05, -7.148287167739538e-05, 0.018721587351554665, 0.220055], [2.939947746549875e-05, 0.0002757333334187952, 0.019371671532945684, 0.28008999999999995], [-0.0001466994766861628, 0.000534638778632073, 0.02175050919205227, 0.340075], [6.459447973976545e-05, -0.0006582204678706593, 0.02141554875902578, 0.40003500000000003], [-1.0082183634425712e-05, -7.774485090135551e-05, 0.019210974806765903, 0.460015], [-1.0020305800021207e-05, -0.00017400199977546903, 0.01840981125718698, 0.5200400000000001], [-2.354234066808485e-06, -0.00027586535717301727, 0.01688540670384363, 0.5800350000000001], [7.611101402408236e-06, -0.00030266426076854593, 0.01469021865564311, 0.640005], [-2.163426141747056e-06, -0.000201145308607906, 0.012450235379135208, 0.700005], [3.923556840473893e-06, -0.00023553802689046152, 0.010136201072367611, 0.7600100000000001], [1.7309362863662767e-06, -0.0001542409488108292, 0.007444095149963479, 0.820075], [6.786552005449136e-07, -0.0001030428002788585, 0.004907423387498077, 0.880135]]}}