{"cdf_smooth": {"x": [-1.1006520236661161, 21.434307796719374, 30.579361719215775, 35.794909620008745, 39.64507655408241, 42.9387525019991, 45.99423024657535, 49.13195173037736, 52.244755721858084, 55.86520010833277, 59.79410220703967, 64.15925261476856, 69.18810062432817, 75.29737891491165, 83.14723316014822, 92.37505779352068, 133.9508483398602], "c": [[2.403386177323845e-06, 1.4908937817447066e-05, 0.0, 0.00514], [7.132428498178057e-06, 0.00017738957063403554, 0.004333439161474213, 0.040215], [7.475829385595318e-06, 0.00037306890027660186, 0.009367411560046899, 0.100135], [-1.2566512039348206e-05, 0.0004900405390527865, 0.013869000184495885, 0.1602], [-2.222459533941297e-06, 0.00034489103166117385, 0.017083626110272965, 0.220145], [-6.553017069747756e-05, 0.00032293084712468824, 0.019283214969922503, 0.280075], [5.748959693878349e-05, -0.0002777470873685953, 0.019421272942273544, 0.34014], [-9.687614187510249e-05, 0.0002634119428612268, 0.019376293251379354, 0.40012000000000003], [5.4214732550502666e-05, -0.0006412573804629912, 0.018200134465049804, 0.460065], [-1.3858038147206041e-05, -5.241310808290724e-05, 0.015688739038730644, 0.5201250000000001], [2.2423570478077993e-06, -0.00021575373356446005, 0.014635137771778698, 0.580115], [-3.2650310123932476e-07, -0.00018638905621992584, 0.01287972400898616, 0.640075], [2.7953208441542806e-07, -0.00019131485963227174, 0.010980308423549958, 0.70009], [7.036050788657435e-06, -0.00018619164174774874, 0.008674016150114873, 0.760095], [-4.2635686630647214e-06, -2.0495722288620867e-05, 0.007051550468097223, 0.8201149999999999], [1.1444183581683797e-06, -0.00013852611409393117, 0.0055841248490821815, 0.88009]]}}