{"cdf_smooth": {"x": [1.0225502876712327, 1.4165548460235375, 1.6960301876625732, 1.8874111834748133, 2.0541063375161723, 2.22720022990708, 2.3923410318781175, 2.5584459583446573, 2.7342034520547926, 2.920514889736059, 3.141531580895966, 3.417721944507195, 3.7206313359591374, 4.102532769934193, 4.665582629515574, 5.556217212130068, 10.871775010617613], "c": [[-0.09149001136194194, 0.26239437889851125, 0.0, 0.00504], [0.09474174542060414, 0.15425193433758358, 0.16416054663570356, 0.040178000000000005], [-0.12178842761511993, 0.23368587934428992, 0.2725795996491455, 0.100173], [-0.5780840927108156, 0.1637619076781237, 0.3486435529128663, 0.160045], [0.45179293942279525, -0.1253295429717404, 0.3550500418677702, 0.22003499999999998], [-0.25859220400790156, 0.10927825234652644, 0.3522716614955537, 0.28008], [-0.11354087874622099, -0.018834119513441407, 0.36720767812518423, 0.34007], [0.0988235521007211, -0.07541321745870178, 0.3515527311477589, 0.400025], [-0.2190513346158784, -0.023306277948434866, 0.33420204005467136, 0.46002], [0.02093801902514745, -0.14574158518328642, 0.3027064896376541, 0.52006], [0.16062994881201512, -0.13185863013014198, 0.2413522085838023, 0.5800700000000001], [-0.08268418035041156, 0.0012347017775884706, 0.20527513831578348, 0.640055], [0.014184959440625457, -0.07390274248034868, 0.1832633063285053, 0.7000500000000001], [0.01892631497860406, -0.05765097342659019, 0.1330227535788983, 0.76005], [0.005174500086480094, -0.025681596453301994, 0.08610236180946931, 0.82005], [0.0008655703302111214, -0.01185583027901941, 0.05267023141930607, 0.88002]]}}