{"cdf_smooth": {"x": [0.9357436456696413, 2.0165639324289715, 3.195906748948061, 4.146766251431251, 5.122168540744729, 6.216458170083663, 7.297222791603038, 8.42371342393465, 9.655203107638695, 11.042738913311863, 12.607357235254895, 14.574837990149904, 17.142407657499884, 20.154715452462913, 24.681751574452953, 32.4633177658197, 74.35072467412746], "c": [[-0.014291812967564448, 0.045419338566975734, 1.1767390798865162e-17, 0.0050865], [0.002898965726311832, -0.0009213056027654091, 0.04809437674860392, 0.0400995], [-0.004129041676788769, 0.00933531761121729, 0.058017381368877026, 0.10029300000000001], [-0.0007901128904376397, -0.0024430979323538573, 0.06457091394372594, 0.16035], [0.0020246346171369726, -0.00475513169880081, 0.057549744282493626, 0.220275], [-0.000927065197360651, 0.0018914782953999565, 0.05441607806113093, 0.28021], [-0.0003226806343907945, -0.0011143395060478724, 0.05525598217067309, 0.34006000000000003], [-5.5602151788517465e-05, -0.0022048296416759946, 0.05151696921863801, 0.40043], [0.0002956025200262559, -0.0024102500706338972, 0.04583354616345654, 0.460425], [-0.00027807077426202277, -0.0011797728282829582, 0.04085226084802284, 0.52017], [0.0001260233356557747, -0.0024849967129046717, 0.03511829527818188, 0.580135], [0.00018454601003436752, -0.0017411512501934445, 0.026803430493447605, 0.64057], [-8.911545307876033e-05, -0.00031964703740932607, 0.021512187319671958, 0.7010350000000001], [5.3234603800232556e-05, -0.0011249765592917578, 0.017160536398541745, 0.7605], [1.0604995774559188e-05, -0.0004019916362613114, 0.010247896220143033, 0.82007], [1.3333818815733145e-06, -0.00015442120652462037, 0.0059181328542777635, 0.88047]]}}