{"cdf_smooth": {"c": [[0.0300805, 0.043974649634620236, 0.05899219927954403, 0.0657755], [0.0657755, 0.08495594636927563, 0.09010727046310162, 0.101905], [0.101905, 0.12270258142751081, 0.14411006860995834, 0.162805], [0.162805, 0.18405656540352838, 0.20274473581101446, 0.2217], [0.2217, 0.24198731737243617, 0.2601043976269919, 0.28049], [0.28049, 0.299765347399082, 0.32063770194488017, 0.34069499999999997], [0.34069499999999997, 0.3606442774088693, 0.3816784905313799, 0.40051000000000003], [0.40051000000000003, 0.42217052755632123, 0.4419409479796989, 0.46192], [0.46192, 0.48240023938984444, 0.5032897254476401, 0.52191], [0.52191, 0.5428175023734996, 0.5636355573207434, 0.580445], [0.580445, 0.6036698012584101, 0.6232413679461386, 0.640815], [0.640815, 0.6634871901259375, 0.6830670357207624, 0.70059], [0.70059, 0.7230693326413878, 0.7431302268304955, 0.76022], [0.76022, 0.7837392776786932, 0.8057223004955014, 0.8212649999999999], [0.8212649999999999, 0.8467389571641709, 0.8714026787079624, 0.88108], [0.88108, 0.9252929313008054, 0.955005, 0.955005]], "x": [0.0, 0.13511196401684977, 0.5171542597177672, 1.1906360282854058, 1.9562201084935353, 2.7756044787463123, 3.5503629627493387, 4.320948905072022, 5.207298353904458, 6.115882448720357, 7.1360727829428905, 8.545620869109253, 10.364114741250678, 12.696969388830361, 15.90748925332819, 21.169422386582625, 45.2096997639007]}}