{"cdf_smooth": {"c": [[0.0236705, 0.037504395709775096, 0.05107166596819228, 0.059833], [0.059833, 0.0784022338022881, 0.0881780554109274, 0.1011775], [0.1011775, 0.12209431799803239, 0.13909544641672875, 0.160025], [0.160025, 0.17885199465404095, 0.1995448357001743, 0.22041], [0.22041, 0.23969839300963106, 0.2605722166664738, 0.28041499999999997], [0.28041499999999997, 0.3006437732291409, 0.32075234470463065, 0.34062], [0.34062, 0.3609376519357895, 0.38128112799248215, 0.400965], [0.400965, 0.4213184380634485, 0.4423540227436724, 0.46073], [0.46073, 0.48418523793465906, 0.5051062513959144, 0.525635], [0.525635, 0.5465376480465267, 0.567613859187222, 0.585275], [0.585275, 0.6057117364067385, 0.6241005790085679, 0.640155], [0.640155, 0.6629171878682314, 0.6829337354254612, 0.700195], [0.700195, 0.7232989218980589, 0.7440884559444481, 0.76039], [0.76039, 0.784701580736208, 0.804410493838359, 0.82047], [0.82047, 0.844890952474399, 0.8714871890177844, 0.88016], [0.88016, 0.9276210450768978, 0.95503, 0.95503]], "x": [0.0, 0.3091302786967221, 0.964317308394016, 2.0185491073717774, 2.9668739899119645, 3.8435343781266003, 4.737247920933959, 5.651203816740826, 6.596248811492057, 7.802511471793078, 9.030744342983354, 10.45200425482588, 12.467086900298451, 15.164242248221507, 19.186690046765722, 25.3034414294223, 58.77671943487437]}}