{"cdf_smooth": {"x": [0.23483373517440587, 0.7109125218184884, 1.288345253675088, 1.8345541783097437, 2.3222832192354934, 2.8687380682168495, 3.451851517074217, 4.044676599575357, 4.690407004376589, 5.384410424924525, 6.157630719906735, 7.134980021025691, 8.382663617948984, 10.118912172446418, 12.433590730030637, 16.890210549768064, 43.07446543345667], "c": [[-0.17468652315095376, 0.23764654138612434, 0.0, 0.005008], [0.010149514801304015, -0.011847102568214175, 0.10749832285734541, 0.0400215], [0.01025891347855518, 0.0057348836079938025, 0.10396892756543963, 0.1000985], [-0.03172436649277214, 0.02254541390511859, 0.11941587845842487, 0.16027000000000002], [0.012546898553755553, -0.023873270625371742, 0.11876824417376904, 0.22019500000000003], [0.0026892147987059704, -0.0033043299622411253, 0.10391691254898945, 0.280015], [-0.006231485952846659, 0.0014000219857341883, 0.1028064849571218, 0.34002], [0.003018063553960586, -0.009682521536568813, 0.09789641147758257, 0.40016], [-0.0004778725638936719, -0.0038359553353243658, 0.08916711993479888, 0.46015], [-0.0028376486810789445, -0.004830890917108933, 0.08315229899024704, 0.520025], [0.0021680822242044974, -0.011413273567828126, 0.07059198133546443, 0.58012], [-8.326501205737228e-05, -0.005056352628043992, 0.05449540368323834, 0.640235], [0.0007722238615117263, -0.0053680177972688006, 0.04148908769532328, 0.700195], [-0.00015018583732740988, -0.0013457001073743126, 0.029832404688083132, 0.7600899999999999], [0.00015201923369226078, -0.002388595919318076, 0.021188709747426315, 0.82007], [4.712520296108307e-06, -0.00035612012975540117, 0.008956553803574055, 0.8805149999999999]]}}