{"cdf_smooth": {"x": [0.837644771514067, 1.8455642421794007, 2.9669701934016968, 4.001709388161334, 4.995392026443082, 5.991616547981744, 6.99140386849315, 8.046040801418942, 9.110842520547944, 10.29215467314028, 11.539686581916717, 12.960424534123161, 14.68574127952732, 16.883856000000023, 19.847113820172332, 24.470052277328858, 48.0232223688421], "c": [[-0.016958735806989225, 0.051564388378887584, 6.187673514969365e-18, 0.0050105], [0.0007309278283689353, 0.00028526832568611944, 0.05226027853985321, 0.04003], [-0.00048639595567956417, 0.002744268775626889, 0.05565761947471433, 0.10002449999999999], [-0.0006173456643368435, 0.0012343898970842667, 0.05977449354593889, 0.160015], [0.00043030446483830116, -0.0006059471083258031, 0.06039896623428151, 0.22002499999999997], [-0.0011505074610013099, 0.000680092470472681, 0.06047283166221057, 0.28002], [0.001290852852614331, -0.00277069584451596, 0.05838267291662373, 0.34001000000000003], [-0.0016679720441761725, 0.0013134474355030708, 0.05684580492403142, 0.400015], [0.0011329900675945727, -0.004014731064790625, 0.05396947347171097, 0.46002], [-0.0007151855393935304, 5.137420570338214e-07, 0.0492274297652191, 0.5200400000000001], [6.270088132372456e-05, -0.0026761366012097343, 0.045889504872574476, 0.580065], [8.882773850447534e-05, -0.0024088920360095254, 0.03866501169962047, 0.6400399999999999], [9.227311051153024e-05, -0.0019491240819150678, 0.031146053514623948, 0.700035], [3.406721901976693e-05, -0.00134064343435748, 0.023914767110172357, 0.76006], [4.27622106207843e-05, -0.0010377935748419357, 0.01686684504287494, 0.82004], [6.571404302859618e-06, -0.0004447323708663823, 0.010013218834727609, 0.8800600000000001]]}}