{"cdf_smooth": {"x": [0.4649153458085398, 0.9907147109562983, 1.485606712449685, 1.8678063063412311, 2.247193194520548, 2.5925797530233683, 2.9538411836786924, 3.303044217097279, 3.7129589770716662, 4.181285200538058, 4.742582907892305, 5.357729315068498, 6.096777920147833, 7.125930869383779, 8.45290987383021, 10.682730015606035, 21.767188412156436], "c": [[-0.10245209483171581, 0.1804802224781444, 0.0, 0.0050405], [0.02877650138753991, 0.018872483216422264, 0.10481952609469096, 0.040043999999999996], [-0.07565257926021798, 0.061596264319393364, 0.1446428656203565, 0.10002849999999999], [0.0639788466038981, -0.025146890890916446, 0.15857380134232166, 0.160085], [-0.08173308635590187, 0.047671315676148136, 0.16711927276961966, 0.22012], [0.06634400735901044, -0.03701721256068812, 0.17079905677860255, 0.28015999999999996], [-0.08568322440417206, 0.03488538048108255, 0.17002890807160723, 0.34016], [0.0355025355169829, -0.05487714514398477, 0.16304772320793134, 0.40014], [-0.011979481144923141, -0.011218105169206393, 0.13595430454035262, 0.4602], [0.01568264515339265, -0.02804902066027235, 0.11756447979425318, 0.5201800000000001], [-0.006280488212976225, -0.0016411223507238476, 0.10089947059116128, 0.5801050000000001], [-0.0012048248906132081, -0.013231381629298057, 0.09175070320213713, 0.64009], [0.004166896228058792, -0.01590265409361569, 0.0702192347407862, 0.7001850000000001], [-0.0008900806219189492, -0.003037533466815199, 0.050726884853886815, 0.76015], [0.0007309696317827284, -0.006580888359468417, 0.03796344103449917, 0.820035], [4.8756302620994024e-05, -0.001691095935541653, 0.019518403841032407, 0.8800699999999999]]}}