{"cdf_smooth": {"x": [0.34245236495218395, 0.7922729604622804, 1.3917728793910669, 1.8705963145274944, 2.3672688133174327, 2.904886883278615, 3.450417403424196, 4.000246089786607, 4.635144538256767, 5.352576268723802, 6.19074940645393, 6.976774788133173, 8.153504959848846, 9.604574544577368, 11.569277434893875, 14.760212912197701, 32.06872280150236], "c": [[-0.2426618752653498, 0.28225279620161936, 0.0, 0.005406], [0.055995666505886166, -0.04521013151674959, 0.1066266725898481, 0.0404305], [-0.053262454156331296, 0.05549806107517682, 0.11279428552607028, 0.1001695], [0.007386597509587787, -0.021011872713616372, 0.12930708070211458, 0.161055], [0.006991974876097789, -0.010005713185688837, 0.11390149880707509, 0.221], [0.00047175068586498053, 0.0012713229286257716, 0.10920573277478494, 0.28043], [-0.011860367568019977, 0.0020433861197426016, 0.11101400772607263, 0.34046], [0.007277032437232453, -0.017520124839356777, 0.10250445280669294, 0.400145], [-0.005047929684348713, -0.0036595950277590627, 0.0890574815240285, 0.460025], [0.011026147943564346, -0.014524229813913749, 0.07601182860135773, 0.52017], [-0.014778183543186496, 0.013201233242887946, 0.0749029284142149, 0.5801700000000001], [0.0062110842310417955, -0.02164684883728927, 0.06826446019310944, 0.6400250000000001], [-0.001040700970791945, 0.00027946180391369424, 0.04312081118021016, 0.7005], [0.00033908437988471767, -0.0042509267726271865, 0.03735793915729516, 0.76048], [0.00013918078093807192, -0.002252326588965127, 0.024580978481314197, 0.82004], [1.934730455491551e-05, -0.0009199759140026892, 0.014458365879854464, 0.880065]]}}