{"cdf_smooth": {"x": [2.6833306980193696, 4.130551303918827, 5.380306422914207, 6.342038299590519, 7.270137501068242, 8.147368864641276, 9.03542942342569, 9.927470418363566, 10.870614574575212, 11.84923735724411, 13.024042412145118, 14.400704477475532, 15.969877926281688, 17.91402468628699, 20.430963831595488, 24.190472556384975, 40.19412348493151], "c": [[-0.003972614487709953, 0.02246583007540776, 0.0, 0.005024], [0.0009015699215145071, 0.005218081437682082, 0.04006472719364083, 0.040036], [-0.0034542431231215417, 0.008598306311317076, 0.05733182850897766, 0.100017], [0.001894885308311887, -0.0013678608525707447, 0.06428557838922354, 0.16003499999999998], [-0.002205496535879157, 0.003908063772037594, 0.06664313869037214, 0.220035], [0.0011063781689140508, -0.0018961284285369734, 0.0684080714751719, 0.280015], [-0.0016840105063121425, 0.001051464016201138, 0.0676579583251676, 0.34004500000000004], [0.001489375223638478, -0.0034551552064084647, 0.0655137672443317, 0.40004], [-0.002509021176221395, 0.0007589314093347118, 0.06297083952628277, 0.460005], [0.0011683176286360181, -0.00660722444641223, 0.05724756672047485, 0.520005], [0.0002376621129030957, -0.0024895880788575538, 0.04656058538230109, 0.5800350000000001], [-0.00018960310967608212, -0.0015080468332576394, 0.04105719304775159, 0.640035], [0.00016283041209649854, -0.0024006073298019834, 0.034923836714512754, 0.700015], [8.27414555948948e-06, -0.0014509086754787798, 0.027435924351737605, 0.760035], [6.249005234992266e-05, -0.0013884321129208036, 0.020289476374543605, 0.82003], [1.221036534685708e-05, -0.0006836364218545459, 0.01249951663969391, 0.880005]]}}