{"cdf_smooth": {"x": [2.3666800085411124, 3.9848937428612317, 5.211768448006927, 6.117325038155738, 6.89527922416293, 7.654923326027395, 8.457649972383642, 9.295104208219177, 10.172865325813584, 11.132578499017301, 12.197102165429376, 13.445903030137007, 14.891654643810499, 16.575818749843044, 18.839487344694444, 22.16671779908829, 37.557527791063535], "c": [[-0.0016568549395493085, 0.016052523332287332, 1.131149558272654e-17, 0.005004], [9.743754974836458e-05, 0.008009087075422841, 0.03893682843161657, 0.0400185], [-0.0004248775502507705, 0.00836771807077576, 0.0590291164165875, 0.10002449999999999], [-0.0026852413919775057, 0.0072134660738682145, 0.07313876040109198, 0.160025], [-0.002128103248600157, 0.0009464817298822678, 0.0794868259526198, 0.22002500000000003], [0.0010092381628011896, -0.0039033215129909084, 0.07724068005122316, 0.28002000000000005], [-4.836472577171655e-05, -0.0014728944155905689, 0.07292504826878596, 0.34003], [-0.0008023487458327296, -0.0015944041489781794, 0.07035632609331559, 0.40003999999999995], [0.0003944988465430399, -0.0037072157445060612, 0.06570277029055017, 0.460025], [-0.000508775317394822, -0.002571398524983067, 0.059677101466656696, 0.520015], [0.0005190707068058312, -0.004196208623742366, 0.05247282349185892, 0.580015], [0.00015874119383668214, -0.002251560781231802, 0.04442084348349179, 0.64001], [-0.00022825292185239446, -0.0015630597697942768, 0.038905849666293756, 0.700005], [0.00018652049018991323, -0.0027163059040368194, 0.03169869560183961, 0.760005], [5.310988659613673e-05, -0.001449644176219232, 0.02226836523744532, 0.820005], [1.958628900185899e-05, -0.0009195176798830228, 0.014385617758433646, 0.8800049999999999]]}}