{"cdf_smooth": {"x": [3.925812354831781, 6.479029305233165, 8.894891365649377, 12.562902187357409, 17.407181941034025, 22.340080057972592, 27.36174878465754, 32.33716989130769, 37.41821429023555, 53.66096197827554], "c": [[-0.00015407607098149646, 0.00407498287491504, 5.744445444630869e-18, 0.005], [0.0002562780657745552, 0.0028948139666714313, 0.017795403436792603, 0.029], [-0.00041488587533155294, 0.004752211334736227, 0.036269561737506215, 0.0925], [-0.00010418581302715627, 0.0001867936932663909, 0.05438588562869019, 0.269], [-3.938210303494828e-05, -0.0013273219807369808, 0.04886084753720094, 0.525], [5.528606106692297e-05, -0.0019101256864435066, 0.03289084803607913, 0.7290000000000001], [2.971755637111807e-05, -0.0010772408347994244, 0.017889283001207915, 0.853], [2.4513079810346405e-05, -0.0006336687631786453, 0.00937678727585751, 0.919], [4.561939441306098e-06, -0.00026001262256614805, 0.0048359524763928385, 0.9535]]}}