{"cdf_smooth": {"x": [2.291507436102787, 7.178231137199446, 10.106695290470954, 12.073823480899785, 13.943156667959999, 15.710752237609881, 17.334013760243163, 18.893127093479308, 20.557107323718565, 22.45230699007163, 24.66974339144738, 26.937969645778768, 30.022667041579783, 33.946772233912895, 39.115559452779735, 47.085840249920416, 83.96282773219018], "c": [[1.7118485072455352e-05, 0.0013825066397854034, -9.477860804484157e-18, 0.0050305], [0.00011211491131896471, 0.001633466559976713, 0.014738227717149858, 0.0400425], [-0.0004755773794534099, 0.0026184400565111166, 0.02718978382659242, 0.100027], [0.0001375983511611479, -0.00018812495304810958, 0.031970525178239485, 0.160025], [8.227524446676163e-05, 0.0005835265398827622, 0.03270966248672581, 0.22003], [-6.638458989910902e-05, 0.0010198146127166911, 0.03554372120469794, 0.28012499999999996], [-0.00036509139938910973, 0.0006965359612796568, 0.038329807050815755, 0.340225], [-4.216851730441558e-05, -0.0010111206446325554, 0.037839333876568376, 0.400295], [-5.7904330140769784e-05, -0.00122162338203171, 0.034124091957014255, 0.46026500000000004], [0.000335111818668769, -0.0015508441835212624, 0.02886971235180356, 0.520155], [-0.00039636511521979684, 0.0006784232522208085, 0.026935174421415808, 0.5802], [0.00018396223785846431, -0.0020187140297070836, 0.02389509169148322, 0.6401600000000001], [-1.0118132210692473e-05, -0.00031631052156389443, 0.016692247539046218, 0.70006], [6.130847894477571e-06, -0.00043542436699796973, 0.01374236075958266, 0.76008], [7.93078604929167e-06, -0.00034035722228459124, 0.009732510796266747, 0.820325], [1.2986516816437212e-06, -0.00015072544701988925, 0.005818444027300657, 0.88029]]}}