{"cdf_smooth": {"x": [1.9862291192755201, 6.194393329397415, 9.641608182466436, 12.065564067777961, 13.828134491425233, 15.355785931293598, 16.8184376887424, 18.298999646353792, 19.84052813929792, 21.651162648736786, 23.635419742465775, 25.839572823928577, 28.559817910222957, 32.001404034041805, 36.81215013753598, 44.38879012126807, 79.57287708870994], "c": [[-0.00013449060755969724, 0.002543664816327385, 8.051594344610809e-18, 0.005019], [2.188032015760756e-05, 0.0008457891323365804, 0.01426337879862406, 0.0400415], [0.00021726327616365882, 0.0010720676262482136, 0.02087464310287636, 0.1001575], [-0.00019219285497088526, 0.0026519774170051173, 0.029901564002635456, 0.16015000000000001], [-0.0002360344343519381, 0.0016357170915810722, 0.03745892752910431, 0.22004], [-0.00024039949450058108, 0.0005539820610923123, 0.040804024592564346, 0.28024], [0.00011094796736370637, -0.0005008801682709343, 0.04088169416942341, 0.34035499999999996], [-0.0005267221837123414, -8.084149011880633e-06, 0.0401281409634728, 0.400145], [0.00037632548177893294, -0.0024439559111868563, 0.03634825134483601, 0.460055], [-4.393771204917507e-05, -0.00039979219891641974, 0.03119926288053145, 0.5200899999999999], [-8.76846616851676e-05, -0.0006613433493638204, 0.0290936971414484, 0.5800799999999999], [7.150314926848808e-05, -0.0012411546011149841, 0.02490030042142389, 0.640055], [-3.862373800727069e-07, -0.0006576363297584459, 0.0197351237218151, 0.700045], [1.993009553907712e-05, -0.0006616241373817186, 0.015194775204402733, 0.76016], [9.14140600833182e-06, -0.0003739882490110725, 0.010212706951833305, 0.820165], [1.5013548040669646e-06, -0.0001662048222003058, 0.006119858529558139, 0.88005]]}}