{"cdf_smooth": {"x": [0.4506844541008435, 1.2571605864532613, 2.1158294794520547, 3.0184672957889402, 3.772999141457779, 4.434441749889525, 5.130472863977759, 5.847358606313284, 6.6875618190029105, 7.545320300958225, 8.567846823537456, 9.70778589245553, 11.192346126027399, 13.26240847798547, 15.946894083122363, 20.62985684623136, 51.27547184668511], "c": [[-0.029964409202196073, 0.07868940529373425, 0.0, 0.0050515], [-0.005335457546798296, 0.006192662768897403, 0.06845536195722585, 0.040514], [0.007271857047469546, -0.007551511507156619, 0.06728856081539199, 0.1004825], [-0.001275752345600303, 0.012140047990969162, 0.0714303473673226, 0.16041499999999997], [-0.008039318583324226, 0.009252260675142619, 0.08757152550828148, 0.220675], [0.004236999913374482, -0.006700382886160702, 0.0892594462094247, 0.28032], [-0.007681510164603554, 0.0021468684241327464, 0.08609005846540245, 0.34063], [0.007836460674070834, -0.014373426925696419, 0.0773250129978003, 0.40062], [-0.006055998931933768, 0.005379231377714265, 0.06976806100282698, 0.46009], [0.0033082759391919367, -0.010204521974021302, 0.06562912706594543, 0.52007], [-0.0017587760397506202, -5.612229851788145e-05, 0.05513734615852341, 0.5800449999999999], [0.000624582093404478, -0.006070814862084097, 0.048153011116347254, 0.64022], [0.000377544253891686, -0.0032891256466760247, 0.03425761564844353, 0.7003699999999999], [-8.92203329058854e-05, -0.0009445052081382042, 0.025493735803804558, 0.76054], [9.332939849198374e-05, -0.001663037306252322, 0.018493825459140748, 0.8204450000000001], [4.4394558981376855e-06, -0.0003518630127283583, 0.009058122293977778, 0.8801650000000001]]}}