{"cdf_smooth": {"x": [0.8489603911319394, 2.2710209617982344, 3.6941956304464187, 4.9911732592866835, 6.133176450476026, 7.145915811682147, 8.34332594418128, 9.44428894478097, 10.683788434841235, 12.044889274885234, 13.698783709589037, 15.548233479205768, 17.8729797202098, 20.48065732858351, 24.618466818619897, 31.57339937491023, 82.86541659288291], "c": [[-0.005130847771891225, 0.02469797895624142, -1.9502578444564928e-17, 0.005016], [-0.0004438991855759995, 0.002808850024748859, 0.03911637691792718, 0.0402065], [0.00033624303606887696, 0.0009136117957128892, 0.04441409028581835, 0.1002855], [0.0011897848690674614, 0.0022219108826168994, 0.04848079305433337, 0.16016], [-0.0052005850169998084, 0.006298125234528376, 0.05821070148916177, 0.22019499999999997], [0.0044925932651197695, -0.009502386209515136, 0.054965620276215967, 0.280205], [-0.0036044105083030574, 0.006636043881040146, 0.051533432928888914, 0.34011], [0.0013278593553181508, -0.0052689239448029685, 0.05303858139606821, 0.40008], [-0.0008602234813528462, -0.0003312809634371961, 0.046097130268071565, 0.46025499999999997], [0.0007666166452147482, -0.003843833672721989, 0.040414378229515296, 0.520215], [-0.0004255289481745489, -4.012466350606855e-05, 0.03399072115260626, 0.58001], [0.0003683501237552788, -0.0024011079090060783, 0.02947578413379282, 0.640045], [-0.0002530056473296625, 0.0001678537877142812, 0.024284035010112955, 0.7002200000000001], [0.00011427131026559143, -0.001811417696286688, 0.019998150207797497, 0.7602], [1.0082531030800544e-05, -0.00039291896011911585, 0.010877025071686475, 0.82003], [1.5016481193776563e-06, -0.00018254899017134863, 0.006874684289109652, 0.880065]]}}