{"cdf_smooth": {"x": [1.7810611479606722, 2.437112765439073, 3.2645186092872702, 3.860558900457836, 4.345721675584692, 4.804186103912132, 5.271413031828163, 5.741466919752096, 6.206975416401389, 6.723267393880723, 7.270568473741042, 7.883085205479463, 8.551186066405839, 9.38853170234828, 10.460995890410954, 12.071008929122108, 17.958678696415276], "c": [[-0.07593882520677536, 0.13124334095082585, 0.0, 0.0050485], [0.019549394892890433, -0.01821602636811779, 0.07415175255122569, 0.0400935], [-0.004532135263252805, 0.030309824366103036, 0.0841582316890784, 0.10005], [-0.010539535648743386, 0.022205818700302356, 0.11545967087338813, 0.16002], [-0.008754290341158185, 0.006865647608623749, 0.12956406414483376, 0.22005999999999998], [0.0023208298947364923, -0.005174944541390794, 0.13033919136002417, 0.28006], [0.006757405439233354, -0.0019218818755908727, 0.12702336295526465, 0.34006499999999995], [-0.020400804782479427, 0.007607152221378855, 0.129695746385201, 0.40005], [0.01312575996870282, -0.020883091672804187, 0.12351568376956092, 0.460015], [-0.008463790588762609, -0.0005529179623224301, 0.11244844396577545, 0.520025], [0.0068273604150558, -0.014449643149146402, 0.10423752606879803, 0.580015], [-0.006954787163393684, -0.0019040256856556418, 0.09422063028217262, 0.64001], [0.0036738904138215443, -0.015843523559924726, 0.08236347735186714, 0.700035], [-0.00045887756465185555, -0.006614575245091999, 0.06355828632592224, 0.76005], [0.0009632570438998331, -0.00809096450947554, 0.04778712157301652, 0.82004], [0.00010830984452292075, -0.003438395308548243, 0.029224701938005748, 0.8800250000000001]]}}