{"cdf_smooth": {"x": [0.956190650208961, 1.5714250204725622, 2.0887621769245452, 2.467081296727612, 2.775583291049101, 3.055027931684992, 3.3412150643821925, 3.6293455890410944, 3.9244927559670257, 4.233632006494704, 4.564693592222357, 4.9187287342465815, 5.330921512328761, 5.836901939726034, 6.476076591780813, 7.391097271232876, 11.371061178283153], "c": [[-0.048380767178457004, 0.12233160346000625, 0.0, 0.0051445], [0.011327574999786155, 0.033035070976282666, 0.09558691810676008, 0.040181999999999995], [0.0039481258903368835, 0.050615597295940486, 0.13886251696602012, 0.10004249999999999], [-0.013146319383114561, 0.055096551831052935, 0.17885544417623458, 0.16003499999999998], [-0.08172115759226127, 0.04292955458801956, 0.2090966935020887, 0.22007000000000002], [0.03612705419547916, -0.025580063959136083, 0.2139449156760929, 0.28007000000000004], [-0.018582172667592708, 0.0054372301998655255, 0.20818029583813089, 0.34004999999999996], [-0.003581411575715322, -0.010625043280181117, 0.206685528533467, 0.40003999999999995], [-0.011099522458404896, -0.013796173720686037, 0.19947767552277787, 0.460025], [0.013321038535949261, -0.024090067882704874, 0.18776555118819488, 0.520045], [-0.023617728954776335, -0.010859815458953028, 0.1761949873881091, 0.58005], [0.004439469823462656, -0.035944333533334434, 0.15962467385230156, 0.64002], [0.006779115603820056, -0.030454581334099135, 0.13225552067145196, 0.70002], [0.00028439501844725686, -0.020164281902309896, 0.10664336661672956, 0.7600199999999999], [0.0027579112440111737, -0.019618947641423502, 0.08121493471549839, 0.82002], [0.0009188684700534108, -0.012048310180332748, 0.05223873894705132, 0.88002]]}}