{"cdf_smooth": {"x": [1.4276268450542464, 2.1131039570498626, 2.546887910794522, 2.9166359627835594, 3.306760238071233, 3.7098966559561655, 4.205318085172606, 4.862373285698623, 5.879584433095891, 9.032250982487673], "c": [[-0.15626155568738453, 0.31993452577348364, 0.0, 0.05], [0.06800340808040209, -0.0014066339521079801, 0.21834357937576873, 0.15000000000000002], [-0.1262372675262362, 0.08708972772357727, 0.25551153056103093, 0.25], [0.058096299017746635, -0.052938223545157155, 0.2681389827034973, 0.35], [-0.06999136126604492, 0.015056106108425057, 0.25336024909212995, 0.45], [0.020171585599914135, -0.06959209388262604, 0.23137480633502225, 0.55], [0.002196973745003533, -0.03961178658021243, 0.17727286380014154, 0.6499999999999999], [0.005926614662578182, -0.03528118750649153, 0.12806404569361263, 0.75], [0.0011314656405904803, -0.01719533200318363, 0.07468434507176082, 0.8500000000000001]]}}