{"cdf_smooth": {"x": [1.1566089383390428, 2.2550167695854286, 3.191309483835616, 3.8670173666945917, 4.486625583533329, 5.081220401095891, 5.694512219178083, 6.348944306849312, 7.047852361643838, 7.799467036772411, 8.647251531876314, 9.614499231073896, 10.778045478902461, 12.218875863296729, 14.063858846099372, 16.712236128681734, 27.232907274019787], "c": [[-0.009298245544253647, 0.039222803106576304, 0.0, 0.0050005], [0.004033003676388302, 0.008583005938596209, 0.05251027503428684, 0.0400005], [-0.008410805883468455, 0.019911221814835976, 0.07918921287801087, 0.1], [0.0012645615117515701, 0.0028614783048669925, 0.09457690586287777, 0.160005], [-0.005028458673885771, 0.005212076415004777, 0.09957934670640753, 0.220005], [-0.0008160661570602143, -0.003757609988455458, 0.10044416490595265, 0.28], [0.0004901951532631503, -0.005259070079871762, 0.0949143087937827, 0.33999999999999997], [0.0003899011740968876, -0.004296671767322713, 0.08866072470747585, 0.4], [-0.0013742722089908424, -0.0034791565538721857, 0.08322613566109331, 0.45999999999999996], [0.0009492764391319378, -0.006577926033568907, 0.0756670847993926, 0.520005], [-0.00044233016186156094, -0.004163580493578428, 0.06656060211161974, 0.580005], [0.00047256096721898943, -0.005447108987617255, 0.057264684823230765, 0.64009], [0.0002652750671205778, -0.003797569366783626, 0.046508074011585715, 0.70009], [5.717854908929079e-05, -0.002650920235994941, 0.037216894258451816, 0.76001], [0.00011648042508035576, -0.002334439885841676, 0.02801898967052034, 0.8200099999999999], [3.475947589011353e-05, -0.0014089875508966178, 0.018104981488067107, 0.8800049999999999]]}}