{"cdf_smooth": {"x": [1.6542212505444118, 2.9861076901369867, 4.10035541550015, 4.915982547945205, 5.631401549135795, 6.327293670753026, 7.047218043189847, 7.814846904109591, 8.605993393795098, 9.500664594784059, 10.53034179953091, 11.728134423376076, 13.23632432802728, 15.151776015540912, 17.478033540389703, 20.833987210348653, 34.65823837442924], "c": [[-0.004736111654887457, 0.02603882484558058, -2.4909699148439024e-17, 0.005001], [0.0014193941993605036, 0.007114936176957737, 0.044157044727411596, 0.040001999999999996], [-0.0021204171814796727, 0.011859606451051012, 0.06529938569047679, 0.100001], [-0.002495862049454227, 0.006671197095098539, 0.08041361184872539, 0.16], [-0.0016807817812160436, 0.001314435691508427, 0.08612668528079455, 0.22003], [-0.0012232032338204601, -0.0021944927076095067, 0.08551426053671575, 0.28003500000000003], [0.002403329505710198, -0.004836334169022055, 0.08045259690984476, 0.340005], [-0.0031680043750752633, 0.000698261103627403, 0.07727609259625313, 0.4], [0.0009168231386310955, -0.0068208055183199695, 0.07243226307462552, 0.460005], [0.00032597224133166613, -0.0043600397427192615, 0.062429082816859785, 0.520005], [-0.00026095897664159994, -0.0033531011838808782, 0.0544870374277396, 0.58002], [0.0003999357480787486, -0.0042908253959233296, 0.0453311985532361, 0.6400250000000001], [0.00026647894774386695, -0.0024812882226388413, 0.0351175651605697, 0.700005], [-9.947938454808335e-05, -0.0009500055722102996, 0.02854508767087086, 0.76004], [7.765624787862877e-05, -0.0016442495728272027, 0.022510182118349653, 0.82005], [1.700002687583823e-05, -0.0008624172626366243, 0.014097924352510435, 0.88001]]}}