{"cdf_smooth": {"x": [2.999314273972603, 5.0278862429918405, 6.793247330377879, 8.154855753424659, 9.350320684931507, 10.518076164383563, 11.760323287671234, 13.045034246575344, 14.402895019673567, 15.97373223573363, 17.687267123287675, 19.667796354941466, 22.257860437067816, 25.79568147202619, 30.681733792688583, 38.69503816357387, 73.05311153294049], "c": [[-0.0014167092051736749, 0.011379270447041397, -7.861161043468581e-18, 0.005], [0.0001417087968291498, 0.002757580701440867, 0.028677619970008547, 0.040000499999999994], [-0.0002428545465757559, 0.003508082288428323, 0.039738777598998416, 0.10000049999999999], [-0.0005314355747381297, 0.0025160638998500736, 0.047941305790623404, 0.16], [-0.0007409619744011339, 0.0006101261209862117, 0.051678556329759845, 0.22], [0.00044970993412624935, -0.0019856610960313935, 0.050072267825472874, 0.28], [-7.261728487884205e-05, -0.0003097084800847435, 0.04722085157266058, 0.33999999999999997], [-0.0005526003545127636, -0.0005895851451538408, 0.04606551919704393, 0.4], [0.0005068421608177011, -0.0028406481789329738, 0.04140773992369209, 0.46008], [-0.0001675194260198899, -0.00045214859229071727, 0.03623529221053147, 0.52008], [-7.752086223895431e-05, -0.0013132997347750544, 0.033210134909930356, 0.5800000000000001], [9.928320477206664e-05, -0.0017738967359568212, 0.02709585205578746, 0.64002], [4.757631036765454e-05, -0.0010024471480412375, 0.019904943482212906, 0.700025], [5.173168933072833e-06, -0.0004974977332880478, 0.014598406929768014, 0.760005], [1.1832777039778883e-05, -0.0004216686110761907, 0.01010731207981236, 0.82006], [1.0729192665884282e-06, -0.00013720967915847754, 0.005628850233882, 0.880065]]}}