{"cdf_smooth": {"x": [0.3198336959843554, 0.5482120399786821, 0.7323798208956858, 0.8617302536644639, 0.983708304381553, 1.101006784797172, 1.2286204906309763, 1.356565421889026, 1.4917705218623567, 1.6406449786615758, 1.8191551407857702, 2.0393687041830173, 2.327416900847902, 2.7090643099700045, 3.2852966869760767, 4.381687350955045, 12.460408270684935], "c": [[-0.9216634247881778, 0.8822333319301905, 0.0, 0.0050015], [0.6193711616496687, 0.2507694319103998, 0.25875329494690913, 0.0400375], [-1.6204498371430156, 0.5929740691254161, 0.4141436631958194, 0.100066], [0.6813226962316727, -0.0358435940182207, 0.4862087312596103, 0.16005], [-1.5554064858095535, 0.21347564916872894, 0.5078759430917401, 0.22006], [1.1631267167540553, -0.3338648024734495, 0.49375447835057357, 0.28006], [-0.6543989073515314, 0.11142792956442328, 0.46536848468456965, 0.34004999999999996], [0.050390649381544896, -0.13975314008487813, 0.46174441757166, 0.400045], [-0.2690843569284239, -0.11931392172281877, 0.4267172295801532, 0.46004500000000004], [0.17383146234460656, -0.2394932841354798, 0.37330000171235367, 0.52004], [0.010629425694560737, -0.14640123655921633, 0.3044139082603053, 0.580035], [0.08310887827167793, -0.13937900543202034, 0.24148122282288761, 0.640085], [0.0071845526775193656, -0.06756091789302571, 0.18187255109113862, 0.700065], [0.01558852076756342, -0.05933502014779639, 0.13344304510974012, 0.760035], [0.008000291029488588, -0.03238718902009151, 0.08058973849667986, 0.82021], [0.00030490380929071385, -0.006072855838553562, 0.038422504377449075, 0.88018]]}}