{"cdf_smooth": {"x": [0.2680230649229664, 0.6907921342262884, 1.0082964590889292, 1.2232485389723635, 1.3966543182402544, 1.5595405053069331, 1.7511855385621125, 1.9782142110039374, 2.196194851237365, 2.435132870366539, 2.6909355140186895, 2.9828828466399333, 3.361787220328138, 3.903770455010653, 4.531840260404179, 5.572713368931191, 10.197688151394198], "c": [[-0.10690509616186165, 0.24158332251427633, 0.0, 0.0050525], [0.08284063862204995, 0.10599481848987878, 0.14694528718250563, 0.0401535], [0.0006420359820397584, 0.18490160160053157, 0.23930615864827023, 0.10014600000000001], [-0.1589653571693869, 0.18531562250962963, 0.31888512097942096, 0.160135], [-0.6542579803337458, 0.10261908759996279, 0.3688146637642488, 0.220175], [0.114379475102684, -0.21708967572357032, 0.3501689861335147, 0.280145], [0.3769503333707445, -0.15132890079427963, 0.2795633957849256, 0.34008499999999997], [-0.3229818159733568, 0.10540670049071058, 0.2691377396143988, 0.400165], [0.12894821682412672, -0.10580464859817183, 0.2690509946311548, 0.460495], [-0.0546448851945596, -0.013372754103583713, 0.2405749821046375, 0.5205], [-0.021180838302425717, -0.05530767238809328, 0.2230063474409093, 0.5802499999999999], [0.009083190540571643, -0.07385874012331857, 0.18529655784394738, 0.640115], [0.041204950270645815, -0.06353375825472093, 0.13323793929655867, 0.700215], [-0.018973545034659513, 0.0034634184431292722, 0.10068082221699444, 0.760325], [0.00798260366523873, -0.032286713769502554, 0.08257778073055912, 0.820225], [0.0004171636686424354, -0.007360081295974113, 0.04131049790762304, 0.8802000000000001]]}}