{"cdf_smooth": {"x": [0.2612946321825196, 0.5368904553841514, 0.8165702349767697, 0.9965382235899666, 1.1703653614330873, 1.350966836561406, 1.524071166316948, 1.7035473634152682, 1.9100355612004545, 2.1264022209876354, 2.4004733737802, 2.7246410353911528, 3.160219480802174, 3.6837218994033267, 4.491234422700583, 5.713710899692904, 11.619000580962028], "c": [[-0.9229341568088824, 0.7161288593914092, 0.0, 0.005103], [0.5489290903653592, -0.04694153672853496, 0.184425231065371, 0.040176], [-0.843607205991398, 0.4136315642875462, 0.28698101715188623, 0.10009299999999999], [-0.04512648617087252, -0.04183531183806937, 0.3538924408791435, 0.16022], [0.2790995970662037, -0.06536793563407023, 0.3352576072035739, 0.22023500000000001], [-0.21637250508107206, 0.08584946117955697, 0.33895660092996716, 0.280295], [-0.2852194198172437, -0.026515591229200712, 0.34922755071952577, 0.34042], [0.3587656340770499, -0.18008588165136416, 0.31214750405200997, 0.400595], [-0.34401631889374273, 0.0421567259721237, 0.2836667612737714, 0.46053], [0.19593647052353297, -0.181144259521839, 0.25359449288756075, 0.5203949999999999], [-0.06873628765178419, -0.02004265647036557, 0.1984549628947963, 0.580325], [0.06209200315247196, -0.0868889013780553, 0.1637912098346573, 0.64021], [-0.022441337596910246, -0.005751086761225819, 0.12343922781805394, 0.7001999999999999], [0.013388308182647676, -0.04099537028710842, 0.09896734449221614, 0.760025], [0.0004082024027768107, -0.00856169071735505, 0.0589493971133058, 0.82026], [0.00041666974342558795, -0.00706463721161588, 0.03984657879837073, 0.880275]]}}