{"cdf_smooth": {"x": [0.10726274118195381, 0.16182121303306804, 0.24423040117578879, 0.6963068141083172, 1.2698835827662498, 1.9420750275030467, 2.778558363538865, 3.977069814650504, 8.682495097167257], "c": [[-785.6018120923261, 93.21521135821745, 0.0, 0.09999], [142.94551221239823, -35.36849169545303, 3.156028626400226, 0.24987499999999999], [-0.023235802139076316, -0.028420865245690978, 0.2389977995141694, 0.349765], [0.028270076251131277, -0.05993393949362183, 0.19905467632226698, 0.449855], [-0.004780546658914981, -0.011288762536109938, 0.15820298903696653, 0.5496450500000001], [0.001051301956394652, -0.020929090231973025, 0.13654642403847136, 0.64943505], [0.0011794692983600628, -0.018290900528975113, 0.1037395553274595, 0.749625], [0.0010123689318740313, -0.014050078148017729, 0.0649785220429263, 0.849715]]}}