{"cdf_smooth": {"x": [0.21038933120483225, 0.9718694854897713, 1.9099250888782204, 2.607646613324303, 3.247467112869766, 3.8705795009670565, 4.46078135797856, 5.056267758068498, 5.7083824501633496, 6.473301171265976, 7.351402182199768, 8.443504611460774, 9.788722177008452, 11.35795661513776, 13.598641190788484, 17.109166393791057, 34.06996303242633], "c": [[-0.04761815880607069, 0.09662309699215299, 0.0, 0.00508], [0.012567461591123718, -0.012157751751081284, 0.06431868412590191, 0.0400815], [-0.009965196603209298, 0.023209181546686816, 0.07468553977112381, 0.1000915], [-0.0009267220327892106, 0.0023503850504983993, 0.09251899954149309, 0.160115], [0.003878768784881127, 0.0005715777886214882, 0.09438853126487205, 0.22003], [-0.005326360569459694, 0.00782230442989492, 0.09961886325945926, 0.280005], [-0.0037891678775991266, -0.001608579267728802, 0.1032862153891287, 0.34043], [-0.001203783153588987, -0.008377773084032758, 0.09733947837714862, 0.400565], [0.0027607824836167446, -0.01073278712568783, 0.08487720129022662, 0.460145], [-0.0013992882164050838, -0.004397464505855809, 0.07330378856226528, 0.520025], [0.0011900149873549722, -0.008083613698094962, 0.0623441411738324, 0.580055], [0.0007168343271024267, -0.004184758922452884, 0.04894582163185291, 0.64005], [-0.0005318813073750855, -0.0012918645372356767, 0.04157857155398936, 0.7000649999999999], [0.0003353020594321185, -0.0037958039308263534, 0.033594826984121855, 0.7600750000000001], [7.044218886714245e-05, -0.0015418854725659306, 0.021634748668326417, 0.820065], [1.590308593804931e-05, -0.0008000182344476197, 0.0134134366818502, 0.8800600000000001]]}}