{"cdf_smooth": {"x": [0.3034303669350204, 1.1334319025668333, 1.944504712131428, 2.60961769064574, 3.224183025176785, 3.8448224163881703, 4.431545388279126, 4.988990425252326, 5.675261185845432, 6.427046210349822, 7.2802454005873765, 8.336063240065592, 9.586680474204393, 11.229380129795723, 13.585737376327081, 17.09127745614579, 35.23764193464418], "c": [[-0.026096524661199015, 0.07250479248543498, 0.0, 0.005006], [0.002219577934782148, 0.0075243258550889685, 0.066424291117895, 0.040033], [-0.0032318090232164925, 0.01292504378992296, 0.08301021880969976, 0.100042], [-0.005716088379940948, 0.006476489413660107, 0.09591443034647922, 0.16002], [0.005084879509840603, -0.00406223988862219, 0.09739814441347555, 0.220085], [0.003537057921297246, 0.005405389681489944, 0.09823175608322669, 0.280185], [-0.02338158290113639, 0.011631209087491665, 0.10822751994387747, 0.340395], [0.013764670066569435, -0.027470632946955887, 0.09939791172490416, 0.40029000000000003], [-0.0034164988172302206, 0.0008682388407374776, 0.08114146648803204, 0.460015], [-0.0006184414653860351, -0.006837179100354329, 0.07665410658869067, 0.520055], [0.001841784001553405, -0.008420140372784407, 0.06363657396901302, 0.580095], [-0.0005273596400196442, -0.0025863751568674467, 0.0520156985223126, 0.640065], [0.0003584167515717613, -0.004564950320060824, 0.043072127633930195, 0.70004], [0.0002055085071609563, -0.002798637096965547, 0.030975965120064335, 0.760065], [5.006644087465486e-05, -0.0013458827167478543, 0.02120999582362795, 0.8202050000000001], [1.631475128960795e-05, -0.0008193529713279262, 0.013619675336824467, 0.8801749999999999]]}}