{"cdf_smooth": {"x": [0.48836303224774796, 1.398942030913564, 2.22735551174908, 2.8573266323287667, 3.4489146288945625, 4.0374552010958915, 4.631012093418219, 5.229092439846922, 5.872454087228146, 6.590085049751983, 7.430605391780817, 8.411986899742843, 9.580782586301364, 11.009406556441503, 13.04011036595792, 16.451012804137704, 31.570396386009946], "c": [[-0.018274391853853884, 0.05891890749759074, 0.0, 0.0050115], [0.004566606202230122, 0.008998075191063607, 0.061843778089038515, 0.040067000000000005], [-0.00955935551010925, 0.020347189609847164, 0.08615379104880093, 0.1000705], [-0.0010088576032774592, 0.002280835901677852, 0.10040879363680204, 0.16003], [-0.0011741031040509245, 0.0004903517566484902, 0.10204819499169925, 0.22002], [0.0017825656707816607, -0.0015826701813959616, 0.1014053212809723, 0.28001], [-0.005029314721626358, 0.0015914922383326448, 0.10141055767367167, 0.340015], [0.0003196326534562213, -0.007432310634695404, 0.09791727898374804, 0.40016], [-0.0008400784827679311, -0.006815392463242172, 0.08875085324726037, 0.46016500000000005], [0.0013699967379846674, -0.00862399145379517, 0.07767107330610185, 0.520035], [0.00012867789477864045, -0.005169461073427478, 0.06607739587016226, 0.58004], [0.00045591955763820937, -0.004790614754169726, 0.05630276163505877, 0.64003], [-0.00020119574231932275, -0.0031919843170141416, 0.046972734273133046, 0.70002], [0.0002870039812022024, -0.0040542834975167375, 0.03662054237923927, 0.760025], [0.00015046441915203348, -0.002305823263595664, 0.023705049350517194, 0.820075], [1.4495872000534166e-05, -0.0007661649011607326, 0.013226797429290149, 0.8800749999999999]]}}