{"cdf_smooth": {"x": [1.107815433132946, 2.068446253567007, 2.9460786682790654, 3.631303629063569, 4.2350800609639245, 4.816657683138781, 5.419576348373169, 6.060269393744758, 6.753703414393826, 7.470204670423852, 8.322166256285763, 9.278571029087885, 10.477454357752622, 12.049334080739014, 14.304456628910119, 17.653835742339847, 33.60109215370026], "c": [[-0.015006987741273528, 0.052348620764781126, 0.0, 0.005004], [0.0018055457707808944, 0.009100095926350697, 0.05902953112962212, 0.0400085], [-0.0022747290933856044, 0.013853912410401596, 0.07917471289352662, 0.10004450000000001], [-0.0030363087855998496, 0.00917780894897015, 0.09495662325880168, 0.16007], [-0.004742699204101168, 0.0036780538948186364, 0.10271869025562481, 0.22008], [0.00023746722733336795, -0.004596689282616671, 0.10218443247114359, 0.28013], [-0.0017031788481882747, -0.004167169011394478, 0.0969005387262151, 0.34012], [0.004606447703583758, -0.0074408135405692605, 0.08946338503437726, 0.400045], [-0.006980251247508852, 0.0021419891154480513, 0.08578899990855193, 0.46004], [0.0044967865320349985, -0.012862087243287846, 0.07810803613518968, 0.5200400000000001], [-0.002120629672067755, -0.0013688190879428547, 0.06598385060898213, 0.58003], [0.0009961820510348697, -0.007453360107077054, 0.0575462763203495, 0.64003], [0.00011509194764307824, -0.0038704419471747814, 0.043970358820407444, 0.700025], [0.00028779918946617223, -0.0033277098508372746, 0.03265572996613424, 0.760025], [4.6321588773330646e-05, -0.0013806425263056886, 0.022037818355704154, 0.8200449999999999], [1.9453009309126713e-05, -0.0009151968404908623, 0.014348181932766045, 0.88011]]}}