{"cdf_smooth": {"x": [0.20784031658090876, 0.8816350770727372, 1.6924320935264048, 2.360370594428813, 3.022606057559382, 3.667002516935119, 4.333041867072553, 5.010769687609142, 5.7622126854381035, 6.589217912820258, 7.505874003642609, 8.593334757247863, 10.023872476712317, 11.860592243076452, 14.624112934044819, 18.84799562739725, 40.61048609036408], "c": [[-0.06525043309731345, 0.12108224546728896, 0.0, 0.005045], [0.012820081857562154, -0.010813954355088251, 0.07429819679978851, 0.040056], [-0.013004352404084098, 0.02036949800732126, 0.08204580308361184, 0.100021], [0.005707065428320918, -0.005688824942650393, 0.09185158984266645, 0.16003499999999998], [-0.005654093839057456, 0.0056494384084714334, 0.09182550668296324, 0.220025], [0.0034697011652513768, -0.005280995744129116, 0.09206292983134849, 0.28003], [-0.004944513151439623, 0.0016518767836962245, 0.08964579379737035, 0.34003], [0.0019736621468314985, -0.008401225581522856, 0.0850715723465781, 0.400005], [5.31966211371738e-05, -0.003951941780573186, 0.07578887123132189, 0.460025], [-0.00048149162249560743, -0.003819960129294515, 0.06936146772515983, 0.52003], [-0.00031812230196914115, -0.0051440468146161395, 0.06114455616185031, 0.58003], [0.000953190723505833, -0.0061818833693301324, 0.048828051588735585, 0.64003], [-0.00014548415055286158, -0.00209115751787402, 0.03699315454491839, 0.70002], [0.0002444294261046865, -0.002892798362913451, 0.027839024263989303, 0.7600100000000001], [2.3320512141148877e-05, -0.000866341033347986, 0.017450564762186517, 0.82001], [9.477163069786079e-06, -0.0005708317104486431, 0.011380115682306104, 0.88002]]}}