{"cdf_smooth": {"c": [[0.0114845, 0.02432914584106388, 0.036891077948865356, 0.046487], [0.046487, 0.06845286757591376, 0.08215960711196771, 0.10002249999999999], [0.10002249999999999, 0.12000437505033637, 0.13998725486418362, 0.16003], [0.16003, 0.17998482886256603, 0.1996017105384281, 0.22001500000000002], [0.22001500000000002, 0.23964122730594126, 0.26030827591307865, 0.280135], [0.280135, 0.3003779663538859, 0.3207788863619132, 0.34021999999999997], [0.34021999999999997, 0.3607761950187039, 0.38065699752354515, 0.4001], [0.4001, 0.42067407557760406, 0.44127449122645435, 0.460235], [0.460235, 0.48135307985750786, 0.5011607107667945, 0.520225], [0.520225, 0.5411112108747425, 0.560994353650222, 0.58001], [0.58001, 0.6009860749355743, 0.622636149176337, 0.6400950000000001], [0.6400950000000001, 0.6629340714270157, 0.6825923192552499, 0.7001850000000001], [0.7001850000000001, 0.7228686264230278, 0.743745835749828, 0.76028], [0.76028, 0.7841837703472989, 0.8042523910638107, 0.8201799999999999], [0.8201799999999999, 0.8448100609875407, 0.871416041370424, 0.880085], [0.880085, 0.9277153241739624, 0.955085, 0.955085]], "x": [0.0, 0.2506515722262284, 0.8244139698235391, 1.4662388192045748, 2.1052483432170197, 2.7196199854032868, 3.3468897465113283, 4.01013773624643, 4.711969373825485, 5.493664461543766, 6.350063996932532, 7.294754516448604, 8.530566338748441, 10.123995680923933, 12.427648196025471, 15.989959536564193, 35.56255772379793]}}