{"cdf_smooth": {"x": [2.4406424364158483, 4.176084157409764, 5.573110451887697, 6.592754067730206, 7.440904367499296, 8.25600867162244, 9.031824245683003, 9.869313806813246, 10.596250521096344, 11.385916095040628, 12.268681527048379, 13.297941511014278, 14.545730863498033, 16.026670220428823, 17.945841826241157, 20.62631623324298, 30.69567474898536], "c": [[-0.0018567159836783158, 0.014873058998091356, 1.986761145823754e-17, 0.005295], [0.0003656621415201755, 0.005206391851756517, 0.03484671673947278, 0.040384500000000004], [0.0003653357413636342, 0.006738910731552858, 0.051534618543851225, 0.1002245], [-0.0033893652438145394, 0.007856447500514372, 0.06641668238611302, 0.160165], [0.002876480073555054, -0.0007676259421903809, 0.07242906851581514, 0.22008], [-0.007367686782987244, 0.006266267923846994, 0.07691103526189581, 0.280165], [0.01049332243804964, -0.010881630529277948, 0.0733303650726657, 0.340165], [-0.011204485278908228, 0.01548251348104306, 0.07718355651675102, 0.40010999999999997], [0.002202764313501922, -0.008952341660605646, 0.0819305781636039, 0.46009500000000003], [-0.000737232344616541, -0.003734000222949236, 0.07191261071887317, 0.520295], [0.00030871358342788165, -0.005686409910505754, 0.06359659829772356, 0.58036], [0.0006723085862071716, -0.004733170296718605, 0.052872141340704386, 0.64013], [-0.00018690578817425436, -0.0022164718103604665, 0.044200451915918364, 0.70004], [0.00020489155223321626, -0.003046860223596761, 0.03640577635823655, 0.76003], [5.790800531139513e-05, -0.0018671940756463611, 0.026974862877709137, 0.820125], [3.291487794449328e-05, -0.0014015312970532003, 0.018213128172670463, 0.8801300000000001]]}}