{"cdf_smooth": {"x": [0.6199405501182386, 0.9755174939589155, 1.2435433974614982, 1.4273301567648522, 1.5884812130215746, 1.771561736446074, 1.937437847949343, 2.100693770862595, 2.2746656200816076, 2.4620991780821906, 2.6768404249757904, 2.9289395118531307, 3.1994392573743835, 3.5263891558774243, 4.0427720517621255, 4.75045640056054, 7.110383103681623], "c": [[-0.20171889309175264, 0.3564540011120998, 0.0, 0.005144], [0.11798588876815848, 0.14127423855063095, 0.17698068632247377, 0.0411435], [-0.007902739193177924, 0.236144061863554, 0.2781385672893948, 0.10099949999999999], [-1.1112583253025505, 0.23178680538575, 0.36413806495915285, 0.160045], [0.9655620789114586, -0.3054545533039988, 0.3522664295700733, 0.22009499999999999], [-0.4837231762417596, 0.22487227911387228, 0.3375133846326088, 0.280275], [-0.11707629981246183, -0.015842079443109645, 0.37218650134074704, 0.34024], [0.021544118630591646, -0.07318227757456634, 0.35765274777406764, 0.40007000000000004], [-0.07504165129959904, -0.06193806710069302, 0.33414561154380246, 0.46019], [-0.004390154869752244, -0.10413403820466172, 0.30301812596177236, 0.52015], [0.12952327747950199, -0.1069622801970214, 0.25768703933354653, 0.5803750000000001], [-0.06756960211203986, -0.00900418025119349, 0.2284520005461545, 0.640615], [-0.041384787258205394, -0.06383686078003184, 0.20874851748370518, 0.700415], [0.06064574178759441, -0.10442911676095207, 0.15373397320516546, 0.7603949999999999], [-0.004880526113305449, -0.010479845458890417, 0.09439695053097742, 0.8202849999999999], [0.0015643800709117886, -0.020841461291755143, 0.07223135195963147, 0.88011]]}}