{"cdf_smooth": {"c": [[-0.9187872079636388, 0.7314560743487631, 0.0, 0.0052035], [0.35292461486440047, -0.017191651054095813, 0.1939993762795544, 0.040754], [-0.5567811650099399, 0.2770709053546102, 0.2662270140499607, 0.1009205], [0.24145038245750625, -0.05554708840600125, 0.31033938242382253, 0.160525], [-0.22170264798466008, 0.08463735083237409, 0.3159692515009, 0.22025499999999998], [0.11171687647859936, -0.0383004588808801, 0.32453411087029954, 0.28015], [-0.2616280662693814, 0.024378862234946314, 0.32193051669509415, 0.34023499999999995], [0.2673882318635712, -0.12417302606791486, 0.3030428750512643, 0.400265], [-0.33481645226823864, 0.042713962829975305, 0.2860956597762121, 0.460345], [0.23281472302407602, -0.17276598641027455, 0.2581961910276614, 0.5203800000000001], [-0.07282912261921033, 0.009561756284391945, 0.21559198557398848, 0.5801499999999999], [-0.030719305707761425, -0.052202925074783274, 0.20353765845683638, 0.640215], [0.058081089699873835, -0.08249426755548604, 0.15926410149596767, 0.700385], [-0.018226058246135806, -0.0045647314915708455, 0.12032734691724682, 0.76031], [0.00817534202203801, -0.03373123451300005, 0.09989946296675596, 0.82043], [0.0007627061043579203, -0.015085287005312122, 0.06278663044816171, 0.880475]], "x": [0.7194610693697998, 0.9910682920629015, 1.2689959703025993, 1.4681274631663903, 1.6616585147107608, 1.8464973981293016, 2.033515758265886, 2.2227817525723577, 2.4308275439356826, 2.645352992909756, 2.9064014070397772, 3.189093637555469, 3.517783167725524, 3.965028771338252, 4.498450070804958, 5.258701546418033, 7.848361472304943]}}