{"cdf_smooth": {"x": [4.663646394379888, 7.198663062207986, 8.820357426403564, 10.118700472003194, 11.12627270136987, 12.00316380745103, 12.841692285508286, 13.655473736277331, 14.519281131535044, 15.378762350743534, 16.37150326743771, 17.45335682664432, 18.868556290159425, 20.37136608625231, 22.458330862773384, 25.704754284618208, 42.021432310114186], "c": [[0.000210450221219868, 0.004933717734214355, 1.7115170545343003e-17, 0.0052005], [-0.0010597301221384, 0.006534202189835782, 0.029071368152785056, 0.040334499999999995], [0.0015111146900068598, 0.001378527089915389, 0.04190339663116284, 0.100144], [-0.0008475017039118019, 0.007264362836536957, 0.053124832661055305, 0.16018], [-0.0013924499729612654, 0.004702605292929631, 0.06518241741802183, 0.220215], [0.0007879798990397268, 0.001039524302071606, 0.07021763978984381, 0.28005], [-0.0035056708404214735, 0.003021755058516152, 0.07362313819104274, 0.340125], [0.003635282068459491, -0.005536794648794589, 0.07157644562452434, 0.40015], [-0.004898858679227816, 0.003883755954954569, 0.07014853857613819, 0.46019], [0.0031806771740621573, -0.008747675136103908, 0.06596809138819243, 0.52024], [-0.0028669878438731928, 0.0007250899843562614, 0.058003742850389346, 0.58022], [0.0025024675556484925, -0.00857989302493263, 0.049505996224074894, 0.64019], [-0.0014824694809395566, 0.0020445792017204554, 0.040257223607562204, 0.70016], [0.00047048527446143777, -0.004639029773373649, 0.03635825787300302, 0.7602450000000001], [7.703333746775489e-05, -0.0016933711863550284, 0.023142760119241008, 0.820195], [2.0274990072929775e-05, -0.000943122693300439, 0.014583584636776963, 0.880115]]}}