{"cdf_smooth": {"x": [2.9382053210457935, 4.940763542269059, 6.2904450669724215, 7.175489105197724, 7.947967829841373, 8.720272539051711, 9.429029592875429, 10.11746799865468, 10.821123700695264, 11.588325904314717, 12.404551149083016, 13.317751575594189, 14.353437904561183, 15.795303780821913, 17.40676059578315, 19.99183808301396, 33.27499237813706], "c": [[-0.0005515690678608632, 0.00983682080172644, 0.0, 0.0052665], [0.001501880276373965, 0.0065231732874747725, 0.0327618406624939, 0.040285], [-0.0023808716726345072, 0.01260435347148978, 0.0585779101423375, 0.10007850000000001], [-0.004234763134510042, 0.0062828246325557086, 0.07529389452222247, 0.160145], [0.004894241284455106, -0.0035309686433871237, 0.07741964472713844, 0.220105], [-0.0031477437361799037, 0.007808568132601916, 0.08072325495677474, 0.280045], [-0.0009383088345239701, 0.0011156114026611029, 0.08704833015198168, 0.34006000000000003], [-0.0028616427743541513, -0.0008222921118437487, 0.0872502624169363, 0.40021], [0.002546601694739342, -0.0068631258779762875, 0.08184237422583411, 0.4602], [-0.002104181802374212, -0.0010018505821410323, 0.07580834695421693, 0.5201], [0.0015535665309803434, -0.006154309502180702, 0.06996730843779028, 0.580165], [-0.0025674090776157056, -0.0018981566460665403, 0.06261379291674415, 0.64011], [0.002622490559979173, -0.009875248093723595, 0.05042023858234832, 0.70007], [-0.0013192971097048798, 0.0014685908540259876, 0.03829896637500813, 0.7601], [0.0004709198216622432, -0.0049093801011517516, 0.032754283093881904, 0.82011], [3.13389064598724e-05, -0.0012572874133423124, 0.016812969730925727, 0.88011]]}}