{"cdf_smooth": {"x": [4.677045142947946, 8.561322920127125, 10.448683916015344, 12.03126250027397, 13.476132379134253, 14.841793833205477, 16.324733931879457, 18.16535878336437, 21.070514033030136, 31.535426532624673], "c": [[-0.0003505627913562229, 0.007989636559431208, 2.94120474843942e-17, 0.05], [-0.00016445146505909104, 0.003904586779518583, 0.046200467392288606, 0.15000000000000002], [-0.0002792930953659537, 0.002973448936910986, 0.05918180373180384, 0.25], [0.00016062432720165469, 0.0016474391225386224, 0.06649472221494516, 0.35], [-0.001199691231376881, 0.0023436828790962157, 0.07226137417796391, 0.45], [-0.0003198816816177336, -0.00257143333533974, 0.071950344158725, 0.55], [-0.0001569138100265786, -0.003994529452846315, 0.06221341465372266, 0.6499999999999999], [0.0003115860097086627, -0.004860987827674614, 0.04591372947444174, 0.75], [5.887524868143473e-05, -0.002145370632192021, 0.02555917041372002, 0.8500000000000001]]}}