{"cdf_smooth": {"x": [3.7878785204583685, 12.558826016577655, 16.56673674418859, 19.167174976039416, 21.20726905881574, 22.844487579164213, 24.414594805479446, 26.04194645716808, 27.677840227297146, 29.412120051224342, 31.315474934999415, 33.50724803753276, 35.83476189610056, 38.603385919571075, 42.332031908514445, 47.41219109657465, 66.26501210538348], "c": [[3.2147686010136896e-05, 0.00017320420897485466, -6.925198065021191e-18, 0.0051995], [2.5194005471947744e-05, 0.001019101207324774, 0.010457648205702668, 0.0402155], [-3.016135758932915e-05, 0.0013220271817323004, 0.01984068179091901, 0.10012099999999999], [0.0002510245520026933, 0.0010867289395328607, 0.026104503299861626, 0.160125], [-0.0004810028191668478, 0.0026230700490496844, 0.03367284226475846, 0.22003499999999998], [-0.00022475302001729355, 0.0002605498774103346, 0.038393958214004674, 0.28008500000000003], [0.00022546181839904844, -0.0007981091451856447, 0.03754993252309794, 0.34014], [-0.00022577366326011184, 0.0003026078425076265, 0.03674357765977096, 0.40010500000000004], [1.82793214728299e-05, -0.0008054173450516952, 0.03592103472699745, 0.46003499999999997], [-0.00011367490344275901, -0.0007103129697754989, 0.033292334223477875, 0.520005], [0.00021326264258602563, -0.0013594040176668153, 0.02935292828739733, 0.580015], [-0.00014397795392638135, 4.2865953718884795e-05, 0.02646737557037493, 0.640065], [-2.2276014282743833e-07, -0.0009624660955567811, 0.024326993495906314, 0.7000850000000001], [4.9780402056620325e-05, -0.0009643163128054991, 0.01899245743211415, 0.760055], [3.1333243737559454e-07, -0.000407475823436279, 0.013877530185652175, 0.820045], [5.0852884826611395e-06, -0.00040270048745432536, 0.009761705555932546, 0.88007]]}}