{"cdf_smooth": {"x": [4.996770601444279, 8.490904568682955, 10.842678510388339, 12.917906183092548, 14.651757378186232, 16.05320352649053, 17.186968263053828, 18.451960822324487, 19.957992476870242, 21.791363893778204, 23.6017643670931, 25.509164193929998, 28.078872126125187, 30.538468974484733, 33.87883194030396, 38.8530844889814, 58.290077615401046], "c": [[3.861211515026488e-05, 0.002753206002437798, -5.90098714919471e-18, 0.0052555], [-0.0004682821855890471, 0.0031579537117182137, 0.02065438394300538, 0.0405165], [0.0003390141883198846, -0.00014592781258127843, 0.027737987964337345, 0.100466], [-2.0887869206927177e-05, 0.0019646670625410494, 0.031512285985287186, 0.16043000000000002], [0.0010110893989371847, 0.0018560176915788592, 0.03813678481229423, 0.220865], [-0.0029132536506885215, 0.006106979722774323, 0.04929649686759661, 0.28074], [0.0003794124325368048, -0.0038018530506705316, 0.051909968201739445, 0.34023499999999995], [-0.00016771463164101473, -0.0023619913385089855, 0.044112750912925124, 0.40058499999999997], [0.0007256687848893663, -0.0031197419710545394, 0.0358570870269446, 0.46109], [-0.00013987566074660294, 0.0008715192540209486, 0.031735259758692055, 0.520815], [-0.0005835215425977374, 0.00011182636675829689, 0.033515509135982925, 0.580295], [0.00061791637038253, -0.0032272003011612743, 0.027573245432970503, 0.6405799999999999], [-0.000451087311674249, 0.001536393494054471, 0.023228365768938525, 0.70061], [0.00012048527477717428, -0.0017920852963324231, 0.02259946701790431, 0.7603249999999999], [1.1933412405382321e-05, -0.0005846916469557345, 0.01466016933853149, 0.82031], [5.36220011229622e-06, -0.0004066122257400574, 0.009729173523260625, 0.880235]]}}