{"cdf_smooth": {"x": [7.7297927543175735, 13.826203384066632, 18.554585566181327, 21.202876221181086, 23.18573806208372, 25.02822841679915, 26.753687671232864, 28.5519093842572, 30.19838797701811, 32.075846285366424, 34.09141529391368, 36.24656073059362, 38.632229329949396, 41.495599178082166, 45.359694121727074, 50.508590975208186, 71.07454269969934], "c": [[-5.647517213765612e-05, 0.0012869259371943245, 0.0, 0.005032], [9.41512724882645e-05, 0.00025403841798357987, 0.009394351474970985, 0.040066000000000004], [4.8047171279085156e-05, 0.0015895880157543913, 0.01811172185473324, 0.10011900000000001], [-0.00031204728492366537, 0.001971316639847127, 0.027542032377507842, 0.16012500000000002], [0.00020559699897875725, 0.0001150766783498878, 0.031679062073274956, 0.220055], [-0.0005326983538706936, 0.001251508141080302, 0.03419698142197557, 0.2801], [0.000709455587268813, -0.0015059397724431036, 0.03375797000901999, 0.34009500000000004], [-0.0009597638086015993, 0.002321335551916554, 0.03522423240437752, 0.400055], [0.0004100844422435307, -0.002419356142991086, 0.03506284359952354, 0.46006], [-7.221708711885207e-05, -0.00010960681334757486, 0.03031482108564039, 0.5200750000000001], [-1.4748176718925413e-07, -0.0005462823814005144, 0.028992831151665115, 0.5801400000000001], [-3.649012830387358e-05, -0.0005472359153731678, 0.02663614018444729, 0.640085], [-1.5793796669762684e-05, -0.000808395975216214, 0.023402051750782905, 0.70002], [5.335147546682292e-05, -0.0009440664187314365, 0.01838410377196665, 0.76003], [-5.492344098320456e-06, -0.00032560091896939646, 0.013477988632245757, 0.82005], [5.669559972645979e-06, -0.00041043945870763103, 0.009688192647589466, 0.880065]]}}