{"cdf_smooth": {"x": [5.492169203451034, 12.001572288860482, 16.021509193636476, 18.41175952926359, 20.35742130019269, 21.92741145624728, 23.490674125976266, 25.006397800919327, 26.700263622526634, 28.474768319698445, 30.31822435184911, 32.33510936690113, 34.658259850021665, 37.31997744593909, 40.655329645041526, 45.55008164931503, 64.78734587876325], "c": [[-9.987037965389964e-06, 0.0008910676331024143, 6.9044804117828706e-18, 0.0050245], [0.00011117559061787461, 0.0006960386658643829, 0.01033111463936724, 0.0400265], [-0.00018648113469166375, 0.0020367952447695728, 0.021316934531347965, 0.100027], [0.00042566601298467795, 0.0006995854604149597, 0.027857569430318835, 0.16007], [-0.0009014327131936493, 0.0031841917263592577, 0.035414086229431985, 0.220055], [0.000530843180590303, -0.0010615297318195794, 0.0387466446654905, 0.280015], [-0.0008165174629160501, 0.0014280122512714945, 0.03931955310725789, 0.34002], [0.00044205251387359224, -0.002284832297367417, 0.038020850678224506, 0.40005500000000005], [-5.432335952365849e-05, -3.849936354919841e-05, 0.034085438585539696, 0.46005], [-7.957615538912526e-05, -0.00032769053347184716, 0.03343563289321898, 0.5201100000000001], [-4.0790818789289476e-05, -0.0007677759644741536, 0.03141618856956143, 0.5801350000000001], [6.879290048091207e-05, -0.001014587137977619, 0.027821367136844834, 0.6400399999999999], [-3.491801064757882e-05, -0.0005351383580151332, 0.02422112160212505, 0.70006], [5.553159547428828e-06, -0.0008139640080804155, 0.020630192095594708, 0.7600800000000001], [2.430647615789192e-05, -0.0007583987793549715, 0.015385808414735268, 0.82004], [5.168450900186304e-06, -0.0004014762606829697, 0.009708507737802746, 0.88003]]}}