{"cdf_smooth": {"x": [6.361439939260791, 13.181676446216892, 17.99352686649143, 20.788636081803972, 22.795652849136715, 24.64113389659037, 26.51648089906106, 28.316662898360985, 30.116832109169717, 32.04433492042087, 34.17217195775025, 36.461246753960445, 38.990272099832374, 42.15160030299439, 45.99367820896744, 52.08988520178142, 73.19918914102142], "c": [[-2.483784150529005e-05, 0.0009224157247305592, -5.768170909611388e-18, 0.005088], [5.8213663947029984e-05, 0.00041421586456545417, 0.00911614356166741, 0.040115000000000005], [0.0001053922934215123, 0.0012545621945531681, 0.017146053966782263, 0.10005700000000001], [-0.00025718726548649713, 0.0021383111062493396, 0.02662950539624325, 0.160085], [-0.00019767952164561928, 0.0005897736437217892, 0.032104817232140016, 0.220065], [0.00020357380764349402, -0.0005046677882783029, 0.03226187847538831, 0.28008], [-0.00011526489875745977, 0.0006406468015590173, 0.03251688631034322, 0.34015], [-0.00012764830553073484, 1.8153413876110603e-05, 0.03370284659930442, 0.40009], [-2.549786012939422e-05, -0.0006712122344088878, 0.032527230217734245, 0.460075], [6.897522850279868e-05, -0.0008186538256497655, 0.029655509198583483, 0.520095], [-5.489164026724348e-06, -0.0003783496880502247, 0.027108480788319234, 0.580155], [-8.643722387924125e-05, -0.00041604500912773414, 0.02529005190876613, 0.6401600000000001], [8.443810705810731e-05, -0.0010718507991799582, 0.021527125697539378, 0.70006], [-4.217654904416451e-05, -0.0002710410913867302, 0.01728180369009334, 0.76007], [3.0275522731956666e-05, -0.0007571778530850493, 0.013331306401035385, 0.820075], [8.346143114302641e-07, -0.00020348029291608968, 0.007474935493679522, 0.8800650000000001]]}}