{"cdf_smooth": {"x": [-4.270909005165057, 15.331759894000133, 23.239358311055646, 27.7577321562118, 30.827785053718333, 33.46841244132101, 35.844467228556354, 38.25001067781296, 40.67270767123288, 43.2602892262866, 46.20618536344557, 49.95741094977778, 54.728203838173094, 59.896049653824775, 65.71882935244722, 73.75041937194788, 105.53728597222522], "c": [[4.114717806554419e-06, 1.0664333527530753e-05, 7.019976015920147e-18, 0.005002], [6.855911007118109e-06, 0.00025264268585368756, 0.005161520319756094, 0.0400945], [4.648263540701415e-05, 0.0004152840589357688, 0.010443216789562247, 0.10009749999999999], [-7.242073601801416e-05, 0.001045361831166717, 0.017042960976436143, 0.16005], [4.321800653337811e-05, 0.0003783553598117443, 0.021413848063829406, 0.22013], [-0.00014241028633996038, 0.0007207233148806379, 0.024316105313352147, 0.28010999999999997], [5.6638480867057614e-05, -0.00029440061294822614, 0.025329071410185772, 0.340045], [-6.795988258347446e-05, 0.00011433836692856533, 0.024895923853814735, 0.40005999999999997], [-1.2737581880658288e-05, -0.0003796002426959029, 0.02425327470492429, 0.46008000000000004], [-3.087472322007892e-05, -0.00047847883848703724, 0.022032925101677873, 0.520075], [2.8464675668553463e-05, -0.0007513400220966876, 0.01841000647087904, 0.58004], [2.9140952133109798e-05, -0.00043100776307311074, 0.013974753207206871, 0.6400300000000001], [-6.285200375229138e-06, -1.3931421479985522e-05, 0.011852040509772548, 0.7000550000000001], [-7.319933725374134e-06, -0.00011137426085896442, 0.011204480063619819, 0.760065], [3.5028116670597224e-06, -0.00023924134533307557, 0.00916292262986461, 0.820085], [1.2688214977343255e-06, -0.0001548419036570334, 0.005997807540423253, 0.8800600000000001]]}}