{"cdf_smooth": {"x": [-1.6212500366808764, 16.443420082838465, 23.747506816359262, 28.0073124583611, 31.37754723517656, 34.27806105087574, 36.687482321547684, 39.035950041632006, 41.252706195869365, 43.76512224448902, 46.8296778054863, 50.607719438877695, 55.15485552407937, 60.64900833611203, 67.14106035345117, 75.04662160812396, 105.0679746413079], "c": [[4.7735151171697156e-06, 2.133322465536871e-05, 1.1400018905135534e-17, 0.0050435], [1.3558879410619786e-05, 0.0002800291523619974, 0.005444011927252951, 0.0401455], [-4.979176425733863e-06, 0.000577134846035545, 0.011704812116400091, 0.100132], [-2.3468545847714193e-05, 0.0005135038745429499, 0.016350721091706044, 0.16008], [0.00010350769216577596, 0.0002762203464111827, 0.019012277125259172, 0.22011999999999998], [-0.00020311314653159612, 0.0011768968198850906, 0.023227063541931173, 0.280115], [0.00015842739851327923, -0.0002912585869339114, 0.025360939138524056, 0.34007], [-0.0002759508419039142, 0.000824926307222201, 0.026614240552872096, 0.40007499999999996], [3.1697412909240665e-05, -0.001010220873950251, 0.026203487681730957, 0.46012], [2.34008769710808e-05, -0.0007713096072715567, 0.021727541909604204, 0.52008], [2.2912148406103867e-05, -0.0005561697443097428, 0.01765940768060668, 0.580095], [4.5027795424592155e-06, -0.00029648059254363493, 0.014438059209249423, 0.64011], [6.298936928873136e-06, -0.0002350563385199604, 0.012021088449392784, 0.7000550000000001], [1.9536148780038203e-06, -0.00013123437239820636, 0.010008631309980299, 0.76005], [-3.5560613938831006e-06, -9.3185464168661e-05, 0.00855168605726545, 0.82003], [1.570877085303838e-06, -0.00017752344769282106, 0.006411580172358688, 0.880055]]}}