{"cdf_smooth": {"x": [0.937962436459389, 1.5262369743918731, 1.94542876497294, 2.267687701120797, 2.5384089564434977, 2.800507708323279, 3.088207674260199, 3.4446734571906377, 3.8116735545116933, 4.239896821833895, 4.741459527439553, 5.399727875098317, 6.200077029473361, 7.3309500339210745, 8.941467814280516, 11.434701397169245, 24.399073467370414], "c": [[-0.01732888623185012, 0.11244025949173006, 0.0, 0.005041], [-0.02734256068466379, 0.08185783186895151, 0.11430061991636847, 0.040425], [0.02855155377543848, 0.047472500951524936, 0.16851483370782913, 0.10070899999999999], [-0.08690027795118145, 0.07507548098664857, 0.20800701599429167, 0.1609], [-0.046020163886790685, 0.004498223982142328, 0.22954930929412096, 0.22099], [-0.07131827396626499, -0.031687258565949894, 0.2224230972648887, 0.28063499999999997], [0.11522142698762267, -0.09324205353827258, 0.186480938427981, 0.34030499999999997], [-0.07250846144976669, 0.029975435006243608, 0.16392855371959977, 0.40015], [0.026601008623225533, -0.049856402219749255, 0.1566322368174064, 0.460765], [-0.00942366193303541, -0.015682889739638214, 0.12856678707657382, 0.520785], [0.012063328937173542, -0.029862561867177076, 0.10572288714062797, 0.5801350000000001], [-0.003533200853640316, -0.006039839046964868, 0.0820894730138932, 0.64023], [0.0029228033484605606, -0.014523221993309451, 0.06563184449894721, 0.70025], [0.00024444009735625447, -0.0046072637810591665, 0.04399769457474274, 0.7601249999999999], [0.00025192167406793136, -0.0034262384119840435, 0.031059596454290083, 0.820055], [4.2258512759412324e-05, -0.0015419396778528975, 0.01867276799493664, 0.8801]]}}