{"cdf_smooth": {"x": [1.6794788571616173, 2.592766530550185, 3.3107955979400803, 3.863576075160867, 4.380510042927842, 4.945997075918579, 5.522411539726028, 6.128980142465749, 6.828009244519177, 7.6194178740144896, 8.51210075534502, 9.62850526479077, 10.866071015125907, 12.455997819904761, 14.724306195215778, 18.150363107337128, 37.35002211935267], "c": [[-0.010669826417432868, 0.05171649016672766, 0.0, 0.005007], [-0.0006499675840659008, 0.022482627334016354, 0.06776513938973935, 0.040015499999999996], [-0.007112716957370216, 0.021082540479354834, 0.09904619620545857, 0.1000235], [-0.016760897611526777, 0.009287227257260446, 0.11583401090798916, 0.16001500000000002], [0.011214738735686534, -0.016705604659727317, 0.11199919964293915, 0.22006], [-0.003548390621895951, 0.0023197633405016693, 0.1038641929182547, 0.28008], [-0.004809859357510633, -0.0038162676925967195, 0.10300158616455621, 0.34004], [0.003126543143820659, -0.012568796702176067, 0.09306292054881851, 0.40003999999999995], [0.0009262006940283967, -0.006012162763107249, 0.08007428913851034, 0.46002], [-0.0020467062618569525, -0.003813153097411345, 0.07229844937897874, 0.520085], [0.0028155105806991956, -0.009294332026626505, 0.06059762179145559, 0.58013], [-0.0013594666497526646, 0.00013541409942789185, 0.05037256451588755, 0.640115], [0.00041830594183471254, -0.004911873993942398, 0.04446138134258704, 0.700085], [0.00020459305043978788, -0.0029166465053785734, 0.032014606758955885, 0.76004], [6.719948290052323e-05, -0.0015244061158495767, 0.02194092990302714, 0.82004], [1.6414387902785673e-05, -0.0008337183572026236, 0.013861861252484139, 0.88002]]}}