{"cdf_smooth": {"x": [1.089000776043326, 1.6807396196722268, 2.1271629356675903, 2.472223821339502, 2.7792705279436936, 3.1341846018763855, 3.4931438559392043, 3.878348281954808, 4.345976184829281, 4.862180463628366, 5.512843182908936, 6.297658170720809, 7.3046586040747306, 8.729823197079098, 10.592550156324467, 13.878591375207247, 31.22181825559912], "c": [[-0.030099310686451865, 0.11800374340069245, 0.0, 0.00516], [-0.013584647698716232, 0.06457094950180801, 0.10803653765402749, 0.040243], [0.00961280973683312, 0.04637743908493874, 0.15756648519126518, 0.100133], [-0.15052882171086307, 0.05632845300970036, 0.19300627128116513, 0.16042], [0.09905570297896184, -0.08232968385629018, 0.1850226789820645, 0.22063499999999997], [-0.038079120805477304, 0.023139105415300114, 0.16401510964914007, 0.28036], [-0.023392442241955056, -0.017867452983805696, 0.1659074180736276, 0.340455], [0.0327314570729076, -0.044900069844552096, 0.14172909047010876, 0.40037500000000004], [-0.019736982960500686, 0.001018358042536846, 0.12120877760559032, 0.46018000000000003], [0.011506994755337781, -0.029546587121848548, 0.10648238368828918, 0.520305], [-0.0013117256588341115, -0.007085069627082657, 0.08264753029627722, 0.5802499999999999], [0.0006755732589350555, -0.010173455497933893, 0.06910278111063645, 0.640115], [0.0014895912846794083, -0.008132547804404124, 0.05066862785220374, 0.700075], [-0.00031177314701972376, -0.0017638095334851943, 0.03656468977452495, 0.76008], [0.0002814695623848184, -0.00350605427185242, 0.026748372392771173, 0.820055], [1.3898701728632873e-05, -0.000731292520280184, 0.012824276175122709, 0.88008]]}}