{"cdf_smooth": {"x": [2.512191004105897, 3.8829731093129998, 4.980413566307082, 5.79037335935197, 6.54075359561644, 7.298144644564048, 8.10796200998464, 9.004849586346586, 10.014273910543654, 11.117222916562062, 12.3571936175123, 13.82714524749559, 15.580023938857803, 17.88703987345967, 20.968549068821464, 25.46369125194641, 46.040806166210054], "c": [[-0.003735830306041438, 0.023751764026944493, 1.2645595229672943e-17, 0.0050095], [0.0011853356112045542, 0.008388736032108532, 0.04405762233335778, 0.0400175], [-0.00401507781895527, 0.01229124179666358, 0.06675266665239293, 0.100038], [-0.0013098368018661037, 0.0025350869987632967, 0.07876139685515227, 0.160035], [-0.0014424331754246053, -0.0004135399477932847, 0.08035336383250537, 0.22001], [-0.0002513094336281799, -0.003690997875108383, 0.0772446236253728, 0.280005], [-2.0026732461670446e-05, -0.004301542105446663, 0.07077212595530091, 0.340005], [0.000827682207950243, -0.004355427288066626, 0.06300779765731321, 0.400005], [-0.0002291617927154402, -0.001848979627836358, 0.05674491839918429, 0.46002], [-0.0001436650405763954, -0.0026072409423149832, 0.05182993435073703, 0.52005], [0.0003303885106402924, -0.0031416622655116907, 0.04470146281043316, 0.5800350000000001], [-0.00013164941780504012, -0.0016846968762813626, 0.03760694832306973, 0.640005], [0.00018906277703546046, -0.0023769932538834563, 0.030487298242987616, 0.70004], [2.3863401865495774e-05, -0.0010684807361007994, 0.02253853484583767, 0.760045], [2.5966189365224753e-05, -0.0008478748592573747, 0.01663326745715841, 0.82005], [7.792295660755474e-06, -0.0004977097198054782, 0.010584673454850552, 0.880045]]}}