{"cdf_smooth": {"x": [1.4400141315751178, 2.100021004062418, 3.0000295839388342, 4.200039761830371, 6.240063157213904], "c": [[-0.8545314815334619, 1.2480962695602162, 0.0, 0.183], [0.17263549178135568, -0.4438936821463015, 0.5307792345652524, 0.481], [-0.021723203509053723, 0.022226589236912522, 0.15127523309525637, 0.725], [0.009420646558940452, -0.05597760668490834, 0.11077366864346659, 0.901]]}}