{"cdf_smooth": {"x": [0.7148218219512328, 1.0993089002104108, 1.3911145947205483, 1.6741460970082187, 1.9826497652383561, 2.338742524717808, 2.847742642454795, 3.572236659419177, 4.746677964032875, 9.37760012613699], "c": [[-1.066828177886304, 1.0866328974131432, 0.0, 0.05], [0.2609984317820837, -0.14391204994705925, 0.36246398425625054, 0.15000000000000002], [-0.19681592631360575, 0.08457043600962269, 0.3451477633878847, 0.25], [0.040868047562468326, -0.08254488588641448, 0.34572105788221513, 0.35], [-0.07656420141802875, -0.04472105812713904, 0.3064590473132626, 0.45], [0.0593437387769789, -0.12651293140799816, 0.24548386346301998, 0.55], [0.002314566816559108, -0.03589502133469219, 0.16281819639556752, 0.6499999999999999], [0.005034254018662551, -0.030864351903308194, 0.11445142990834424, 0.75], [0.0009138620877237626, -0.013127044331003854, 0.06278611712314072, 0.8500000000000001]]}}