{"cdf_smooth": {"x": [0.6071566866185433, 0.8001758501228238, 1.002330070224133, 1.173301705550976, 1.3414118631912781, 1.502356686207393, 1.6443359773603476, 1.7932530205892896, 1.967937277131716, 2.1872043361529876, 2.4061950129495253, 2.644379238361594, 2.9431869994221413, 3.3288996791024004, 3.8378527019375013, 4.680601032237959, 8.76769485532046], "c": [[-2.3787944649277315, 1.4072719628018229, 0.0, 0.005213], [0.30432250032540686, 0.029813209494932255, 0.27738497784112465, 0.0405365], [-0.4541292888097724, 0.2143734426326196, 0.32674834006111986, 0.1003435], [0.04557218581339075, -0.018556238840249747, 0.3602275276186311, 0.160205], [0.5590913244071628, 0.004427203183055076, 0.35785229320699496, 0.220455], [-0.9414258179592884, 0.2743757659527257, 0.4027241877309201, 0.280495], [-0.12380325967196926, -0.12661314496812617, 0.4237034199172164, 0.34051], [-0.11855581119758878, -0.1819223910854926, 0.3777572201570552, 0.40039], [0.48754862945701066, -0.2440518922989977, 0.3033462191578426, 0.460195], [-0.2040983624772831, 0.07665817003367309, 0.2666422899781014, 0.520115], [-0.07363235172699012, -0.05742874556222302, 0.2708533546575122, 0.58004], [0.048966470491704196, -0.11004293954630975, 0.23096424106148256, 0.6403], [0.022602975805887143, -0.06614825530231908, 0.17831694461018102, 0.7007950000000001], [0.0006549142660888975, -0.03999349220180852, 0.13737672675441848, 0.76103], [0.010373934918673822, -0.0389935304155369, 0.0971760428285759, 0.820675], [0.0010135696133466367, -0.012765681421462935, 0.05355605347527658, 0.881085]]}}