{"cdf_smooth": {"x": [1.300972875730348, 2.336707017560172, 3.2940949944573603, 4.04189835740035, 4.726618665611529, 5.291182679549982, 5.870624987820137, 6.491980052639626, 7.153460799105767, 7.87235256532376, 8.635514831861807, 9.531234098432599, 10.583831163870128, 11.954664230745506, 13.810789949776236, 16.431417510104808, 26.4589942839394], "c": [[-0.012647897403088568, 0.04579727844700508, 0.0, 0.005022], [0.0025601176088267835, 0.00649770095878623, 0.05416369561686565, 0.040098], [-0.006907410842539272, 0.013850778413186889, 0.07364508511573312, 0.100156], [0.01289781782198844, -0.0016453767586522734, 0.082772325519064, 0.160085], [-0.019812286018339394, 0.024848816624318294, 0.09866019201544246, 0.22013], [0.0018250801188495207, -0.008707094535112765, 0.1077732274300033, 0.280185], [0.0010374267339027718, -0.005534508624580227, 0.09952104002168317, 0.340065], [-0.001627505894187286, -0.0036006775581114555, 0.09384484581899877, 0.400015], [0.0027884691712794386, -0.006830368999406613, 0.08694490935570866, 0.46004500000000004], [-0.003717095033112217, -0.0008165464166500843, 0.08144760482614002, 0.5200549999999999], [0.0020421480107516046, -0.00932678642787183, 0.07370659594226489, 0.580085], [-0.000807154249419192, -0.0038392124726135397, 0.06191355706345027, 0.64009], [0.0007330597688983449, -0.00638803705549574, 0.05114838422266506, 0.7000649999999999], [0.00024022415631727673, -0.0033733293418901373, 0.03776718038724234, 0.760065], [7.263019959396428e-05, -0.0020356706372712616, 0.027727396411684174, 0.82008], [3.5867437979089886e-05, -0.0014646605289669362, 0.0185543320871633, 0.88007]]}}