{"cdf_smooth": {"x": [1.5529602137684322, 2.267484629222379, 3.1047285592099283, 3.761924751903601, 4.410021049094557, 5.053356660465267, 5.758289780282758, 6.447049942664883, 7.243935495244036, 7.994302481925573, 8.83140813106629, 9.893381612766563, 11.25134344804878, 12.806314659749237, 15.00094261196961, 18.48055084619906, 34.879649534685804], "c": [[-0.054736512740786364, 0.10791741911837145, 0.0, 0.005024], [0.013056259791490972, -0.009414305191922313, 0.07038287989868966, 0.040153], [-0.014660202276004125, 0.023379517584376775, 0.08207516920525897, 0.10014400000000001], [0.005575662953918054, -0.005524369775350346, 0.09380950436533395, 0.16002], [-0.009218589182389771, 0.005316329769106967, 0.09367467440761998, 0.22001500000000002], [0.010425059010255838, -0.012475610353777315, 0.08906885425570654, 0.28002499999999997], [-0.013213759991059466, 0.009571297763366047, 0.08702150812042264, 0.340265], [0.0121694276947194, -0.017732036667995544, 0.08140071626731187, 0.40042500000000003], [-0.008692402705010932, 0.01136088667123999, 0.07632363888158265, 0.46019], [-0.00019867892628532715, -0.008206589403104488, 0.07869051941777129, 0.520185], [0.0010064106644786085, -0.008705535157780445, 0.06453328440888302, 0.58019], [0.0012047991766688225, -0.005499190845650549, 0.049448242078421016, 0.64011], [-0.0007052736181764014, -0.0005909769423634384, 0.04117802665183287, 0.700135], [0.00033661708251344827, -0.0038810174602717995, 0.03422420409684948, 0.760085], [8.235864882229994e-05, -0.0016647696848351428, 0.022053264611133362, 0.82006], [1.6044602175831972e-05, -0.0008050421870288869, 0.013459286884797642, 0.88011]]}}