{"cdf_smooth": {"x": [0.3404897752006585, 0.5854689580413547, 0.8203630806294212, 0.9765931725480363, 1.1288877031392401, 1.271329804985224, 1.422917801179001, 1.568528037381471, 1.7208569248700756, 1.8800107172789815, 2.078849216688876, 2.307538070875123, 2.601408967039381, 2.9663198465753404, 3.465933618609562, 4.219352360015625, 8.334950134054806], "c": [[-1.1992427111635815, 0.8788035290345728, 0.0, 0.0051005], [0.7444712675626247, -0.0025649691909723493, 0.2146602063639936, 0.04021], [-1.4087404370514074, 0.5220508063674763, 0.33668437628449494, 0.1001395], [0.8019739773998752, -0.1382121375425569, 0.39665152679693083, 0.16011], [-1.0750357701718662, 0.22819661376086714, 0.4103556703630938, 0.220145], [0.8978010295680225, -0.23119445022782098, 0.40992865223575004, 0.28012000000000004], [-0.7337956238454375, 0.17709312693095622, 0.401727541045747, 0.340075], [0.38978410748870357, -0.14345133540645982, 0.40662613025590266, 0.40005999999999997], [-0.7348034840651841, 0.03467480295701875, 0.3900563220830112, 0.46005], [0.4884567675516772, -0.31616548053573446, 0.345256013218606, 0.520045], [-0.18147035627344013, -0.024793448475983797, 0.277460251413511, 0.580035], [0.12274569607144864, -0.14929419201081143, 0.23764834838259818, 0.64002], [-0.016364018838202658, -0.04108002889634446, 0.1817029054780398, 0.70008], [0.01831846745714806, -0.05899425441731912, 0.14518471073512007, 0.76012], [0.006255137121754881, -0.031537778544863594, 0.09995366025695754, 0.820215], [0.0015770298673396465, -0.017399565932078857, 0.06308334777338459, 0.880295]]}}