{"cdf_smooth": {"x": [0.3133486158579401, 0.5339220148526151, 0.716441308939581, 0.8474769342840306, 0.9670501810625325, 1.0847765494088315, 1.204333966171887, 1.3300784076712326, 1.461965395223065, 1.6061952026726345, 1.7700653413027279, 1.967019868710976, 2.20709775866754, 2.5582774104860624, 3.064590651523558, 3.9008480627785485, 9.312079170489628], "c": [[-1.0595538402929974, 0.9539583091147532, 0.0, 0.0050625], [0.48367847198864117, 0.25283013320089165, 0.2661854285890509, 0.040104499999999994], [-0.9947515117461189, 0.5176720930181824, 0.40681695101099136, 0.100052], [-0.292493911166972, 0.12662843380621241, 0.4912432734531845, 0.16000999999999999], [-0.1294339312409278, 0.02170509394267897, 0.5089799949722285, 0.22006], [-0.2877452702898474, -0.024008266054659347, 0.5087088508838087, 0.28007000000000004], [0.17734261815483945, -0.12721450965958261, 0.49062904646367494, 0.340055], [-0.24343615701356677, -0.06031496423785384, 0.46704825750377654, 0.40008999999999995], [0.009277142934982592, -0.1566331484669998, 0.4384356244640784, 0.46008], [-0.08839980215498343, -0.15261902684941334, 0.3938322427648312, 0.520085], [0.16533458263959366, -0.19607729035144492, 0.33669132892532383, 0.5801350000000001], [-0.09451060535677533, -0.09838710658738267, 0.27869523278768243, 0.6401049999999999], [0.11465409944183189, -0.1664568267251001, 0.2151120601102248, 0.700035], [0.0039191620845384295, -0.04566426656045377, 0.14061944842683968, 0.760015], [0.010944992386111668, -0.03971129558893187, 0.09739267084958603, 0.8200149999999999], [0.0008955414823035313, -0.012252802591885858, 0.05393730862669522, 0.88009]]}}