{"cdf_smooth": {"x": [2.1178921756831963, 3.4951428787569006, 4.490339102258451, 5.182350069736406, 5.813041329524609, 6.358530072974006, 6.921890489471543, 7.484365836045526, 8.054893391941658, 8.647186036558542, 9.383182027397265, 10.174360543555052, 11.04536143308746, 12.15780111069974, 13.595771441095895, 15.723772133892547, 23.46248337745031], "c": [[-0.0025864627634551605, 0.02204024419181472, 0.0, 0.0050335], [0.00299384502143202, 0.01135362121348698, 0.04599172460780044, 0.040082999999999994], [-0.010147044502481717, 0.020292010990721147, 0.07748533826774744, 0.1000495], [0.011817475102851981, -0.0007735872588914092, 0.09099230155805552, 0.160025], [-0.019952170017483714, 0.021585947521508962, 0.10411847527125165, 0.22007], [0.008906402638817005, -0.011065104934268929, 0.10985747647419417, 0.28005], [-0.004444476762906853, 0.003987439166027082, 0.10587019973916713, 0.34002], [0.0031173123459098465, -0.0035122866566408032, 0.10613746131155952, 0.40004], [-0.01394869842315895, 0.0018232511243894628, 0.1051738199975225, 0.46003], [0.010786983748438292, -0.022961883309658933, 0.09265356363692555, 0.520065], [-0.002046563581267378, 0.0008556470666201943, 0.07638346238951536, 0.58012], [-0.002029199217003156, -0.0040019443457288695, 0.07389417957683889, 0.640075], [0.0016011414761784553, -0.009304247314873507, 0.06230447480416548, 0.70006], [-7.155885976396709e-05, -0.003960727392158703, 0.04754799061753956, 0.76006], [0.0003529052892092426, -0.004269425943811402, 0.03571327430580362, 0.82003], [4.93869914966675e-05, -0.0020164778440247906, 0.022336866690435112, 0.880095]]}}