{"cdf_smooth": {"c": [[-0.019930375549262795, 0.05969179514805289, 0.0, 0.0050255], [0.031002193823516815, 0.004682536321831229, 0.05922591628774445, 0.040030500000000004], [-0.05852671904088329, 0.0743566993189056, 0.11843670008523959, 0.10006000000000001], [0.010903944224484142, -0.0011743302559389544, 0.14991827392954885, 0.16011], [-0.03230954388771613, 0.01181762834624802, 0.15414540756527015, 0.22015], [0.041770162368586515, -0.02599914718279517, 0.1486124777662985, 0.28017000000000003], [-0.009026160397733327, 0.025787999101349567, 0.14852521646172642, 0.340095], [-0.05735548880011426, 0.015454993738269715, 0.16426332463554316, 0.40002499999999996], [0.04693806730228286, -0.04833064680466498, 0.15207620512889689, 0.46012], [-0.04074451505658692, 0.01206131738947699, 0.13652112606921124, 0.520155], [0.03258650881254028, -0.0426906905946204, 0.12280132694249174, 0.580065], [-0.021012915450116076, 0.010999720328706122, 0.10539636112341565, 0.64003], [0.006774882245157198, -0.02510824685042325, 0.09731513739855296, 0.70006], [0.00038124562481055155, -0.010353772364514527, 0.07157183841110004, 0.760065], [0.0011266390716349107, -0.009245778461644448, 0.05258479401317659, 0.82003], [0.00015526477923290052, -0.0043693829506139, 0.03294143952510987, 0.880035]], "x": [1.3847674582369645, 2.304791246219163, 3.0539227796594717, 3.484102538082192, 3.8812664246757733, 4.271417145677032, 4.68468779428953, 5.066282511118572, 5.436986006560422, 5.865862947780405, 6.313792424979619, 6.863001416469425, 7.435791474483163, 8.161731495873964, 9.130480451721562, 10.573236354004212, 15.797684685762833]}}