{"cdf_smooth": {"x": [3.1590304498807105, 4.590639170576844, 5.785151556396774, 6.563712790881885, 7.234841615484221, 7.84426496946414, 8.414109762499265, 9.051688688245463, 9.726974455559953, 10.424600653185752, 11.179647272006545, 12.030218351357851, 12.956742991211396, 14.156738028673253, 15.71848694661675, 17.944074241507682, 26.10274634375843], "c": [[-0.0044883694883637686, 0.023528755351583712, -1.161795220590245e-17, 0.005047], [0.003768988418779866, 0.004251988647839687, 0.03977115537700129, 0.040100000000000004], [-0.004664237865758669, 0.017758298692572953, 0.06606271622057981, 0.100098], [-0.00045937632040721844, 0.006864114320481027, 0.08523277249202547, 0.160095], [0.0025394446390423187, 0.0059392122505859055, 0.09382545400466549, 0.22025], [-0.015237644341786183, 0.010582002858100275, 0.10389386832802479, 0.28021], [0.00710676978686628, -0.015467274000763583, 0.10111002200481325, 0.34003], [0.00015445348216137366, -0.001873894062056573, 0.09005365870013622, 0.40005], [-0.001357549446286714, -0.0015609933474092803, 0.08773412812019615, 0.460055], [-0.0012490481630084834, -0.004402179522315309, 0.08357406250530484, 0.5200400000000001], [0.0026121492970029906, -0.007231448298987042, 0.07479013115421107, 0.580095], [-0.0031734235364152745, -0.000565992358051339, 0.06815785363837623, 0.640085], [0.0016513220385691388, -0.00938675765559107, 0.0589363855164338, 0.700225], [4.824230574942966e-05, -0.0034420229009879833, 0.04354191251185178, 0.760285], [0.00019188062702936098, -0.0032159957945781465, 0.03314375901840377, 0.820075], [4.953431207505812e-05, -0.0019348545376213974, 0.02168009196117574, 0.8800250000000001]]}}