{"cdf_smooth": {"x": [2.9002312418576253, 4.498682650675716, 5.536484125608511, 6.26969409578493, 6.898293349738881, 7.467322277720442, 8.035717247882797, 8.584030364878164, 9.11572531411745, 9.751156915444026, 10.45867105607597, 11.16347965810409, 11.982340372602737, 13.081483245942119, 14.4198654426963, 16.348910754726447, 23.30486677758715], "c": [[-9.800076842471505e-05, 0.01389592756442728, 1.3372295321427576e-17, 0.005003], [0.00032042884135309027, 0.013425979165366052, 0.04367274030383464, 0.0401075], [-0.0026799389777497034, 0.014423603737867781, 0.07257507851707387, 0.10024949999999999], [0.0014522807360328605, 0.00852872980401624, 0.08940395830879794, 0.16016], [-0.008725627762649828, 0.011267437565622079, 0.10184781434850015, 0.22009], [0.004446115746997132, -0.003627966269618168, 0.10619489451041111, 0.28008500000000003], [0.003317538184981633, 0.003953483212440197, 0.10637991670341382, 0.34009], [-0.021044236861044566, 0.00941063232131525, 0.1137076365476136, 0.400155], [0.009461178470772174, -0.024156711027522624, 0.10586722097843816, 0.46011], [0.004922988169501721, -0.006120915669164541, 0.08662786016219381, 0.5200549999999999], [-0.0065043695425523965, 0.0043283355630942075, 0.08535958438893351, 0.580025], [-0.0010686353417527314, -0.009424671249987747, 0.0817676431579881, 0.6400600000000001], [0.0030735514382504445, -0.012049861748446212, 0.06418299172336568, 0.70011], [-0.0008207288138587988, -0.0019150452708612694, 0.048833563696246765, 0.7601800000000001], [0.00048245998088548614, -0.005210391769356679, 0.0392970056175263, 0.82014], [6.243451661810446e-05, -0.0024183302762487827, 0.02458085511867006, 0.88002]]}}