{"cdf_smooth": {"x": [3.4092267769126137, 4.963530808877257, 6.029032873736209, 6.763606628987449, 7.399787751764631, 8.001662203331406, 8.593527465696589, 9.199654257391254, 9.846801821616628, 10.459444416659638, 11.148052865753412, 11.871433779612868, 12.742951174314902, 13.799745589553211, 15.27335384390549, 17.319818379642502, 24.668372621010665], "c": [[-0.0010759640024757527, 0.01620197753381582, -1.3024646563825818e-17, 0.005116], [0.0015295068194633348, 0.011184851971925164, 0.042567459523501494, 0.0402175], [-0.0033530896074909786, 0.016073929994987336, 0.07161174799478663, 0.1001215], [-0.0025562522450107115, 0.008684655120981596, 0.08979875483813143, 0.16007], [-0.001141811575322095, 0.003805936850983848, 0.097745033663008, 0.220055], [-0.0014954077251767054, 0.0017442552039153162, 0.1010855524621406, 0.280015], [-0.00547818135158758, -0.0009109844528984827, 0.10157873647381235, 0.34014500000000003], [0.012356790992667802, -0.010872401913776414, 0.09443651030008103, 0.40015999999999996], [-0.0160231541913488, 0.013117599663864589, 0.09588948455525491, 0.46007], [0.009294551965440163, -0.016331800629821855, 0.09392032813448101, 0.5200549999999999], [-0.007160349011344403, 0.002869120412008006, 0.0846498127890467, 0.58002], [0.0031547200149949564, -0.012669859022128806, 0.07756014553675979, 0.640045], [-0.0010933134677841444, -0.00442167891668044, 0.06266457292087774, 0.700105], [0.0012220220943007446, -0.007887901617257737, 0.049655876958685626, 0.7601], [6.844543313593125e-06, -0.002485556081770393, 0.03436946406722353, 0.820055], [7.179241657802442e-05, -0.0024435347363066357, 0.02428225451460194, 0.8800399999999999]]}}