{"cdf_smooth": {"x": [1.3472350934610409, 2.1277121629466302, 2.570686106774795, 2.981132798860273, 3.4068789404054804, 3.8044474463736995, 4.172394363353427, 4.547954319254788, 4.999615315726029, 5.396629132273974, 5.805265012865749, 6.297383118641106, 6.843884266520537, 7.484124991561658, 8.340283709457525, 9.371815264964377, 10.557397866345216, 12.052535317479435, 15.081036831912359, 29.554820817534207], "c": [[-0.03880911205499831, 0.11237195819485575, 0.0, 0.025], [-0.005800764368277566, 0.021503092056786886, 0.10448640689763809, 0.07500000000000001], [-0.023539298037089384, 0.013794329648485667, 0.12012224499738847, 0.125], [0.02404849406238709, -0.015190551391526967, 0.11954917040153935, 0.175], [-0.0006289521115583474, 0.015525109279575582, 0.1196916071314995, 0.225], [-0.009492861346127427, 0.014774954625622547, 0.13173795826903054, 0.275], [-0.05128981514481759, 0.004296347428751917, 0.13875518506272672, 0.32499999999999996], [0.07148381865665351, -0.05349085471317817, 0.12027969807639849, 0.375], [-0.04431875363741807, 0.04336850358492264, 0.11570782687917883, 0.42500000000000004], [-0.01784983111133162, -0.009416968993796154, 0.12918705520486168, 0.475], [0.018397760877585444, -0.03129921335757638, 0.11254896217537322, 0.525], [-0.004545402237227211, -0.004137599656820411, 0.09510986488001273, 0.575], [-0.0024369666744974666, -0.01158980227747551, 0.08651482166975874, 0.625], [0.004983647879975801, -0.016270538209219365, 0.06867749707666469, 0.675], [0.0002583161098970784, -0.003470157471125712, 0.051776328372607934, 0.725], [-7.255415991108642e-05, -0.002670773815161837, 0.04544176397060301, 0.775], [-0.0004393883391240139, -0.0029288306641069807, 0.03880297032536767, 0.825], [0.00046339549640972286, -0.0048996685483549025, 0.027098287966641155, 0.875], [1.5573407255410122e-05, -0.0006894866603801785, 0.010171522952586302, 0.925]]}}