{"cdf_smooth": {"x": [3.8295599325748233, 5.610456727409785, 6.960768702643008, 7.846616019424993, 8.589623994357106, 9.319080389979021, 9.969284630136984, 10.646278767123285, 11.284987530949804, 11.95941631213324, 12.70551872359281, 13.537626468647918, 14.441989175141405, 15.621342799698995, 17.16644681399453, 19.566904847278174, 28.369934505355992], "c": [[-0.00162387231709927, 0.01394475295746208, -1.0277467772155038e-17, 0.0050345], [0.0016913014671749381, 0.005268905943232136, 0.034217543553298556, 0.0400895], [-0.0008602473069707855, 0.01212025981779959, 0.057698342319735314, 0.100065], [-0.0065203304531093464, 0.00983411651185251, 0.07714656768297963, 0.16009], [0.008806008406250645, -0.004699856065706369, 0.0809613641398447, 0.220165], [-0.012781128299882361, 0.014570941389813349, 0.08816189046124409, 0.28014], [0.010344225415857167, -0.010360090053946119, 0.09089980385449986, 0.34011], [-0.009220690896657346, 0.010648849820653833, 0.0910952925235585, 0.40010999999999997], [0.000527656985646339, -0.00701915843203748, 0.09341360822345336, 0.460235], [-5.128309871767044e-05, -0.005951557258900364, 0.08466578424893734, 0.520205], [0.0020922655528846706, -0.0060663445897614155, 0.07569919869896631, 0.58004], [-0.0034070170495446484, -0.0008433734759593957, 0.06994956878033283, 0.6400349999999999], [0.0019399691280208371, -0.01008691095594634, 0.06006462716875094, 0.700085], [-0.00021071743853037087, -0.003223182087962726, 0.044367320694218004, 0.760075], [0.00037781326649917175, -0.0041999231684287505, 0.03289785096402923, 0.820155], [2.9148737921615332e-05, -0.0014791484964815395, 0.01926547776440181, 0.88015]]}}