{"cdf_smooth": {"x": [1.08155335475596, 2.0600195705746986, 2.902124442112517, 3.5151005883374307, 4.028525979599142, 4.519566219036367, 4.963938129565356, 5.415183250934411, 5.848740349044836, 6.307690586301375, 6.8320438575087, 7.386767857477554, 8.018565939726034, 8.78471977396235, 9.748939171493673, 11.142773106849296, 16.389457816805574], "c": [[-0.012838716186504697, 0.04914741965175131, 0.0, 0.005009], [0.0032644863329155355, 0.011460669522811169, 0.05930296766263884, 0.0400355], [0.000578946805241709, 0.019707789054861646, 0.08555007846922176, 0.1000515], [-0.015694679582232772, 0.020772430799500627, 0.11036348763388593, 0.16003], [0.018985935964624726, -0.003401710216204775, 0.11928205664586258, 0.22004500000000002], [-0.02843418503529034, 0.02456686540982253, 0.12967499951986272, 0.280045], [0.02116336892735212, -0.013339193975577875, 0.13466426132588982, 0.340025], [-0.020040367559433628, 0.015310406965025499, 0.13555376157055732, 0.40002], [-0.008464508744953683, -0.010755523847377503, 0.13752856347727693, 0.46003499999999997], [0.014318539741814766, -0.0224098887376471, 0.12230728950266892, 0.52007], [-0.008181960110463014, 0.00011403071995091333, 0.11061638341671583, 0.580105], [0.0006328708713677737, -0.013502158200234187, 0.10318966778876024, 0.640105], [0.0015304744380200681, -0.01230261839171097, 0.08688625942511882, 0.70007], [-6.331248600421965e-05, -0.008784881815041785, 0.07072999028725614, 0.760105], [0.000973519985522917, -0.008968023196375357, 0.05361229491271667, 0.8200799999999999], [0.00020709101739672521, -0.004897247618669093, 0.034286409927811796, 0.88002]]}}