{"cdf_smooth": {"x": [3.4708568341033827, 5.096560102092294, 6.29500109075786, 7.105245148296568, 7.786884235719309, 8.391586013986016, 8.975019696222843, 9.594187178446878, 10.225222928119342, 10.890659201350472, 11.631398176717122, 12.406602616663966, 13.320985357015404, 14.410876533928011, 15.865507253064148, 17.830596635303955, 25.348580346873618], "c": [[-0.0017484559642968595, 0.01611722650372694, 3.4739602381091017e-17, 0.0050655], [0.0017631677016297993, 0.007589814778450615, 0.038540614486784114, 0.0401495], [-0.002511632493668462, 0.013928972109023784, 0.06432961071909263, 0.100274], [0.0013300537247846133, 0.007823866200875785, 0.08195471869428911, 0.160205], [-0.0038871937334266863, 0.010543716022432127, 0.09447478067914679, 0.22012500000000002], [-0.006824005027547617, 0.003491937133221275, 0.10296216510150505, 0.28025], [0.005081903743534269, -0.008452126009252985, 0.10006822384097176, 0.340155], [-0.0024208555216731673, 0.0009875226281141599, 0.09544638415967095, 0.40008], [-0.0028382822966805514, -0.0035954165087891364, 0.093800709889613, 0.46009500000000003], [0.0047172029373434956, -0.009261504490432067, 0.08524524829466416, 0.520085], [-0.004699686097312036, 0.0012211437207810785, 0.07928943969657466, 0.580065], [0.002128780809853105, -0.009708508866197153, 0.07270999655239803, 0.640075], [-0.0008336015279824823, -0.003868947574634058, 0.060295004725028495, 0.70007], [0.0009293595003844137, -0.006594552425860994, 0.04889092839486389, 0.7601100000000001], [-3.332955293897153e-05, -0.002538927790720466, 0.03560508749920234, 0.8201350000000001], [9.370751730747468e-05, -0.0027354144425059774, 0.025240533578390057, 0.880045]]}}