{"cdf_smooth": {"x": [2.6246297714069238, 3.9592881993130824, 4.9454973413760515, 5.644570786331599, 6.209245066032316, 6.805790317377153, 7.361771133809304, 7.937413116060513, 8.503958273476293, 9.089135875601631, 9.752956103824541, 10.465600759201205, 11.3165213103752, 12.391255937518528, 13.811664328767138, 15.792152375556315, 22.940433879786408], "c": [[-0.00255612412773202, 0.02306138262743706, 0.0, 0.005171], [0.0002354195127392793, 0.012826724797881621, 0.047898365036803135, 0.0401735], [0.0051447125938777465, 0.013523243424932083, 0.07388494459121073, 0.1001125], [-0.024654189263442497, 0.024312839293856976, 0.10033514528105765, 0.16013], [0.019030394648198577, -0.01745192039796187, 0.10420932971668238, 0.2201], [-0.016179836850853727, 0.01660555427784134, 0.10370443402682532, 0.280095], [0.009103330818250682, -0.010381482428388676, 0.1071648985752164, 0.340105], [-0.00433406569275201, 0.005339295763530384, 0.10426240424857675, 0.40009], [-0.006792018498400793, -0.0020270360269211453, 0.10613894896245597, 0.46008499999999997], [0.006672591303365562, -0.013950647322376636, 0.09678916653259603, 0.52014], [-0.004868038094369271, -0.0006624440768615899, 0.08708870086491144, 0.580195], [0.00147605045836207, -0.011069988067228356, 0.07872764580285634, 0.6401600000000001], [0.0005149782933125329, -0.0073019830584581955, 0.06309455800643449, 0.700045], [0.0005343671662438354, -0.005641588046307701, 0.04918365394125072, 0.76006], [0.00014215641891038647, -0.0033645292254862636, 0.03639128939582556, 0.8200700000000001], [7.364196872392803e-05, -0.0025199119602071374, 0.02473722396552585, 0.88005]]}}