{"cdf_smooth": {"x": [2.4302013615034266, 3.7856841853663616, 4.830730539460658, 5.584454139621268, 6.19859867876337, 6.799332204017866, 7.390905294335432, 7.982383093228753, 8.626192241172621, 9.282395464403113, 9.992312951056654, 10.80875670083341, 11.780614564672243, 12.991291791780808, 14.513405899049735, 16.836507756469803, 26.525934630222253], "c": [[-0.0031295721483809596, 0.02330312625789616, 1.3279590664513466e-17, 0.0050635], [0.0003967230333005606, 0.010576882378385525, 0.04592376977880772, 0.040084999999999996], [0.002364250575764237, 0.011820664256993489, 0.06933024423076753, 0.1000815], [-0.010411355932148323, 0.017166638623933982, 0.09117865851712617, 0.160065], [0.001953602218552089, -0.0020155935484467945, 0.1004835901125324, 0.22012500000000002], [0.0006097980203676341, 0.0015051894946406627, 0.10017697328598522, 0.280185], [-0.007803077669667792, 0.0025874097927759115, 0.10259804489387372, 0.3401], [0.0071763364485658175, -0.011258631821170378, 0.09746920957480373, 0.400075], [-0.004593043418059698, 0.002601941341758662, 0.09189595305323989, 0.460075], [-0.0006287695188631633, -0.006439968344346479, 0.08937742736329614, 0.5202], [0.000615966833486414, -0.007779091773893535, 0.07928306794157958, 0.5801799999999999], [4.178320855533784e-05, -0.006270384960084155, 0.06781246047448948, 0.64006], [0.0008539690684176099, -0.006148562940651366, 0.055743008296554875, 0.70008], [-0.00024746613413990443, -0.003046920229286383, 0.04461024623045113, 0.76007], [0.0003530809858219284, -0.0041769353108233355, 0.03361471380397733, 0.8200400000000001], [4.734075516677056e-05, -0.0017162060288754347, 0.019924346211684103, 0.880015]]}}