{"cdf_smooth": {"x": [1.4240547930179857, 3.6634335905087085, 5.721835685023974, 7.307427012062017, 8.948886148848558, 10.598794310101917, 12.21030211982704, 13.932176575342467, 15.719673967579062, 17.704581309589038, 19.7673588365522, 22.27515572573496, 25.442529847957736, 29.437637840612304, 34.880814103346786, 43.215670226651696, 79.13516058594875], "c": [[-0.001268012459516284, 0.009828947309818143, -6.74201986326804e-18, 0.0050325], [0.00035764538075259034, 0.0013102666594336522, 0.02494491958345494, 0.040083], [-0.0010524954813855131, 0.0035188006619381804, 0.034885081872321935, 0.1001005], [0.00032776150289764685, -0.0014876824591566328, 0.03810560527884147, 0.160065], [0.00010958772885902743, 0.00012633888169805708, 0.03587101542531641, 0.220055], [-0.0004007737757210478, 0.0006687679463512281, 0.037182868669983236, 0.280075], [0.0002717766552721039, -0.0012687822621712467, 0.036215940914092394, 0.340055], [-0.000294739374748428, 0.00013511357878412584, 0.034263905767150306, 0.40003999999999995], [0.00029770006056078525, -0.0014454240124726692, 0.03192172928391166, 0.46003499999999997], [-0.0003021465527320613, 0.00032729709529907353, 0.02970235095671483, 0.52003], [9.444219022492379e-05, -0.0015424862611761936, 0.02719568605433441, 0.58004], [3.377014305582226e-05, -0.0008319607686151808, 0.02124105517949435, 0.64003], [5.3573438730290276e-06, -0.0005110727369588662, 0.016987165608660988, 0.700035], [9.840258728596728e-06, -0.00044686323497925446, 0.013160107950719679, 0.760085], [5.888616704810022e-06, -0.00028617644678726503, 0.009170043755285726, 0.820065], [1.1249017767460805e-06, -0.00013893412778762083, 0.005626808279708569, 0.8800250000000001]]}}