{"cdf_smooth": {"x": [1.6204190475779772, 3.6207773279897277, 5.444932588975519, 6.932661921797893, 8.418683340561701, 9.918798014929045, 11.483494705911962, 13.124383189103188, 14.860765144875751, 16.770054612115356, 18.820939579329796, 21.244988270976194, 24.243172035899846, 28.131030418077458, 33.45893929767376, 42.05551548819779, 77.3886453356309], "c": [[-0.0016552575032777544, 0.012067595493963168, -2.2823366143156203e-17, 0.0050825], [0.00016614947319574725, 0.0021342713352771707, 0.028408821909175836, 0.040121000000000004], [-0.0008689183014423793, 0.0030435186421972705, 0.03785391473686537, 0.1000535], [0.00021573318163535776, -0.0008346270924487994, 0.04114014748844965, 0.160245], [-0.00017147172029909007, 0.0001271252934958428, 0.04008878466139159, 0.22024499999999997], [1.4563562242317537e-05, -0.0006445564380831842, 0.03931257860842142, 0.28008999999999995], [2.5603716838049574e-05, -0.0005761937651347601, 0.03740247480492959, 0.34008], [-0.00012673202306850008, -0.00045015523287544694, 0.035718350554359825, 0.400015], [0.0001521896865882724, -0.0011103208270995474, 0.0330087680814042, 0.460015], [-0.00016190088480435224, -0.00023859833022309515, 0.030433290942170354, 0.52005], [5.4266398812257034e-05, -0.0012347186026949858, 0.02741168739250618, 0.580065], [1.6714934477641033e-05, -0.0008400854235713468, 0.022382261407212597, 0.64003], [2.16814974843396e-05, -0.0006897420880234646, 0.017795557398815474, 0.700035], [6.012876211273433e-06, -0.00043685831282550984, 0.013415494587010142, 0.76007], [8.547729714286005e-06, -0.0003407501431516409, 0.009272467589560322, 0.820055], [8.524446119712283e-07, -0.00012030651391704355, 0.005308958908921068, 0.880015]]}}