{"cdf_smooth": {"x": [2.0021864274405172, 4.292301566722405, 6.361412262319482, 8.023427771901028, 9.684434508582475, 11.327930548082154, 13.040752890232808, 14.755255802235878, 16.59283735018193, 18.553955167123284, 20.743165644082136, 23.35020226872865, 26.42887987555422, 30.388543432285626, 35.686695236638634, 43.777005901474844, 76.91424471108591], "c": [[-0.0010859373297169618, 0.009164135676590178, 6.70712680445054e-18, 0.0050035], [0.000136966813558743, 0.0017033711193016857, 0.024887841839520784, 0.040023], [-0.000667910266083186, 0.002553569615930424, 0.03369592344531243, 0.10002449999999999], [0.0002767510888622778, -0.0007766620477865543, 0.03664917138266038, 0.160015], [-0.0003106758141269884, 0.0006023942211659781, 0.036359711348656724, 0.22001500000000002], [0.0002725119840563902, -0.0009293891890921555, 0.03582229641393374, 0.28002], [-0.0002877608556651058, 0.00047090465529459806, 0.03503699386091477, 0.34002], [0.00011608937295627776, -0.001009195819700342, 0.03411409209203557, 0.40002499999999996], [-7.017480527032545e-05, -0.0003692247507290971, 0.03158113188650518, 0.460025], [-4.208370280957398e-05, -0.0007820879334771638, 0.02932327206863769, 0.52001], [7.178751479272625e-05, -0.0010584781827769922, 0.025293885443398632, 0.580015], [-2.3168034355074814e-05, -0.0004970201420060259, 0.02123864434111302, 0.640035], [2.8208291782301908e-05, -0.0007110008676954264, 0.01751953710997034, 0.700035], [3.551687274449276e-06, -0.00037591483279134406, 0.01321571662151368, 0.7600100000000001], [7.227134847830115e-06, -0.0003194626977664811, 0.009531500903282199, 0.8200050000000001], [1.1430751207545453e-06, -0.0001440533993596527, 0.00578151167937938, 0.880035]]}}