{"cdf_smooth": {"x": [1.3093015480227679, 2.52813083504434, 3.630183276533838, 4.606859721462709, 5.4808526375791145, 6.432170081314191, 7.483843585487404, 8.637710197060025, 9.921079189121714, 11.290768242902596, 12.81345267154125, 14.622952475763439, 16.843205879452036, 19.81957437715959, 23.729319401382018, 29.9057208513438, 59.82152871598175], "c": [[-0.00637684950511789, 0.031364981826643996, 1.2592674618149468e-17, 0.0050335], [-0.0020458470677496626, 0.008048109019343889, 0.04803782941513188, 0.040081500000000006], [0.0019156759615908195, 0.001284216751560963, 0.05832254181573292, 0.10005800000000001], [-0.004756868242429825, 0.006897203514967596, 0.06631314227611507, 0.16003], [0.001012336727204089, -0.0055752039253807685, 0.0674685605525228, 0.22008], [0.00020726688225958565, -0.0026860431628120502, 0.05960949209051941, 0.28009], [-0.0001694977471021293, -0.002032111897717068, 0.054647533424780174, 0.34004999999999996], [0.0005074808890688078, -0.0026188452710708358, 0.049280949235861474, 0.40014], [-0.00021390288783504138, -0.0006649895597863682, 0.04506657743888714, 0.460145], [-0.00012053243627894109, -0.001543930891905669, 0.042041043275531806, 0.5200750000000001], [0.00012909678102018826, -0.0020945294835091363, 0.036500816317668924, 0.580085], [-1.703138422926417e-05, -0.0013937276835638943, 0.03018881565677362, 0.6400399999999999], [0.00010765768049491162, -0.0015071696499775553, 0.023748088478227052, 0.70001], [-1.001425625431172e-05, -0.0005458828636935957, 0.017637447652396932, 0.7601800000000001], [2.2896255613105923e-05, -0.0006633424293783469, 0.012909685079645001, 0.820195], [2.595823831135556e-06, -0.0002390930302758979, 0.007335881398139596, 0.88002]]}}