{"cdf_smooth": {"x": [3.0837508268252045, 5.632239843665752, 7.637476095389591, 9.554834752530407, 11.57604586471233, 13.884874963200005, 16.944649399726025, 21.17083186799998, 28.328958165008235, 58.43148890587398], "c": [[-0.003806882732580928, 0.025098740608365276, 0.0, 0.05], [0.0010322828630429735, -0.004006655888781992, 0.05375294625012832, 0.15000000000000002], [-0.0006000811646368801, 0.002203257168239139, 0.05013670575938341, 0.25], [7.655586984814708e-06, -0.001248455279771838, 0.05196740342609055, 0.35], [-0.00017392791636070587, -0.0012020346073198824, 0.04701444603601131, 0.45], [0.00014567582459524875, -0.0024067441103186775, 0.03868239272272439, 0.55], [7.63301272068873e-06, -0.0010695386179695042, 0.028045751696571274, 0.6499999999999999], [2.9639381085815416e-05, -0.0009727631043486432, 0.019414611962784614, 0.75], [3.752513480484781e-06, -0.0003362758048163698, 0.010044346123283532, 0.8500000000000001]]}}