{"cdf_smooth": {"x": [7.121751728626225, 15.488910504548487, 20.280577133888286, 24.13778018095011, 27.759692843835612, 31.371751731845404, 34.956174581461234, 38.70155871897814, 42.49091154269925, 46.35881371670879, 50.59385760324627, 55.13556534477878, 60.14672721028737, 65.7620358196041, 72.49349530180012, 80.44929270338267, 91.01690551260015, 105.40549435653996, 130.19605423969142, 258.1326412579485], "c": [[-3.581652101329095e-05, 0.0010138728779781373, 2.8962339998445493e-18, 0.025006], [1.9179918771218323e-05, 0.00011482532362005301, 0.009443997062869972, 0.075006], [-2.7325494265049262e-05, 0.00039053665380853815, 0.011865523185851722, 0.125005], [-9.272119924655305e-06, 7.433671458367973e-05, 0.013658634158912091, 0.175015], [8.20813546757783e-06, -2.6411711117027122e-05, 0.013832214335836797, 0.22502], [-1.870898857382351e-05, 6.253309489193221e-05, 0.013962686901148153, 0.275025], [1.2680014303294984e-05, -0.00013864968351971177, 0.013689852861635933, 0.325015], [-3.14139946823669e-07, 3.824889785437429e-06, 0.013184882217839582, 0.37500999999999995], [-1.8428833869222526e-05, 2.5372850181739584e-07, 0.013200337541563275, 0.42501], [1.8976632119242152e-05, -0.0002135890512598614, 0.012375177382874409, 0.475005], [-1.6308807633935085e-05, 2.7511558271140093e-05, 0.011587131033770307, 0.525025], [4.881236779089632e-06, -0.00019469795538748172, 0.010827819279708085, 0.5766899999999999], [1.503078131251942e-06, -0.00012131595257580602, 0.00924422243515212, 0.626675], [1.1372110374459662e-06, -9.59952098631213e-05, 0.008023953193808182, 0.675025], [-3.525746636951543e-07, -7.302993979930134e-05, 0.006886167247383469, 0.725035], [8.111500394712479e-07, -8.144497757917054e-05, 0.005657196101094144, 0.77502], [3.3448269316065064e-07, -5.572921893722991e-05, 0.0042075923048933185, 0.826665], [3.7313709127562034e-07, -4.1291017095323206e-05, 0.002811608019078919, 0.876665], [4.0980093235252264e-08, -1.3540184877643562e-05, 0.0014523118231029141, 0.9266749999999999]]}}