{"cdf_smooth": {"x": [0.365572331009662, 0.6209955720345015, 0.8308622647209561, 0.9838082926262505, 1.0943076322508025, 1.1923430493447735, 1.296663045656774, 1.3942880757837326, 1.4884964006045711, 1.595522659541155, 1.7183284845075826, 1.8589467123287695, 2.0329049197377964, 2.264777517902267, 2.5961384850174074, 3.128934267113017, 5.545943875834837], "c": [[-0.5805235963779566, 0.685908665696224, 0.0, 0.005009], [-0.03162559322458013, 0.241071010261463, 0.23677215319726808, 0.0400845], [1.0595552067975331, 0.22115953429859195, 0.33377894884274606, 0.10010050000000001], [-0.8935783000051652, 0.707323814976757, 0.47578678909061495, 0.160115], [-2.9672921269928727, 0.41110437881655604, 0.5993723659222565, 0.22011999999999998], [2.636554010491466, -0.46159478511165064, 0.5944225178818727, 0.28003500000000003], [-0.4908441641149662, 0.36354112884093426, 0.5841935608213329, 0.340015], [-2.7166477013872457, 0.21978509991283973, 0.641140801477265, 0.400055], [0.797509628105973, -0.5480073873153783, 0.6102195296122078, 0.46013499999999996], [0.2290576550553456, -0.2919439714291117, 0.5203226779970845, 0.520145], [-0.17336574170957925, -0.2075551285472675, 0.45898127895449686, 0.580065], [0.11850675509330014, -0.2806902786395905, 0.39032507505404745, 0.64002], [0.11589197015294211, -0.21884461059391755, 0.3034268811847196, 0.70005], [0.05644839619746908, -0.13822809391663188, 0.22063150545624435, 0.7600849999999999], [0.030771420163020764, -0.08211370844835583, 0.14761883272868884, 0.82007], [0.004157022825454453, -0.0329290598325081, 0.08632453102804197, 0.880065]]}}