{"cdf_smooth": {"c": [[0.0266425, 0.040109500740652726, 0.05328723133052656, 0.0616735], [0.0616735, 0.07901521975764672, 0.08473291829572069, 0.100046], [0.100046, 0.11614237848043187, 0.13800866127730022, 0.160445], [0.160445, 0.17840336830568962, 0.20008341024224618, 0.220725], [0.220725, 0.24027826287784487, 0.26043492931771456, 0.281], [0.281, 0.3004446690699878, 0.32123954634312274, 0.340715], [0.340715, 0.3609151569900567, 0.38122308807277994, 0.40002000000000004], [0.40002000000000004, 0.4210400824649152, 0.4406642224106825, 0.46002], [0.46002, 0.4808506261603011, 0.5020408649437841, 0.5205150000000001], [0.5205150000000001, 0.5422824644854322, 0.5617907302856426, 0.580505], [0.580505, 0.6016651317327173, 0.6221799391168457, 0.64001], [0.64001, 0.6621910819467084, 0.6825843456415085, 0.7000299999999999], [0.7000299999999999, 0.7228395514880029, 0.7432941918180745, 0.76006], [0.76006, 0.7837086363345946, 0.804186204285161, 0.8201], [0.8201, 0.8448182060131225, 0.8703687684849726, 0.8800600000000001], [0.8800600000000001, 0.9249549438784354, 0.9550000000000001, 0.9550000000000001]], "x": [0.0, 0.3631217189874265, 1.1140105035927834, 1.90330885040051, 2.5350746028360507, 3.133530534746589, 3.699382105536247, 4.286289643835616, 4.942612602739728, 5.648945279598943, 6.4811937941652555, 7.42221305227025, 8.592866670014097, 10.123453222965514, 12.28238790577971, 15.63576715073982, 31.170405114155262]}}