{"cdf_smooth": {"c": [[0.041767, NaN, NaN, 0.083534], [0.083534, NaN, NaN, 0.10702199999999999], [0.10702199999999999, 0.10702199999999999, 0.14181399782027337, 0.160275], [0.160275, 0.17939999765679215, 0.1976146378113581, 0.22007], [0.22007, 0.23781062548257453, 0.25936658773605475, 0.28035], [0.28035, 0.2994986282265455, 0.32008905556673606, 0.340375], [0.340375, 0.3600150043480477, 0.3813354866463522, 0.400115], [0.400115, 0.42145511031113286, 0.4409840830327467, 0.460545], [0.460545, 0.48153340084528645, 0.5023911514102244, 0.5217], [0.5217, 0.5426227993769165, 0.5630505656694941, 0.58124], [0.58124, 0.6025711740271189, 0.6215466632589536, 0.640055], [0.640055, 0.6612608768750691, 0.6826702303305963, 0.700155], [0.700155, 0.7229325206008225, 0.7429151543294183, 0.7601549999999999], [0.7601549999999999, 0.7831613115298329, 0.8040538602838773, 0.820075], [0.820075, 0.8446443625809255, 0.8715056475344792, 0.88011], [0.88011, 0.9279117605028149, 0.9550449999999999, 0.9550449999999999]], "x": [0.0, NaN, 0.6059966126684336, 1.6779741141222682, 2.7885079304257387, 3.6658736284388103, 4.466522701080019, 5.24167770161078, 6.12252551209675, 7.067654360663632, 8.091782816172463, 9.292802150454081, 10.668866811676217, 12.461474993635758, 14.853683315747585, 18.522275855136343, 38.903261252119684]}}