{"cdf_smooth": {"c": [[0.01897906733929111, 0.2932345468049094, 0.0, 0.0051595], [0.06393845524554802, 0.31270457491905773, 0.20720462750741434, 0.0402075], [0.4510459436816989, 0.35406589421198453, 0.3509809415837695, 0.10006799999999999], [-2.4568736840113754, 0.5511556155754795, 0.4828299306837668, 0.160095], [0.3331441683620707, -0.310761132805905, 0.5109415415581847, 0.220165], [1.2541556449573956, -0.18520339621094076, 0.4486339986497517, 0.28010999999999997], [-1.924640443762966, 0.3202243313977934, 0.4667719186985871, 0.340075], [0.9258918087069565, -0.407072657279172, 0.4558322951289217, 0.400105], [-0.36271506988855906, -0.006340660394344395, 0.3961896375411519, 0.460175], [-0.04691344505748958, -0.17529482896651336, 0.36798745200969013, 0.52018], [0.21831700392855466, -0.2004784254752432, 0.300747864957146, 0.5801449999999999], [-0.09271144585004311, -0.05288817522847068, 0.24365284665939171, 0.640235], [0.08038291688310566, -0.1277192356945943, 0.19506106109829383, 0.7001550000000001], [0.005145080177652585, -0.03646622313593358, 0.13293170029393564, 0.760035], [0.004546254944722703, -0.028430162848824492, 0.099144648574497, 0.820085], [0.0017113733042833175, -0.018264653835329138, 0.0643411611870534, 0.88007]], "x": [0.46303445672101073, 0.8049906369357709, 1.0206215335226123, 1.1662753736870526, 1.2832148747544037, 1.4088439051851593, 1.5431780365828898, 1.6691404366481175, 1.8134092713421923, 1.9686773064090184, 2.1476139025018783, 2.3729593826842525, 2.642005848234866, 3.0204154908846945, 3.5410462040861055, 4.286385619868726, 7.492087556747774]}}