{"cdf_smooth": {"x": [0.6934160823160437, 1.2160604054051285, 1.6283309909848465, 1.9336090156153865, 2.2398423713273035, 2.544075682191781, 2.8694745688314987, 3.1517379527271916, 3.454484179416252, 3.7716413948194765, 4.182061787050637, 4.647084161848646, 5.14417752804377, 5.81002787198788, 6.5569126481048645, 7.876585954176911, 14.145368837447815], "c": [[-0.06683002121716242, 0.16361069561828445, 0.0, 0.005071], [0.02964081340045517, 0.05882570201506547, 0.11625512047145661, 0.0402215], [-0.1385085957483252, 0.09548580850805977, 0.1798732172765163, 0.1002255], [0.06402879227293126, -0.031365083005136074, 0.19944786569592587, 0.160095], [-0.1003637518280119, 0.02745817275462805, 0.19825143945944718, 0.22007], [0.17045028196748832, -0.06414381677362221, 0.18709044451835288, 0.2801], [-0.19766183505862722, 0.10224917916531763, 0.19948988701561354, 0.34006000000000003], [0.0896457747494326, -0.06512891612672364, 0.20996757807198532, 0.40007000000000004], [-0.11087135535807266, 0.016290844005300825, 0.19518203601845635, 0.460155], [0.06522266195247865, -0.08920010699474232, 0.17205833719162375, 0.52016], [0.0059071871544656, -0.008893975492052536, 0.1317985253818377, 0.58026], [-0.026726727844653148, -0.0006530528952148947, 0.1273589435689266, 0.64022], [0.023129370106116494, -0.040510090230253454, 0.1068970181895158, 0.7000850000000001], [-0.013691595335817975, 0.005692006890851476, 0.08371338542250026, 0.76013], [0.005267934961745907, -0.024986125460378848, 0.0693029019943243, 0.820125], [0.00017731942744716913, -0.0041302660189596295, 0.030878777389897735, 0.880175]]}}