{"cdf_smooth": {"x": [2.156426356637961, 3.605058677308709, 4.845668188696289, 5.762871973159242, 6.565927783192392, 7.2879106972746746, 7.9766728976073775, 8.744364080973213, 9.640637575144128, 10.546101414776553, 11.607879474141933, 12.763543448228752, 14.200896801211961, 16.0572279176399, 18.44189625765665, 21.482749336255456, 35.36740592317822], "c": [[-0.003983919254034489, 0.022527680924026447, 2.237253169579947e-17, 0.0052645], [0.0011331367698724797, 0.005213978341015894, 0.04018746424037545, 0.0404285], [-0.0019803737492540166, 0.009431319104236315, 0.05835655954805553, 0.10047400000000001], [0.0010108496350756991, 0.003982100211835663, 0.07065939850734526, 0.16040500000000002], [-0.00099529037922201, 0.006417406229387879, 0.07901078257644704, 0.22024], [-0.005789757454905247, 0.004261658284341606, 0.08672088469374212, 0.28025500000000003], [-0.0006785135460363739, -0.007701639967757971, 0.08435155534036803, 0.340115], [0.004963487721301612, -0.009264306569017203, 0.0713269477666296, 0.40002499999999996], [-0.004693660045839285, 0.004081620880719115, 0.06668184395558903, 0.46008499999999997], [0.002794868396674609, -0.008668197460385697, 0.06252886471499597, 0.520325], [-0.001543046957081695, 0.00023439236682265443, 0.05357403550968678, 0.58029], [0.000564435832518172, -0.005115338969048182, 0.047933301362053295, 0.640135], [0.000173299860191854, -0.002681457759806553, 0.03672654944130538, 0.70014], [0.0001292387688751481, -0.001716351990966307, 0.02856275835681553, 0.760185], [-4.592209224468984e-05, -0.0007917771896483873, 0.022581702107131525, 0.82029], [2.9615184598250792e-05, -0.0012107041963822778, 0.016492450419583377, 0.880345]]}}