{"cdf_smooth": {"x": [2.5208738703776796, 4.198304605680429, 5.399400036607386, 6.244719564691545, 7.034447065320499, 7.814187678276456, 8.531445291982669, 9.274867255752444, 10.081970684058545, 11.011644821313757, 12.017725451424411, 13.268810081676834, 14.673922258176448, 16.339608642088816, 18.84518812481174, 22.494880789361673, 38.39441486294501], "c": [[-0.0012732760034935794, 0.014624042657189713, 3.4662827242055526e-17, 0.0052235], [0.001229204080594056, 0.008216545748838977, 0.03831350500467218, 0.040362499999999996], [-0.004426888230612668, 0.012645719963473799, 0.06337107703051525, 0.10036400000000001], [-0.001036467121167523, 0.0014193147535253416, 0.07526052553997628, 0.16029500000000002], [0.0038400388169345322, -0.0010362650137258366, 0.07556303045360474, 0.220105], [-0.005625911551478421, 0.007946437648947636, 0.08095117269982416, 0.280215], [0.00042205661398361777, -0.004159246034059214, 0.08366756472016716, 0.34029], [-0.00198893768371266, -0.00321794756369018, 0.07818319696861858, 0.40036499999999997], [0.003050749705993094, -0.008033782833325273, 0.06910188679081149, 0.460325], [-0.0027422624226383827, 0.000474826469376864, 0.062074520554607965, 0.5200750000000001], [0.001927227590920211, -0.007801984848913504, 0.05470280843520318, 0.5802149999999999], [-0.0003698992451179843, -0.0005686103949174595, 0.04423048537958222, 0.640215], [-0.00031468809856274036, -0.002127860195097341, 0.04044164171997932, 0.700215], [0.0003843101292513814, -0.0037003752379630352, 0.03073362931689506, 0.7602199999999999], [1.6406874012364529e-07, -0.0008116165133984668, 0.019428475358468603, 0.82004], [1.614059617303098e-05, -0.0008098201119665315, 0.01351073000084137, 0.880145]]}}