{"cdf_smooth": {"x": [0.5146639888152178, 1.0543452810399612, 1.4910120190833918, 1.8671087691750046, 2.225772898209344, 2.6182733510447846, 3.0524367197223308, 3.554554999233756, 4.157509924033008, 4.885077272727269, 5.815286307531173, 7.092573578764258, 8.963314404676847, 11.767941636829326, 16.591669234348107, 25.692741158665324, 63.61513629147424], "c": [[-0.04984638492206947, 0.14714078692310256, 0.0, 0.0050215], [-0.03617010645742224, 0.06643730264067915, 0.11526409936667377, 0.040042], [-0.0009662555409038536, 0.0190544554363402, 0.15259550649576406, 0.1000305], [-0.04421454182379962, 0.017964238730264443, 0.16651811706445935, 0.160065], [0.013688419183254611, -0.029610271671391596, 0.16234110280292466, 0.22006], [-0.006650490533165142, -0.013492139487305006, 0.14542338690483678, 0.280045], [0.002344892135629938, -0.02215433760701622, 0.12994699232807924, 0.34009500000000004], [0.003709863458525134, -0.01862209799266897, 0.10947239864015683, 0.400055], [0.00019891963392195506, -0.011911456664717445, 0.0910620414878586, 0.460105], [0.0012283229863570807, -0.011477274372749945, 0.07404516445760527, 0.52013], [0.0008331171660145337, -0.008049482954049938, 0.05588119837179269, 0.580065], [0.0004993006901935971, -0.004857093099261484, 0.03939579306369624, 0.640045], [9.308935747032152e-05, -0.002054906542606999, 0.026465233144959667, 0.700015], [6.172300804712096e-05, -0.0012716637016524776, 0.01713544364824142, 0.76013], [1.0252646324717812e-05, -0.0003784587696961619, 0.009175702343911083, 0.820125], [6.115143612103194e-07, -9.852855484863179e-05, 0.004834606396241277, 0.880015]]}}