{"cdf_smooth": {"x": [0.20089135995476132, 0.37080803633023735, 0.5063221157407906, 0.617135216303286, 0.7286134950998162, 0.8332248466114818, 0.9457087346961146, 1.0781570506102864, 1.2303862369755694, 1.4035945300440789, 1.6135632568139393, 1.884931343250878, 2.24339845047383, 2.766321980786753, 3.5143109084931523, 4.747719746701991, 12.384073849639377], "c": [[-1.6962773357662329, 1.5023049237651904, 0.0, 0.0050145], [-0.3991159014693728, 0.6376275024518526, 0.36361020553090867, 0.040067], [-2.1100302666557917, 0.4753700305546443, 0.5144370416025013, 0.1000575], [1.7660505748881443, -0.22608695783186813, 0.5420608718086581, 0.16003], [-2.026299125713826, 0.3645418772365875, 0.5574955879148088, 0.22009499999999999], [-0.31045967212082226, -0.27137979308689886, 0.567241399447351, 0.280085], [0.4757488990520458, -0.37614492612778505, 0.4944053013991726, 0.34001499999999996], [0.12180149444752783, -0.18710850469539123, 0.4198033330537635, 0.400005], [-0.07088517714009467, -0.1314832775019235, 0.37130436526720084, 0.460005], [0.04067213816035882, -0.16831697911080748, 0.31937647455780854, 0.520005], [0.0791127902807856, -0.14269734791719244, 0.2540731923045545, 0.58002], [0.010213336610719055, -0.07829128838364129, 0.19410392894728856, 0.6400399999999999], [0.02917236873703162, -0.06730785269382539, 0.1419114260311027, 0.70003], [0.00156077283061188, -0.02154309855114852, 0.0954491729344195, 0.760005], [0.0033317692725446596, -0.018040776163260382, 0.06584087293232424, 0.8200000000000001], [0.000289819751259624, -0.005712475160372726, 0.03654340281355937, 0.880015]]}}