{"cdf_smooth": {"x": [1.1347844937534246, 1.6758009174345205, 2.1008832083079456, 2.544985416657534, 3.0626898068712336, 3.677318103353425, 4.488226637556167, 5.667172731156158, 7.794435154487677, 16.30838846192877], "c": [[-0.3891939863666069, 0.5522085107800844, 0.0, 0.05], [0.07345517176298992, -0.07947250508666862, 0.2557579431455382, 0.15000000000000002], [-0.046370295496288134, 0.014200972981869075, 0.22801217074961183, 0.25], [0.017173729025377105, -0.04757847891330443, 0.21318914665625988, 0.35], [-0.005784905582247882, -0.020905734174970055, 0.17773456888012973, 0.45], [0.005232615659462662, -0.03157243416495215, 0.14548000167085773, 0.55], [0.0017544530713251947, -0.01884291608156867, 0.1045977639011337, 0.6499999999999999], [0.001416202121759517, -0.012637699297038622, 0.06748381537640082, 0.75], [0.0001303888135683399, -0.0035997986246544414, 0.03294239619865951, 0.8500000000000001]]}}